"42_046. Meghan Trainor - NO_clean_sample1.wav",139,16,19,0,31,10,12,15,18,4,13,15,13,21,10,13,23,36,12,21,11,11,0,27,14,12,12,45,1060,1,31,2,0,20,24,11,7,16,0,8,21,1,16,12,15,9,3,19,2,18,22,26,11,1,4,8,15,28,10,21,13,18,11,8,2,8,10,25,12,6,35,4,20,9,0,11,13,0,1,16,9,6,12,2,18,11,0,18,8,7,13,9,10,7,9,7,0,7,1,20,16
"37_063. Bastille - Pompeii (Official Music Video)_clean_sample2.wav",179,224,268,1,201,136,57,70,295,47,81,269,142,362,130,88,74,133,48,84,63,2,0,5590,93,115,107,101,133,3,114,1,1,39,80,161,92,203,0,108,169,4,69,65,112,258,2,93,0,105,92,265,45,2,49,103,259,93,105,310,239,49,55,125,1,139,100,66,89,114,75,28,160,74,0,58,106,2,25,113,70,37,93,1,174,64,0,193,70,49,135,100,132,71,146,56,2,166,0,215,100
"53_102. What_clean_sample1.wav",122,41,60,1,32,42,20,14,28,9,31,12,24,31,11,36,24,39,29,38,21,0,2,53,20,10,13,82,26,4,14,4,1,44,31,21,37,36,1,9,23,0,30,23,39,42,2,36,0,19,52,22,26,0,17,17,36,28,20,52,30,1170,40,18,1,24,10,5,38,18,26,12,75,27,0,24,17,10,20,49,39,5,13,1,22,48,2,18,12,12,8,46,41,30,7,58,2,27,1,46,19
"47_020. Warriors (ft. Imagine Dragons)  Worlds 2014 - League of Legends_clean_sample2.wav",126,32,29,3,28,23,13,15,41,8,13,30,17,39,20,23,29,10,29,25,10,1,1,72,35,25,24,17,34,2,18,1,1,11,33,32,29,22,1,15,24,2,21,18,20,32,92,16,0,70,17,36,23,2,13,18,20,13,18,29,20,22,19,23,1,17,12,21,22,1893,19,8,38,20,2,8,15,14,15,23,10,5,20,3,27,27,19,22,14,17,24,20,13,16,13,14,4,18,2,38,14
"61_045. The Black Eyed Peas - I Gotta Feeling (Official Music Video)_clean_sample1.wav",122,45,28,2,37,28,36,12,37,5,38,26,28,123,19,22,46,30,10,55,22,32,0,48,39,18,11,12,13,1,24,2,5,21,21,25,15,31,2,19,26,2,12,27,24,16,11,53,1,25,18,22,8,3,12,43,15,32,30,36,45,17,15,16,3,9,30,12,35,18,30,4,67,35,5,22,13,2,11,19,14,4,25,3,19,1518,2,11,16,26,30,31,15,28,20,47,6,17,6,28,37
"92_025. Fall Out Boy - Immortals (From Big Hero 6)_clean_sample1.wav",116,0,1,33,4,3,0,4,0,3,1,5,3,11,3,3,1,3,3,3,0,2,0,4,0,2,2,391,4,1,2,12,14,4,0,1,2,0,0,4,0,0,2,11,26,0,3,17,0,10,1,0,14,33,1,0,2,4,1,4,0,0,0,6,8,4,1,3,4,0,3,0,0,3,0,3,0,1,2,4,0,1,0,10,2,0,6,6,0,1,5,2,4,1,3,0,2,2,4,2,3
"87_079. twenty one pilots Heathens (from Suicide Squad The Album) [OFFICIAL VIDEO]_clean_sample1.wav",119,33,21,50,70,16,52,8,32,4,18,20,14,20,23,27,43,20,13,33,12,0,4,32,44,20,18,25,26,2,22,2,1,51,16,28,20,14,0,11,19,1,43,19,18,18,3,14,1,20,40,28,24,21,14,30,54,11,22,18,18,8,28,7,1,19,13,18,29,8,13,3,24,31,0,699,9,0,10,16,10,6,38,2,26,10,9,25,12,9,6,54,13,45,22,10,0,24,1,34,18
"70_You and Me_clean_sample2.wav",118,327,3,16,27,2,1,9,4,0,1,12,4,2,29,4,2,1,2,2,3,0,7,0,59,11,0,1,1,1,1,44,141,5,60,0,2,0,21,6,1,5,2,1,1,1,77,3,7,39,0,0,30,42,13,6,4,9,2,4,3,6,0,7,1,109,0,1,1,7,2,10,566,20,3391,2,0,69,0,2,1,1,4,91,5,10,1,1,1,0,3,2,1,1,4,1,111,11,49,1,15
"60_057. Get Off The Phone Song_clean_sample1.wav",117,31,25,0,44,61,23,7,38,9,34,35,15,37,33,23,31,44,25,33,14,3,1,60,35,20,28,31,42,9,55,5,16,34,40,44,22,36,0,27,30,3,43,1611,49,31,11,36,2,28,28,73,14,9,32,26,36,90,32,35,46,30,40,23,72,26,20,22,25,21,36,11,30,41,1,6,31,0,16,45,8,9,22,12,17,22,9,49,27,18,33,80,24,23,12,44,0,27,3,38,37
"30_Cannibal_clean_sample2.wav",119,508,6,16,23,2,1,0,1,0,0,0,4,3,11,11,4,1,8,212,1,0,0,20,3,3,0,0,4,10,2,44,123,0,6,33,13,0,64,1,3,12,2,1,5,0,83,4,2,118,1,40,12,86,2,3,3,3,2,6,8,0,0,1,1622,32,0,0,0,25,2,11,24,39,54,18,0,73,0,24,8,4,0,3403,2,0,3,4,0,1,2,3,3,0,0,10,199,2,104,3,2
"100_059. Nilla Wafer Top Hat Time  Song - Rhett & Link_clean_sample2.wav",121,50,120,22,64,83,116,31,37,12,30,40,78,41,108,147,74,76,88,116,57,2,4,82,69,29,36,133,28,9,59,1,2,35,118,36,88,311,7,20,111,6,34,199,96,96,0,149,1,163,37,35,252,3,29,33,87,32,22,55,42,26,26,227,6,55,69,24,50,84,47,6,52,52,0,27,40,0,33,89,27,10,37,0,55,45,2,68,1960,124,27,70,39,26,19,164,1,60,0,48,60
"39_051. Galantis - No Money (Official Video)_clean_sample1.wav",119,53,146,0,42,49,88,25,65,15,35,96,36,131,34,119,132,48,74,72,23,0,0,98,183,31,68,48,54,0,129,0,1,16,148,40,117,157,1,27,178,1,96,45,78,213,0,96,0,119,72,23,55,1,4,28,130,58,122,63,57,34,36,1618,2,58,96,26,68,66,61,22,69,70,0,48,10,1,49,80,74,2,52,0,27,82,0,119,104,34,9,74,13,33,28,32,0,79,0,173,28
"31_058. Rub Some Bacon on It_clean_sample2.wav",115,22,86,0,80,39,22,10,36,5,11,17,22,18,24,23,21,63,45,13,19,1,0,56,24,27,14,65,33,2,30,1,0,1221,21,13,24,36,0,20,19,2,34,89,28,15,1,39,0,42,36,60,15,3,9,7,23,15,14,25,38,18,17,22,0,13,19,28,22,13,16,6,21,25,8,11,22,6,13,65,9,4,10,0,36,9,1,44,15,12,25,39,23,21,16,20,1,24,2,36,20
"3_100. Owl City & Carly Rae Jepsen - Good Time (Official Video)_clean_sample2.wav",121,60,57,42,144,73,66,70,89,22,31,85,75,201,75,56,225,66,58,63,189,0,0,115,74,40,30,38,146,3,52,7,1,77,70,28,104,73,0,28,136,2,2507,87,81,154,2,64,0,60,43,67,26,1,27,62,68,124,21,146,64,42,108,23,0,104,38,38,67,121,127,6,105,89,1,26,119,8,38,179,78,13,85,2,252,93,1,57,46,55,66,140,198,13,58,150,0,40,0,143,122
"17_084. Thomas Rhett - Crash and Burn_clean_sample2.wav",120,58,67,12,49,58,34,28,132,13,24,28,39,63,26,32,2290,76,27,26,16,0,1,67,102,60,38,18,25,5,110,4,8,42,73,47,40,90,2,51,28,2,22,27,31,40,32,28,1,43,22,69,36,44,24,29,38,12,32,49,49,11,19,23,1,53,22,25,38,41,65,6,23,36,2,14,35,4,46,28,81,8,35,4,23,20,0,53,16,51,38,63,52,19,30,35,4,34,5,76,32
"43_098. Nightcore~ The Wolf_clean_sample1.wav",116,170,339,11,99,166,9,14,45,16,4,28,40,57,103,15,44,27,16,54,0,0,0,51,144,27,30,147,64,9,90,0,0,144,199,40,40,24,10,11,41,0,176,25,67,49,5,31,0,84,36,38,62,1,128,18,99,13,55,115,98,48,54,67,0,34,2,11,20,19,34,6,35,15,3,28,44,0,3,157,272,6,30,1,78,24,0,282,58,22,0,143,47,31,86,1279,1,74,2,76,22
"13_030. Maroon 5 - Animals_clean_sample1.wav",137,65,105,34,139,92,106,44,101,13,50,104,56,111,62,72,109,80,31,52,54,15,0,148,131,50,46,70,127,3,147,11,25,93,58,68,72,116,1,66,4164,8,136,46,108,200,0,103,0,92,80,129,53,1,17,50,80,217,50,94,259,124,48,39,51,39,73,21,79,69,64,70,139,153,0,69,38,0,40,75,110,14,77,1,68,44,10,55,55,35,89,110,70,44,52,82,0,82,0,113,76
"7_092. Harry Potter Medley on Marimba_clean_sample2.wav",119,22,0,2740,0,17,13,16,1,0,0,1,2,0,7,4,8,4,7,7,0,1,3,5,3,4,5,0,4,1,5,4,24,1,2,12,2,1,3,0,6,4,1,0,4,0,61,7,4,0,0,18,6,172,13,0,0,2,5,4,9,27,5,2,48,22,0,0,4,4,0,72,4,0,4,8,0,25,0,5,0,3,16,7,4,3,0,10,0,1,6,2,0,0,6,0,19,6,2,1,7
"71_083. My Singing Monsters - Plant Island Theme_clean_sample2.wav",125,4,1,349,12,3,0,0,3,0,0,0,1,0,2,0,0,1,0,3,1224,17,9793,5,0,0,0,0,0,2,0,13,3,7,0,4,2,0,98,0,0,8,0,0,2,0,71,0,4,0,0,0,0,2,6,2,1,0,0,7,0,2,0,0,4,36,0,0,1,91,0,0,3,4,1,150,10,1,0,2,6,1,2,3,0,27,6,4,2,1,0,0,1,0,1,0,40,9,5,1,0
"99_080. Melanie Martinez - Carousel (Official Music Video)_clean_sample2.wav",122,12,20,168,30,34,15,13,48,5,10,16,27,61,17,8,13,6,30,26,45,0,0,35,24,24,22,12,26,24,40,7,6,80,10,28,59,15,2,31,15,0,15,4,27,25,9,23,0,15,7,23,5,2,41,15,89,14,9,24,16,4,30,8,1,24,5,1845,14,18,26,6,11,28,0,11,14,5,9,19,9,2,18,0,33,37,18,30,40,14,28,48,10,12,10,37,0,20,0,17,45
"94_Banana Man_clean_sample2.wav",136,37,99,1,163,70,50,34,59,10,15,51,25,60,23,33,28,28,19,24,23,0,14,70,60,4262,24,68,31,3,30,0,1,32,17,68,19,82,3,19,41,2,34,21,47,43,6,22,2,33,42,63,41,1,14,23,42,13,45,50,69,28,36,49,1,24,37,13,42,46,33,21,18,23,0,32,24,1,34,47,23,6,75,1,39,18,2,41,33,39,34,25,62,23,33,34,0,57,0,43,29
"78_026. Katy Perry - Firework (Official Music Video)_clean_sample2.wav",128,17,26,0,47,23,17,12,17,9,6,17,14,50,24,15,21,27,42,27,15,1,0,21,28,14,34,36,15,1,26,2,0,19,27,20,25,13,0,14,18,0,30,21,24,17,0,776,0,35,27,22,12,36,10,32,20,10,8,38,24,15,21,12,0,18,9,20,51,13,34,2,26,35,0,7,19,0,6,42,9,6,24,0,24,10,2,22,13,17,30,22,21,18,12,28,0,36,1,22,14
"6_043. Wintergatan - Marble Machine (music instrument using 2000 marbles)_clean_sample2.wav",150,30,73,3935,135,47,90,253,30,4,23,72,417,34,60891,528,13,12,222,18809,11,1,2,25,66,79,31,42,126,5,24,3,19,15,135,63,26,41,1315,2448,18,1,34,9,74,113,323,51,0,2901,9,28,56,49,415,16,47,13,222,54,33,6,110,86,1,176,60,11,28,77,507,1898,143,59,33,13,53,22,14,27,28,28,38,7,147,9,0,74,89,50,6,38,99,64,48,97,4,174,4,12,143
"66_Cruel_Summer_clean_sample2.wav",122,1,0,1,0,0,2,0,0,0,0,0,0,0,3,3,0,0,1,0,0,1,0,1,1,1,0,0,16,2,4,2,12,2,0,0,1,1,0,0,4,4,1,2,4,14,24,1,822,1,3,0,0,21,0,13,2,2,0,14,1,6,0,0,1,0,0,0,0,1,1,0,3,2,4,3,0,13,0,3,0,0,0,15,0,0,5,4,0,3,0,0,3,0,0,0,3,3,0,2,0
"98_021. Alan Walker - Faded_clean_sample1.wav",159,102,118,76,120,74,52,45,116,21,80,113,66,94,83,69,123,64,34,61,80,0,0,146,71,55,22,85,263,4,81,0,1,41,65,48,73,78,1,50,79,4,68,55,89,119,2,92,0,59,71,4073,43,30,53,75,113,21,51,98,93,64,29,77,6,47,45,25,74,51,91,16,83,59,1,25,33,3,26,76,42,19,63,7,80,41,1,50,19,27,84,83,85,39,38,23,1,112,0,86,62
"4_003. Lorde - Royals (US Version)_clean_sample1.wav",122,18,48,11,86,46,24,21,16,7,20,19,32,19,45,14,22,82,1859,25,14,0,1,40,36,48,12,24,46,15,38,2,77,42,11,13,38,47,3,9,48,2,28,51,77,33,1,19,10,58,38,27,35,1,9,7,37,14,21,40,28,10,16,44,3,16,32,12,68,31,16,14,26,40,2,8,8,20,11,54,8,12,18,55,19,38,1,52,62,13,4,81,29,11,10,15,4,51,0,49,32
"62_061. LEFT SCREEN ONLY Spot the Differences_clean_sample1.wav",118,49,17,0,49,29,5,21,17,10,12,39,11,12,11,9,21,10,56,6,37,1,2,24,8,5,20,9,7,7,20,1,0,19,12,23,8,15,0,9,26,2,16,3,28,14,2,18,1,10,49,25,37,13,4,45,17,4,23,20,11,3,7,6,1,19,5,14,21,11,14,3,13,28,0,6,18,0,22,39,1310,3,26,2,18,6,5,20,31,2,6,10,15,31,4,5,0,13,2,24,9
"21_085. Janji ft. Johnning - Heroes Tonight 1 HOUR_clean_sample1.wav",123,786,0,142,61,5,10,0,6,0,1,0,0,24,0,1,3,0,2,0,0,4,4,1,35,0,1,96,13,31,11,45,203,0,40,1,4,0,52,2,4,4,2,2,868,2,203,308,12,42,0,85,128,272,36,3,1,15,1,15,5,0,6,1,5,9,1,3,44,53,0,6,11,24,75,0,0,111,2,21,0,5,0,81,4,3,11,84,1,44,7,5,3,4,4,3,242,4,82,0,6
"51_088. Steven Universe - We Are The Crystal Gems_clean_sample2.wav",122,45,40,8,42,29,131,17,35,31,31,58,26,70,27,31,23,54,19,38,26,0,0,54,39,17,32,25,41,4,22,1,8,39,29,47,33,22,0,9,48,0,30,14,28,41,0,78,0,22,27,28,7,1,27,31,51,31,22,27,25,6,38,77,11,14,29,44,29,21,42,7,709,24,0,14,15,0,8,18,10,4,49,3,100,14,4,26,25,17,8,41,40,39,28,10,0,55,1,51,97
"69_066. Jessie J - Bang Bang ft. Ariana Grande, Nicki Minaj_clean_sample2.wav",122,56,90,2,64,108,45,33,137,10,16,23,29,69,23,74,70,41,46,60,30,0,2,100,136,20,17,79,106,2,57,1,1,29,58,16,56,115,1,22,62,0,98,42,56,146,7,73,0,66,46,42,21,0,5,467,43,48,14,34,72,75,110,41,2,52,11,25,89,56,38,5,47,41,1,49,9,1,21,38,21,11,28,0,41,44,0,115,74,37,24,43,65,7,10,26,0,28,0,187,24
"80_077. Emeli Sandé - Hurts_clean_sample1.wav",121,39,25,12,50,89,15,22,38,9,14,46,18,234,32,38,54,20,38,69,42,1,0,127,31,51,25,21,32,1,34,2,3,13,88,29,52,17,0,30,110,0,18,36,1250,57,5,34,0,52,38,37,20,3,28,39,41,35,22,40,32,24,11,28,5,22,13,20,40,9,31,4,50,92,1,15,56,2,17,24,18,3,19,3,85,48,0,48,16,14,62,82,43,22,12,22,2,81,4,31,22
"73_Turn the Lights Off_clean_sample2.wav",119,4,1,102,8,1,8,302,1,2,0,2,106,9,0,2,16,12,0,3,0,2,0,7,30,7,2,10,17,4718,8,1,35,0,11,0,5,15,8,1,3,1,2,0,40,5,12,184,0,15,1,75,161,200,3,6,3,0,0,15,1,1,3,31,30,7,5,8,6,16,3,39,6,10,0,5,3,27,4,28,1,1,4,16,59,7,30,4,4,4,30,6,6,7,1,4,0,1,0,14,1
"39_051. Galantis - No Money (Official Video)_clean_sample2.wav",126,62,64,11,64,59,46,28,125,13,23,33,32,77,40,46,23,22,29,32,32,1,2,68,56,53,24,52,53,8,81,12,143,60,105,48,91,63,1,41,24,3,37,28,49,83,0,51,0,47,49,108,25,1,23,44,39,40,44,53,34,37,34,1639,66,38,16,24,40,50,16,12,79,31,1,19,55,2,16,73,23,22,54,11,69,38,0,40,52,21,19,39,56,41,22,30,0,44,0,69,34
"85_011. Martin Garrix - Animals (Official Video)_clean_sample2.wav",126,38,32,3,58,50,19,14,38,11,10,20,20,2800,32,18,42,20,41,60,19,0,0,57,36,16,28,24,16,3,47,85,1,49,30,23,25,19,2,38,28,2,29,49,27,29,2,29,1,54,14,19,10,1,15,22,16,37,15,35,42,7,23,27,22,18,12,31,22,15,43,6,32,25,6,18,13,1,35,11,18,6,16,14,35,73,3,83,25,50,82,30,34,12,19,56,1,33,2,21,45
"99_080. Melanie Martinez - Carousel (Official Music Video)_clean_sample1.wav",119,9,34,139,38,45,12,14,26,19,10,28,24,21,13,8,18,6,24,12,8,0,0,33,30,24,15,33,17,16,12,7,6,80,17,12,17,49,2,34,20,1,21,8,21,17,1,23,1,18,5,22,2,2,39,6,13,18,9,12,13,3,53,12,0,15,7,1928,18,12,18,6,7,17,0,6,7,5,5,21,5,1,16,4,59,8,15,23,10,18,36,38,12,10,15,33,0,24,0,26,19
"22_094. Harry Potter Puppet Pals - The Mysterious Ticking Noise (Video With Lyrics)_clean_sample2.wav",116,5,5,13,8,4,3,10,4,8,2,2,5,5,4,2,6,4,3,11,2,12,1,8,8,4,4,7,3,5,7,3,35,4,8,33,12,7,2,2,9,1,9,4,6,2,0,5,5,14,8,3,6,0,4,1,4,2,5,14,3,20,2,9,31,34,2,2,11,7,4,49,2,3,5,4,8,3,2,5,7,6151,5,9,10,2,23,9,3,4,3,4,4,5,5,4,4,6,12,6,9
"54_016. Taylor Swift - Blank Space_clean_sample2.wav",122,38,71,8,38,36,84,22,63,27,30,26,36,56,39,33,43,52,37,36,47,0,0,113,37,14,50,32,69,5,17,3,8,54,28,43,38,49,0,27,105,1,20,57,34,133,6,34,0,24,22,30,22,2,8,29,77,1682,35,25,66,24,14,38,6,46,33,15,23,83,48,9,61,96,1,24,42,5,29,26,15,11,40,2,110,42,0,53,66,45,58,73,38,30,19,76,4,44,4,28,42
"45_005. OneRepublic - Counting Stars_clean_sample2.wav",122,53,43,1,28,51,45,21,34,17,14,149,60,46,58,75,43,72,20,52,11,1,0,113,40,28,30,44,44,1,32,0,0,46,37,38,108,58,0,51,37,3,52,19,46,27,1,15,0,28,47,33,43,1,23,40,31,18,23,62,38,17,27,26,0,27,38,54,2035,48,36,5,69,29,0,27,24,4,15,24,18,8,27,0,39,25,9,56,36,22,47,61,35,16,27,40,0,22,1,48,32
"100_059. Nilla Wafer Top Hat Time  Song - Rhett & Link_clean_sample1.wav",125,38,97,3,106,52,78,45,195,20,22,142,46,127,70,96,101,31,26,23,53,0,0,75,29,38,40,56,52,9,76,9,13,77,49,37,122,32,0,35,52,2,85,42,52,59,0,110,0,72,38,59,31,1,31,94,50,39,22,36,58,30,43,57,22,62,49,38,50,41,80,6,104,116,88,20,28,2,28,79,55,13,41,23,25,48,3,30,4813,52,47,69,95,27,23,21,0,36,0,89,38
"70_You and Me_clean_sample1.wav",117,403,2,21,8,14,0,0,3,0,0,3,0,0,2,3,0,1,0,0,2,2,0,1,6,5,0,6,0,1,2,34,143,2,5,0,1,1,56,0,0,9,3,1,0,3,47,2,11,228,0,0,10,36,2,1,3,7,0,12,2,0,3,0,0,10,0,10,5,0,3,34,18,26,1795,3,0,71,0,1,0,0,1,119,0,1,0,1,0,1,0,0,0,0,5,11,120,2,64,0,0
"89_091. Faster Car - Anders Lystell feat. Kaliber [EPIDEMIC SOUND] (Lyrics)_clean_sample1.wav",120,121,40,11,21,21,17,23,18,9,10,8,25,16,26,11,21,14,12,14,6,3,0,17,24,17,23,17,8,24,16,12,32,12,17,12,23,13,12,15,13,1,12,16,19,29,22,21,0,17,15,15,795,15,9,5,16,13,6,17,27,15,14,28,0,20,10,6,11,16,29,3,10,12,12,15,14,8,7,22,13,5,12,22,17,11,3,15,19,9,18,15,24,6,6,10,32,12,22,12,18
"23_048. Pharrell Williams - Happy (Official Music Video)_clean_sample2.wav",127,79,102,12,187,199,88,28,108,14,26,54,37,153,98,78,66,97,34,75,29,0,0,94,268,77,38,54,63,6,56,0,0,174,45,69,37,105,0,208,315,1,30,83,44,241,0,58,1,100,48,62,25,0,23,49,39,360,24,44,129,16,15,43,12,26,110,25,64,103,77,11,68,115,0,41,116,0,55,97,6,12,83,0,59,53,0,74,44,30,1815,109,111,43,46,330,0,81,0,47,100
"96_089. American Boy by Estelle and Kanye West_clean_sample2.wav",122,654,2,20,68,0,1,1,5,2,1,1,2,2,0,1,2,0,0,1,0,1,2,0,2,1,0,1,0,16,1,39,141,0,2,1,5,0,21,1,2,6,1,1,3,0,67,1,0,99,1,0,25,62,2,1,0,17,0,15,2,4,2,1,0,0,1,1,0,1,0,0,5,34,36,1,0,56,3,4,0,0,1,69,6,1,1,1,0,0,0,3,1,6,5,2,187,2,2787,1,4
"103_037. Calvin Harris, Rihanna - This Is What You Came For (Official Video) ft. Rihanna_clean_sample1.wav",115,44,22,66,12,30,12,22,18,11,14,16,4,29,35,7,17,7,11,15,39,0,0,16,20,5,17,20,4,2,15,5,12,19,5,26,18,11,0,11,29,0,40,6,12,28,3,25,1,10,21,9,6,0,7,8,9,6,9,13,6,9,15,4,6,8,4,3,41,13,33,52,48,12,16,37,9,20,5,18,34,3,13,0,34,13,2,10,13,12,15,60,19,5,66,21,0,20,1,29,801
"94_Banana Man_clean_sample1.wav",117,20,16,2,26,16,12,18,25,8,10,10,10,35,12,24,15,8,18,40,6,1,0,28,30,1177,16,20,9,4,19,1,1,27,18,22,27,21,1,24,15,1,8,49,15,16,0,14,1,41,10,26,21,0,16,9,17,22,14,14,26,12,16,15,10,20,13,18,10,13,14,8,16,24,1,11,12,8,16,14,12,4,15,0,11,24,0,25,16,13,21,33,13,10,12,38,1,18,0,13,8
"77_065. Nightcore - Ghostbusters_clean_sample1.wav",111,1,3,3,2,5,1,0,2,1,0,1,0,1,2,0,0,12,0,4,0,1112,1,2,1,5,1,1,1,0,0,0,4,0,1,0,0,7,0,0,2,1,1,1,1,0,1,1,0,5,8,3,1,1,5,1,0,1,0,3,1,0,4,1,1,1,0,0,2,0,0,19,1,1,0,0,1,3,7,0,0,6,3,1,0,2,2,2,1,1,10,1,0,1,3,1,1,1,1,0,2
"15_060. My OCD (Song)_clean_sample1.wav",117,45,50,2,82,37,5,26,18,15,58,35,2492,26,46,7,49,7,52,69,89,0,0,64,23,49,25,16,30,10,47,0,3,32,30,10,116,52,0,23,32,2,24,46,89,50,13,25,1,83,79,50,64,9,4,14,48,26,18,18,60,15,25,13,3,75,33,62,36,51,16,7,12,87,0,11,132,1,26,113,16,6,18,0,31,24,2,36,35,7,29,28,9,46,9,30,0,22,2,25,34
"91_Greener_clean_sample2.wav",113,3,1,308,0,0,1,28,0,0,0,0,1,12,5,98,1,0,0,1,0,0,0,0,0,0,0,6,0,1,56,3,3,1,0,0,9,1,22,1,1,0,1,1,26,6,3,8,1,0,0,2,0,54,2,0,1,0,0,0,9,0,71,0,2469,102,30,0,32,0,0,72,4,61,1,0,1,0,0,12,102,1,0,97,0,0,5,2,41,0,6,0,3,0,1,0,2,0,1,0,2830
"57_Numb_clean_sample1.wav",120,38,5,447,14,41,9,10,3,1,0,1,129,2,3,8,2,1,1,17,3,0,4,12,3,5,2,5,7,16,3,5,4,20,2,13,29,34,0,6,8,6,2,14,7,1,17,3,1,5,1,18,10,20,1,0,1,0,0,1,2,43,6,3,1,17,2,2,14,3,50,12,5,4,11,24,0,1,1,34,1,95,3,38,1,0,5938,4,2,2,28,0,1,3,5,10,3,0,1,38,3
"82_A Lady_clean_sample1.wav",113,2,1,368,1,1,0,4,0,0,1,1,6,23,5,32,0,21,1,5,2,2,45,1,1,6,36,0,0,56,41,43,30,1,1,21,5,1,1529,0,7,0,3,0,84,4,24,4,1,21,3,7,2,13,0,1,10,1,0,3,0,0,0,1,4,19,6,0,7,12,0,17,0,1,4,58,7,34,23,2,1,9,0,13,2,2,1,2,1,2,0,11,8,0,6,6,7,9,7,12,2
"2_023. Rachel Platten - Fight Song (Official Video)_clean_sample1.wav",114,28,35,384,29,15,16,89,23,10,10,17,28,25,63,2330,32,98,13,38,11,0,1,27,20,20,178,18,11,2,260,8,86,14,22,140,20,16,32,13,11,1,46,6,117,23,2,18,19,101,15,19,9,8,13,29,29,13,22,20,19,13,12,13,0,62,23,8,25,50,10,147,22,12,7,88,7,62,17,23,10,8,14,56,25,9,29,26,7,9,18,47,44,7,17,14,0,32,3,16,9
"5_002. Avicii - Wake Me Up (Official Video)_clean_sample2.wav",120,57,3241,5,135,88,97,34,138,21,31,67,67,83,56,46,101,110,92,48,89,0,1,301,79,47,61,81,122,45,75,33,0,105,94,56,107,95,0,97,90,0,59,58,111,51,10,108,0,89,90,200,46,3,41,199,134,60,41,107,77,70,52,78,0,87,70,123,74,140,95,484,131,92,0,47,115,1,75,89,54,14,132,0,62,59,8,61,85,46,123,112,135,42,31,105,0,73,1,137,80
"34_The Trap_clean_sample2.wav",120,275,1,38,29,22,0,0,78,1,0,6,0,6,4,27,5,1,2,1,2,1,8,3,2,7,11,12,3,3,1,20,111,22,2,2,3,12,23,1,1,9,6,13,9,16,8743,184,2,22,5,16,13,32,27,0,7,3,10,15,10,2,0,3,1,9,0,0,4,10,1,10,7,11,34,0,0,82,2,6,0,4,5,164,7,10,12,9,0,1,0,2,2,1,0,9,87,0,90,5,2
"86_019. Naughty Boy - La la la ft. Sam Smith (Official Video)_clean_sample1.wav",119,19,27,1,16,13,18,7,22,4,13,18,12,32,11,24,7,12,21,20,12,1,0,27,10,9,13,17,27,2,24,2,62,14,25,41,25,10,0,8,18,1,12,8,15,23,7,22,2,15,10,52,6,8,8,12,18,7,19,34,20,2,16,19,29,10,8,12,21,14,15,25,11,11,2,8,9,1,10,14,7,3,10,0,19,9,2,532,6,8,13,16,26,20,11,7,1,28,0,15,15
"78_026. Katy Perry - Firework (Official Music Video)_clean_sample1.wav",117,27,51,1,22,48,27,15,27,4,14,30,16,56,34,22,46,66,18,27,10,2,0,38,28,11,16,33,15,16,14,1,2,46,41,12,17,31,3,18,47,1,18,29,23,31,4,1637,1,28,19,23,27,3,9,24,24,28,8,24,20,24,19,34,2,11,21,13,35,50,20,2,21,15,0,19,34,0,10,43,25,7,17,2,25,20,8,20,20,52,10,24,51,18,11,35,2,25,0,26,24
"46_032. Katy Perry - Wide Awake (Official Video)_clean_sample1.wav",115,48,54,299,38,1852,57,6,108,12,18,44,13,147,34,157,56,56,92,21,37,1,3,104,38,27,23,56,32,4,37,1,0,75,50,27,174,46,0,22,41,2,51,15,26,49,4,45,0,33,22,52,18,2,6,22,96,29,20,45,28,8,80,33,2,49,36,25,61,28,40,3,29,42,1,30,19,1,8,52,14,9,19,1,71,41,4,54,80,73,33,53,55,51,71,18,2,43,2,65,39
"104_024. twenty one pilots Stressed Out [OFFICIAL VIDEO]_clean_sample1.wav",118,6,15,159,35,21,3,10,14,9,5,18,18,19,10,20,17,18,17,30,7,1,1,52,10,7,26,18,9,0,53,2,9,23,7,12,28,8,6,15,13,1,21,15,18,11,1,13,1,29,20,28,9,44,3,14,14,8,10,13,20,12,16,23,30,38,597,2,16,17,42,33,5,14,7,14,12,12,7,28,46,5,16,51,9,10,10,14,5,16,9,39,8,4,7,6,0,31,0,19,62
"26_017. David Guetta - Titanium ft. Sia (Official Video)_clean_sample1.wav",124,58,53,5,54,37,10,26,60,20,27,65,76,35,89,100,35,37,35,19,22,1,0,61,39,29,30,44,42,6,41,0,0,25,49,28,102,28,3,46,49,2,159,22,128,31,1,24,0,42,50,117,30,2,37,106,71,21,24,858,43,24,29,32,0,56,28,38,51,64,30,7,127,41,3,26,39,0,22,48,31,13,40,0,43,16,0,56,48,11,76,57,101,17,32,39,0,42,2,50,33
"11_062. Pipe Guy - HouseTranceTechno Live_clean_sample2.wav",114,59,25,9,43,38,23,10,17,10,16,14,22,25,21,32,16,16,27,44,16,3,1,30,48,27,28,73,67,5,15,2,3,37,76,12,31,20,1,7,47,1,5,31,19,70,2,31,7,34,19,13,27,0,13,9,62,18,12,60,14,28,49,35,0,23,13,5,32,43,8,4,12,17,0,10,4,2,9,71,26,7,22,1,28,16,0,22,41,27,2,28,36,14,7,88,0,21,3,26,26
"30_Cannibal_clean_sample1.wav",120,222,1,78,24,1,2,1,0,0,2,0,6,1,2,1,5,2,0,1,3,0,1,2,1,5,0,3,13,5,6,38,173,0,2,1,3,2,17,0,0,8,1,1,3,2,127,1,11,94,2,1,30,56,0,5,2,1,2,8,2,9,1,1,0,2,1,4,2,1,0,6,90,44,85,1,1,149,0,0,1,0,0,10395,26,11,4,20,1,0,1,0,1,2,2,1,137,0,70,4,36
"69_066. Jessie J - Bang Bang ft. Ariana Grande, Nicki Minaj_clean_sample1.wav",115,42,211,0,88,65,102,21,97,25,33,60,64,83,183,42,152,151,49,92,162,0,0,58,82,11,41,99,80,0,44,1,0,72,115,24,82,93,0,8,30,0,160,61,88,201,1,52,0,38,57,64,10,1,47,566,55,21,14,172,64,2,21,66,0,58,22,101,26,40,110,3,234,87,1,33,34,0,38,37,30,8,33,0,110,13,6,102,23,50,42,55,165,18,25,40,0,70,0,87,57
"54_016. Taylor Swift - Blank Space_clean_sample1.wav",133,35,10,28,76,86,5,11,55,6,13,21,12,86,28,34,26,35,166,67,5,2,0,67,36,42,35,54,15,3,50,2,22,72,39,56,55,26,17,96,76,3,16,46,44,122,27,52,0,40,10,15,14,4,3,8,21,1694,14,38,50,13,13,71,13,20,40,6,26,59,54,15,40,111,4,5,57,1,37,60,4,4,36,8,15,53,0,52,19,28,58,74,26,19,31,152,22,75,29,72,44
"61_045. The Black Eyed Peas - I Gotta Feeling (Official Music Video)_clean_sample2.wav",131,48,25,36,50,27,44,40,66,6,14,42,25,281,46,11,35,36,38,59,100,4,258,53,27,35,17,19,61,183,48,219,6,32,37,11,83,20,4,20,23,2,37,84,57,60,2,22,2,84,58,32,12,4,20,41,30,22,16,41,43,21,17,20,2064,40,10,66,19,17,38,30,43,19,20,30,20,21,44,36,54,7,26,120,28,15428,0,66,94,34,108,107,29,12,38,33,17,26,4,49,102
"103_037. Calvin Harris, Rihanna - This Is What You Came For (Official Video) ft. Rihanna_clean_sample2.wav",117,44,10,66,8,28,5,44,17,11,14,6,5,18,35,13,16,15,6,8,15,1,0,34,9,12,21,10,4,3,35,5,18,9,13,55,19,41,0,21,8,0,40,3,21,12,2,25,1,32,44,5,5,1,3,8,23,16,9,15,21,4,15,3,2,28,16,12,27,22,18,45,19,7,0,64,15,20,3,12,26,2,12,4,39,5,2,21,22,4,59,19,56,32,66,14,0,40,0,19,696
"9_034. Pitbull - Timber (Official Video) ft. Ke$ha_clean_sample2.wav",124,46,73,0,120,44,33,36,68,17,16,76,26,61,31,30,134,51,31,59,17,0,0,93,50,34,31,40,39,1,1082,4,1,17,41,35,77,40,0,26,55,4,57,65,51,38,0,82,0,47,46,66,29,2,14,50,44,56,26,47,47,25,26,39,6,20,25,37,40,59,43,8,67,38,0,30,33,0,45,30,36,7,31,1,45,30,0,65,54,52,31,50,49,19,30,26,0,43,1,62,30
"27_022. Major Lazer & DJ Snake - Lean On (feat. MØ) [Official Music Video]_clean_sample2.wav",126,71,91,5,62,70,30,24,73,1147,28,103,49,117,41,28,59,36,34,22,36,0,0,133,36,25,33,37,101,1,44,1,2,27,46,115,34,61,13,25,53,3,42,22,51,69,22,77,0,74,30,144,27,3,27,23,48,32,35,94,54,36,30,68,1,85,19,22,38,51,50,16,40,29,0,31,27,1,13,61,32,18,62,0,49,22,0,72,31,21,18,58,77,19,39,33,1,68,0,92,29
"58_039. OMFG - Hello_clean_sample1.wav",117,27,76,1,120,38,23,12,27,6,40,62,40,30,89,39,124,140,61,15,82,1,2,24,31,46,52,20,72,0,39,3,4,12,60,28,147,33,1,4,78,1,79,35,71,68,4,22,1,59,51,39,98,6,3,18,106,2,27,40,26,17,30,42,3,28,27,5,48,54,32,13,34,48,1,16,36,9,7,85,4,5,33,2,42,10,0,18,60,12,5,57,33,1290,18,20,1,82,2,48,21
"32_086. Olly Murs - Grow Up (Official Video)_clean_sample1.wav",121,31,67,9,88,45,8,19,81,18,33,59,198,77,64,28,85,21,91,39,214,4,0,59,52,27,52,41,243,5,45,9,3,24,45,29,131,62,1,34,76,2,109,53,155,93,5,29,0,69,85,120,61,0,8,24,117,21,24,41,58,20,84,38,9,88,78,14,56,96,86,8,72,114,0,42,81,0,21,3229,21,8,33,0,41,41,1,68,69,13,18,138,42,83,23,51,7,56,0,72,34
"33_076. Galantis - Firebird (Official Audio)_clean_sample2.wav",122,45,12,40,16,12,7,4,14,5,8,18,10,25,7,6,30,8,10,9,2,9,3,11,11,14,7,8,4,2,8,1,6,4,8,8,18,6,2,4,23,0,55,18,12,8,104,169,2,12,32,15,4,18,12,12,11,6,11,11,4474,6,11,6,1,8,3,10,10,9,8,5,6,5,1,8,8,2,7,18,7,6,7,7,16,8,3,11,5,12,8,12,10,6,36,20,1,10,1,12,11
"66_Cruel_Summer_clean_sample1.wav",116,0,0,0,0,0,0,1,0,0,0,2,0,0,1,13,0,0,0,2,2,0,1,0,0,0,0,0,32,0,1,1,3,0,0,0,7,0,0,1,7,2,1,1,1,19,11,2,532,0,2,6,0,126,0,4,1,1,0,1,0,1,0,0,2,1,1,0,0,1,0,3,0,0,2,1,5,9,0,1,0,0,0,14,0,3,3,2,0,0,0,1,2,0,3,1,2,2,2,0,0
"19_054. Owl City - When Can I See You Again (From Wreck it Ralph)_clean_sample2.wav",135,67,71,0,133,266,109,40,86,25,23,101,52,131,90,36,145,70,73,124,87,0,0,210,210,62,133,163,77,4,114,3,2,122,76,55,245,93,12,113,138,1,103,118,92,238,3,97,7,87,46,80,25,11,45,47,132,584,33,64,103,65,30,122,22,53,60,36,61,145,2785,12,97,143,4,56,47,3,55,92,36,10,76,4,92,83,1,170,82,96,141,152,53,33,45,201,0,65,2,118,131
"18_044. tony igy-stop in my mind_clean_sample1.wav",117,2,9,32,5,3,8,4,3,2,1,1,3,16,1,4,1,4,7,5,0,1,35,3,2,23,4,5,0,4,2,2359,84,30,3,2,2,3,8,16,1,5,2,0,22,1,11,0,6,27,0,1,8,12,2,1,1,12,0,0,14,1,2,1,0,19,1,9,2,4,4,47,3,6,12,7,1,9,8,0,1,3,0,8,4,1,19,52,0,4,3,6,1,7,4,4,16,8,15,0,5
"81_013. Passenger  Let Her Go (Official Video)_clean_sample1.wav",124,134,76,22,88,65,81,27,58,13,18,43,108,63,48,31,72,25,37,37,21,1,1,153,68,80,27,27,41,11,83,2,4,38,73,39,35,110,7,17,50,4,83,48,94,106,2,49,1,66,103,49,52,22,26,93,61,49,25,74,148,22,1884,73,2,43,16,18,78,22,218,32,77,32,5,23,43,1,84,32,45,12,75,5,58,56,2,55,34,14,23,185,70,36,47,49,2,28,5,94,59
"14_099. Sheppard Geronimo - [International Version] (Official music Video)_clean_sample2.wav",121,36,71,0,54,120,54,29,48,8,24,60,27,51,33,32,15,20,23,74,14,3,1,85,52,41,921,59,55,2,23,4,0,14,47,22,37,58,0,29,50,1,153,43,56,84,3,20,2,36,49,57,18,3,30,52,19,33,19,51,24,55,23,27,0,25,22,28,52,31,68,9,37,33,0,16,20,4,40,35,48,14,30,1,58,36,0,56,29,42,55,23,22,11,18,39,0,56,0,52,25
"93_015. Lukas Graham - 7 Years [Official Music Video]_clean_sample2.wav",117,23,29,0,50,37,25,3,16,9,6,50,8,26,24,30,48,20,24,14,20,0,2,47,24,18,12,20,41,0,20,2,1,16,12,26,18,24,0,12,39,0,39,16,40,33,0,13,1,17,355,38,11,2,14,11,30,10,16,27,21,12,6,17,0,24,12,16,38,20,19,1,13,20,0,12,14,0,24,20,6,4,10,0,20,13,0,23,8,15,19,14,16,13,20,35,0,29,0,38,17
"76_073. Lindsey Stirling - Crystallize (Dubstep Violin Original Song)_clean_sample1.wav",117,112,44,188,44,49,19,20,95,10,10,36,11,77,115,23,23,33,20,21,14,4,1,107,66,18,44,33,7,0,33,1,5,18,66,56,31,51,2,19,34,5,132,41,38,37,9,72,2,36,59,25,39,3,38,18,55,57,50,51,26,16,16,19,9,2090,37,9,15,18,35,37,18,17,4,20,21,64,9,27,57,6,43,4,31,33,27,22,21,12,24,85,36,26,273,14,3,46,10,20,23
"76_073. Lindsey Stirling - Crystallize (Dubstep Violin Original Song)_clean_sample2.wav",120,54,154,132,159,121,43,89,113,12,31,60,47,84,132,26,25,26,37,44,13,3,105,92,58,47,28,52,107,3,42,10,93,121,39,54,43,68,20,21,81,2,164,27,90,105,7,56,3,35,74,63,12,47,82,50,44,14,18,47,69,14,32,116,0,1171,31,26,42,39,42,38,79,43,57,47,19,5,38,31,42,15,18,13,110,101,56,83,41,35,33,52,86,23,52,11,3,43,1,110,44
"67_090. Josh Groban - You Raise Me Up (Official Music Video) [HD Remaster]_clean_sample2.wav",120,2761,5,62,10,21,13,6,34,3,2,30,11,12,10,9,27,6,11,9,23,1,34,6,2,8,5,4,6,13,8,1,1,7,10,20,10,9,4,11,11,3,9,3,6,9,0,13,0,52,14,45,2,1,2,5,5,8,7,10,13,3,12,2,12,12,7,7,18,3,9,11,16,5,1,4,90,11,15,12,13,2,10,0,10,4,7,4,3,9,4,11,13,6,22,11,0,10,0,17,22
"46_032. Katy Perry - Wide Awake (Official Video)_clean_sample2.wav",122,70,130,244,110,1853,50,67,92,20,27,50,240,104,102,65,224,29,94,60,163,0,6,108,52,47,94,56,177,5,118,7,31,131,74,48,179,54,11,51,60,3,61,139,76,104,12,27,2,82,100,90,85,6,37,49,130,23,34,64,87,26,45,62,3,84,79,68,84,64,51,7,63,156,10,20,139,2,22,103,40,18,141,1,62,44,24,59,65,28,32,66,82,98,49,45,3,83,0,72,67
"79_095. Alan Walker - Alone_clean_sample1.wav",117,14,13,11,14,10,9,8,12,3,9,6,9,12,9,12,16,8,14,12,10,1,0,18,7,10,4,11,5,1,9,4,2,8,15,11,12,23,1,10,21,1,6,4,11,20,1,13,0,9,13,8,14,0,11,16,35,8,325,15,9,6,19,9,0,10,4,14,23,12,10,7,6,6,7,10,10,0,22,48,14,2,7,0,7,13,0,44,22,7,7,13,12,12,9,8,0,11,0,27,9
"62_061. LEFT SCREEN ONLY Spot the Differences_clean_sample2.wav",113,11,7,18,2,4,0,7,4,4,6,1,0,29,1,0,15,0,38,0,0,0,0,5,1,3,0,0,0,0,0,1,2,2,6,16,0,1,2,0,0,0,0,0,2,3,0,4,0,6,1,2,1,1,10,0,2,0,2,9,3,0,7,3,2,7,0,0,0,0,2,2,0,5,0,2,2,0,1,13,596,0,0,5,0,0,4,3,14,1,0,0,2,0,7,1,1,2,1,2,2
"88_033. Fifth Harmony - Worth It (Official Video) ft. Kid Ink_clean_sample1.wav",113,22,21,0,25,23,9,14,26,19,658,17,9,27,18,20,12,74,27,9,23,0,0,39,24,14,6,15,7,5,10,1,2,12,13,21,23,15,6,12,37,1,18,16,22,24,1,18,2,38,22,12,21,22,9,6,10,23,24,29,18,2,13,7,0,22,20,8,33,8,24,109,15,12,0,6,32,3,6,10,9,2,17,1,28,30,0,18,18,12,18,17,23,6,23,14,0,38,0,23,24
"59_014. Avicii - Hey Brother (Lyric)_clean_sample2.wav",116,69,57,0,63,61,21,38,90,19,34,27,22,76,71,22,56,60,170,76,60,0,0,51,86,14,51,66,75,6,38,2,1,50,2310,16,50,113,0,9,81,1,82,68,105,92,2,31,0,70,40,55,48,2,46,134,25,20,15,53,47,173,41,97,0,50,28,29,47,103,30,88,60,47,2,14,19,2,20,84,58,10,35,1,69,13,0,89,39,105,8,30,34,6,22,28,1,34,0,38,38
"33_076. Galantis - Firebird (Official Audio)_clean_sample1.wav",135,71,61,14,113,64,49,49,147,17,30,62,58,67,69,39,67,64,55,38,54,6,1,167,62,46,46,42,79,11,70,0,5,34,72,56,97,92,0,34,64,4,81,57,76,43,43,40,1,48,66,103,57,8,40,95,75,25,51,72,4322,14,33,69,1,72,31,22,57,66,48,13,65,67,1,20,34,2,28,42,36,20,44,3,72,40,6,49,21,29,30,62,50,39,64,36,1,69,2,73,42
"97_075. Lindsey Stirling - Prism (Official Video)_clean_sample2.wav",124,13,35,12,58,11,32,1681,17,13,5,26,12,19,18,33,23,21,23,34,32,1,0,20,30,32,18,17,16,20,11,2,1,12,31,10,14,21,0,15,20,1,16,6,17,21,1,12,0,138,21,20,11,0,5,26,9,14,9,21,14,21,12,13,8,10,5,14,20,72,21,12,320,16,272,8,8,1,16,15,6,4,18,73,15,14,0,29,18,14,30,19,10,18,12,21,0,31,0,27,27
"92_025. Fall Out Boy - Immortals (From Big Hero 6)_clean_sample2.wav",123,24,33,23,29,18,40,27,42,5,19,41,29,56,49,19,88,12,21,34,115,7,0,45,39,18,29,701,109,4,30,8,8,47,37,30,89,25,0,15,22,2,47,40,22,58,0,20,1,25,32,54,15,1,13,20,27,18,23,33,26,33,21,48,6,55,6,20,29,17,30,11,24,28,0,19,14,1,14,27,26,9,40,11,40,24,5,63,23,11,17,53,39,14,14,16,0,26,0,48,43
"83_004. Katy Perry - Roar_clean_sample1.wav",133,155,186,11,123,55,125,33,96,25,34,183,34,228,96,90,229,164,32,34,98,2,0,332,48,58,42,83,202,2,95,1,1,76,85,126,136,109,6,40,119,4,52,44,40,74,1,46,1,78,125,182,22,0,72,91,2387,48,57,137,88,28,29,45,0,84,47,77,82,85,56,11,77,69,1,63,44,9,24,74,27,44,34,6,74,47,0,60,81,43,44,65,66,34,75,43,0,236,2,82,111
"63_087. Anaconda - Nicki Minaj  The Fitness Marshall  Dance Workout_clean_sample1.wav",123,34,64,2,39,64,51,12,26,11,18,41,12,22,46,16,21,29,38,13,14,0,0,39,38,22,60,11,42,0,28,2,2,22,26,37,48,44,1,36,21,3,17,9,77,18,2,14,0,24,88,37,15,3,34,8,41,26,16,15,15,6,9,8,2,21,9,23,36,20,33,6,20,10,3,11,6,1,984,12,7,2,43,4,34,15,0,23,6,14,37,28,14,12,27,87,3,43,3,115,38
"16_038. P!nk - Just Give Me A Reason ft. Nate Ruess_clean_sample1.wav",124,19,26,52,41,22,12,9,35,7,16,20,22,22,24,12,37,23,11,24,26,2,0,43,24,15,19,14,32,2,18,0,1,23,50,18,15,20,1,23,57,3,23,16,27,55,0,15,0,32,35,54,4,33,12,14,24,68,17,18,17,9,15,6,61,19,16,13,25,25,15,4,34,1909,1,13,9,0,15,15,15,4,26,14,24,40,4,25,11,26,16,87,42,9,14,23,0,29,1,29,66
"95_053. Avicii - Hey Brother_clean_sample1.wav",114,29,33,0,32,20,20,18,24,6,8,41,16,25,18,26,26,18,65,9,31,2,1,46,1466,24,35,20,36,0,25,1,1,12,419,6,24,83,1,2,43,1,17,12,50,41,6,37,1,39,37,14,17,4,4,23,73,24,26,19,37,16,9,89,4,70,68,14,16,26,47,3,31,14,3,8,18,4,6,40,9,5,30,1,32,36,2,152,14,5,11,25,40,20,9,25,5,16,1,31,18
"11_062. Pipe Guy - HouseTranceTechno Live_clean_sample1.wav",117,34,8,7,14,7,8,12,6,2,8,2,2,19,9,15,5,15,3,6,0,1,0,7,8,12,7,6,10,3,6,2,1,12,12,7,3,5,0,30,16,0,5,7,6,4,14,88,1,5,12,6,3,1,3,4,10,5,14,6,8,14,6,2,0,4,6,3,8,4,18,2,8,2,4,8,2,1,15,10,18,3,12,5,8,13,0,7,10,5,14,10,12,9,6,41,4,14,0,8,9
"22_094. Harry Potter Puppet Pals - The Mysterious Ticking Noise (Video With Lyrics)_clean_sample1.wav",111,4,9,5,13,4,5,6,4,7,2,12,10,12,5,4,8,2,4,3,5,2,1,11,6,4,6,4,4,0,7,0,35,6,6,9,8,4,0,5,10,1,3,2,8,2,18,8,0,9,8,7,3,0,4,8,7,6,12,4,5,16,3,6,24,12,7,2,5,6,6,6,10,4,0,7,2,1,2,20,3,2399,4,6,7,6,23,12,6,4,2,6,7,7,9,3,2,4,15,8,3
"45_005. OneRepublic - Counting Stars_clean_sample1.wav",112,37,44,183,20,17,39,16,38,8,8,10,30,23,15,19,12,9,9,27,7,4,0,25,17,11,27,25,22,2,43,45,5,9,12,24,12,24,18,13,34,0,16,45,18,27,0,14,13,21,14,21,24,4,12,6,13,8,6,12,14,15,26,30,146,57,18,4,886,26,35,349,10,27,1,9,6,7,6,33,40,4,24,55,23,13,1,11,18,22,8,8,11,12,7,26,4,10,5,28,1625
"13_030. Maroon 5 - Animals_clean_sample2.wav",121,39,50,0,96,66,51,24,59,10,43,53,24,47,81,45,29,54,34,30,71,3,5,63,81,25,26,40,145,14,40,0,3,83,114,44,43,50,1,60,1011,2,86,36,43,61,0,33,0,62,59,51,34,0,12,72,74,174,30,60,74,18,85,20,78,53,30,61,68,33,44,74,48,45,4,69,80,0,50,56,18,6,50,4,50,32,4,120,28,11,72,62,49,36,34,51,0,34,0,55,48
"5_002. Avicii - Wake Me Up (Official Video)_clean_sample1.wav",115,50,1205,6,37,32,52,39,51,18,14,24,10,39,79,32,61,18,77,48,38,2,1,66,73,32,25,35,24,2,29,3,18,31,36,30,29,49,0,18,65,1,70,24,45,39,9,28,3,24,56,46,33,0,13,37,38,25,42,70,30,36,10,37,1,34,7,29,38,32,36,5,52,20,0,18,33,0,12,63,51,8,26,1,64,19,11,44,26,45,53,102,22,6,14,60,4,22,4,46,33
"63_087. Anaconda - Nicki Minaj  The Fitness Marshall  Dance Workout_clean_sample2.wav",114,26,46,0,60,23,21,46,38,6,26,15,50,26,19,11,13,34,23,17,10,0,0,44,39,41,13,15,10,3,19,0,11,22,54,31,13,26,0,9,24,1,46,9,30,19,0,14,0,32,41,35,10,0,12,20,24,10,15,26,38,10,29,40,0,35,20,10,8,11,19,6,12,15,0,14,17,0,465,21,30,6,15,0,44,48,1,42,27,5,17,34,40,8,28,7,0,30,0,57,13
"85_011. Martin Garrix - Animals (Official Video)_clean_sample1.wav",140,138,297,18,342,111,85,67,148,18,83,278,276,10968,142,116,99,130,79,79,50,0,0,368,131,168,81,168,229,4,238,6,3,46,268,98,183,231,5,102,194,3,80,95,124,185,6,123,0,112,122,252,35,0,62,110,237,107,55,138,228,57,70,130,2,118,57,77,87,133,81,16,141,127,0,49,70,7,43,92,86,26,83,2,174,77,1,207,103,92,102,103,206,79,107,105,1,102,1,213,73
"89_091. Faster Car - Anders Lystell feat. Kaliber [EPIDEMIC SOUND] (Lyrics)_clean_sample2.wav",127,31,37,4,42,69,12,10,35,12,14,33,30,37,36,8,40,26,10,12,7,0,4,27,17,24,9,25,23,1,29,32,46,9,34,14,25,15,6,22,27,2,24,20,33,18,12,13,1,17,46,82,1197,34,5,20,9,19,21,23,23,9,18,10,0,20,5,42,18,15,26,7,10,34,15,13,7,28,20,50,33,5,17,31,39,12,0,38,22,8,11,33,18,35,13,33,9,20,30,42,18
"58_039. OMFG - Hello_clean_sample2.wav",119,61,43,0,18,26,20,9,14,6,5,4,19,12,12,6,23,64,18,14,21,0,0,28,29,18,14,12,34,1,20,2,2,2,29,7,23,16,0,9,28,2,33,21,36,10,1,26,2,80,38,40,32,2,17,3,13,20,4,13,10,21,6,7,2,29,20,6,13,11,10,10,4,37,0,9,24,3,15,77,15,3,7,1,8,5,1,21,5,13,10,17,32,1871,6,59,2,39,0,14,19
"96_089. American Boy by Estelle and Kanye West_clean_sample1.wav",112,374,1,14,41,0,2,1,2,0,0,0,1,0,3,1,1,3,2,2,0,0,3,1,0,1,0,1,0,0,1,20,73,2,0,0,1,0,41,1,0,4,0,0,5,4,81,0,0,10,0,1,12,21,0,1,0,0,0,4,1,2,1,0,1,1,2,0,0,0,1,0,0,12,34,6,0,34,0,0,0,0,1,29,0,0,2,0,0,0,0,0,0,2,0,0,82,0,897,0,0
"67_090. Josh Groban - You Raise Me Up (Official Music Video) [HD Remaster]_clean_sample1.wav",115,3095,55,616,27,21,121,24,20,40,12,25,34,22,20,136,33,11,34,24,32,3,15,33,66,34,19,27,35,10,297,0,11,34,46,21,72,47,1,37,52,1,90,30,28,155,416,2553,0,21,436,276,29,256,88,209,75,10,57,25,87,2,17,54,1,13,36,34,28,11,11,2,48,36,0,18,20,2,23,169,14,4,92,5,116,25,0,78,15,22,23,45,21,647,15,71,0,23,0,24,22
"0_096. Nightcore - Mad World_clean_sample1.wav",120,80,70,5,58,70,17,26,84,9,64,29,56,65,36,161,179,397,336,111,2043,0,3,115,42,21,37,53,32,5,52,1,4,51,205,105,149,137,1,19,190,2,64,35,80,156,2,65,0,38,47,86,55,1,3,59,110,53,21,57,76,27,35,103,11,23,44,15,159,68,54,13,64,43,0,49,46,11,63,92,66,8,30,4,34,49,0,98,105,34,52,49,46,7,24,78,0,80,0,85,75
"105_101. Yann Tiersen - Comptine d`un autre ete - l`apres-midi_clean_sample2.wav",124,12,70,294,8,33,3,17,9,2,4,5,1,9,8,61,2,8,7,12,1,6,5,6,5,47,23,13,28,77,22,4,29,65,4,37,9,23,2,4,110,15,9,2,19,6,2,7,2,33,4,98,3,17,24,3,5,4,4,6,2,25,68,28,7,22,2,6,7,4,108,25382,9,11,20,23,2,0,3,3,1,4,2,6,11,8,79,33,3,2,7,21,10,4,2,6,1,8,9,21,7
"31_058. Rub Some Bacon on It_clean_sample1.wav",132,14,319,7869,897,1753,9,47,47,42,38,24,16,680,70,29,31,89,47,59,77,1,214,47,61,1413,14,358,8,80,51,329,375,14618,130,43,51,23,59,32,117,2,17,13,155,115,22,54,4,27,75,25,10,371,722,19,54,18,32,42,31,6,24,564,3,571,8,68,50,9,42,380,26,95,411,28,7,5,20,107,76,107,30,170,91,38,1889,990,216,12,47,68,15,45,12,22,3,16,3,47,173
"90_064. Eurythmics, Annie Lennox, Dave Stewart - Sweet Dreams (Are Made Of This) (Official Video)_clean_sample1.wav",116,33,44,5,50,76,46,11,32,10,7,24,36,49,29,20,31,34,42,54,11,3,2,50,49,26,31,47,34,6,21,2,3,40,62,23,33,90,1,35,43,2,128,28,46,34,0,35,0,27,38,42,20,2,9,27,34,37,11,98,31,49,20,17,0,16,18,21,51,35,41,2,57,43,1,20,28,5,19,31,33,4,16,1,38,32,4,26,24,2464,23,70,36,21,30,32,0,28,1,30,33
"84_001. Anna Kendrick - Cups_clean_sample1.wav",125,82,146,20,100,88,47,48,2067,23,35,68,74,132,75,49,105,39,45,71,52,0,1,124,58,47,48,59,112,6,48,0,3,60,63,59,64,87,7,57,104,6,63,51,98,217,8,116,0,98,54,174,26,0,36,100,100,46,32,122,126,25,126,73,2,58,40,43,65,59,68,12,48,60,0,31,28,4,17,72,38,28,58,0,86,54,0,111,47,67,102,69,91,17,55,40,0,47,1,105,78
"83_004. Katy Perry - Roar_clean_sample2.wav",113,62,106,0,77,29,80,18,152,10,13,29,71,92,26,39,59,24,52,28,17,0,0,53,44,24,57,34,50,1,54,0,0,26,62,46,49,53,0,30,49,4,26,28,31,119,0,55,0,29,28,57,21,0,24,51,526,36,17,70,56,13,28,85,0,46,22,10,26,50,61,21,25,28,0,22,24,0,18,45,16,13,36,1,100,48,0,110,41,6,91,99,184,33,24,9,0,59,0,93,35
"74_029. David Guetta - Hey Mama (Official Video) ft Nicki Minaj, Bebe Rexha & Afrojack_clean_sample1.wav",117,111,86,44,77,68,70,19,122,10,38,47,33,126,104,64,38,105,53,34,115,1,0,84,67,30,44,44,66,8,92,1,24,88,66,49,54,72,1,57,161,1,34,29,60,59,0,73,1,39,110,56,33,0,18,86,71,71,26,53,67,40,29,55,0,74,22,31,40,102,91,37,41,40,6,52,65,3,19,88,43,7,49,4,48,30,0,106,36,40,94,34,1262,36,29,66,1,33,2,64,24
"87_079. twenty one pilots Heathens (from Suicide Squad The Album) [OFFICIAL VIDEO]_clean_sample2.wav",110,13,11,108,36,27,2,19,16,8,10,10,34,24,10,45,29,22,40,32,2,0,1,8,2,16,45,11,17,3,74,3,27,13,7,39,8,3,4,2,10,2,13,13,41,24,2,16,1,23,5,4,7,1,8,12,17,6,12,10,10,4,22,3,0,21,3,4,33,13,6,12,11,19,0,415,10,9,2,7,16,2,8,10,13,5,18,24,27,1,7,10,8,2,4,8,1,11,0,10,7
"81_013. Passenger  Let Her Go (Official Video)_clean_sample2.wav",112,16,28,635,48,16,13,2,18,4,20,16,95,48,28,24,30,8,41,116,73,0,0,35,55,33,49,36,79,9,26,1,1,42,26,8,108,20,0,20,56,4,80,21,10,29,48,48,1,27,14,25,27,0,4,7,44,33,31,23,97,24,5557,11,6,40,19,3,19,34,18,81,10,50,0,16,20,0,6,167,23,5,14,17,16,10,7,33,42,12,4,21,8,41,15,28,3,30,0,32,20
"102_018. Shawn Mendes - Stitches (Official Music Video)_clean_sample1.wav",135,179,419,1,209,121,89,44,134,39,60,4034,61,396,95,121,259,108,78,105,77,5,0,360,129,104,41,108,217,4,102,0,3,72,103,140,94,150,2,55,211,2,118,47,89,131,0,74,0,83,93,293,30,1,39,79,186,64,67,197,175,56,36,149,2,134,116,46,66,61,91,15,88,61,2,69,73,1,54,93,42,14,90,1,173,64,4,207,81,48,78,118,98,68,94,57,1,169,0,353,131
"102_018. Shawn Mendes - Stitches (Official Music Video)_clean_sample2.wav",110,13,10,0,24,6,5,30,26,3,6,494,10,7,19,8,14,6,2,17,2,1,1,11,8,7,4,3,12,1,9,1,0,9,8,6,26,17,0,5,8,2,6,3,10,5,27,7,0,3,10,11,6,1,0,2,10,3,16,9,10,7,9,9,0,6,1,8,6,6,8,0,9,7,0,1,3,0,10,19,2,1,4,1,10,6,0,18,25,3,9,10,8,3,3,6,0,9,1,15,7
"40_052. Lindsey Stirling - Moon Trance (Official Music Video)_clean_sample2.wav",133,204,175,18,146,68,191,30,153,29,67,39,49,128,213,65,49,71,112,3945,64,0,0,81,305,34,49,186,48,8,74,3,2,43,148,71,97,105,22,41,92,4,73,79,255,109,3,59,1,122,47,66,47,1,30,60,102,42,62,73,104,70,231,58,11,123,26,30,111,159,44,12,94,76,1,35,19,4,44,102,63,27,64,3,225,128,7,126,120,112,29,106,85,89,20,60,1,44,10,60,85
"6_043. Wintergatan - Marble Machine (music instrument using 2000 marbles)_clean_sample1.wav",112,11,13,15,12,6,35,9,14,8,6,27,12,22,799,7,13,21,13,10,6,0,0,28,14,17,10,14,5,8,16,1,1,8,6,12,10,37,0,11,15,1,10,6,20,10,0,26,0,23,38,15,3,0,8,8,11,9,17,11,15,4,20,9,11,10,14,18,11,17,27,2,5,9,1,3,7,0,4,8,8,2,11,4,14,16,1,10,6,4,30,18,9,7,12,23,0,10,0,8,44
"48_027. MAGIC! - Rude (Official Video)_clean_sample1.wav",115,49,133,0,60,35,106,36,78,16,26,126,21,71,59,215,108,94,21,35,28,2,0,70,63,33,24,35,125,5,65,1,2,25,104,52,183,1671,0,19,104,1,80,33,48,80,12,98,0,56,77,114,21,11,21,52,133,50,40,69,55,13,22,25,1,34,34,14,45,75,43,12,21,39,3,11,25,5,48,85,21,14,39,1,44,56,1,80,52,34,39,61,49,12,29,28,0,84,0,74,61
"14_099. Sheppard Geronimo - [International Version] (Official music Video)_clean_sample1.wav",111,20,33,9,41,54,21,10,24,7,24,23,18,30,34,12,32,29,26,23,8,1,2,44,60,16,486,31,17,0,19,21,0,38,26,29,15,14,0,22,34,0,19,48,37,23,4,22,1,20,22,33,44,1,13,16,19,13,22,29,31,6,8,11,0,63,19,31,15,15,33,10,26,11,0,7,12,0,8,32,35,12,26,0,31,16,13,25,18,19,32,73,60,17,11,48,0,23,0,31,14
"41_The Bidding_clean_sample2.wav",113,161,3,50,25,1,1,0,3,7,0,0,0,0,0,0,1,5,1,0,0,1,2,1,3,0,1,0,0,5,0,10,79,2,1,0,1,1,10,2,0,0,0,0,0,1,123,0,1,3,1,0,35,77,0,0,0,3,0,4,7,1,0,4,0,0,0,0,0,0,0,6,0,10,29,0,0,34,1,0,0,0,0,39,0,2,3,0,0,2,2,0,1,0,1,0,1884,0,30,1,0
"0_096. Nightcore - Mad World_clean_sample2.wav",113,130,66,0,111,152,221,77,142,8,9,62,11,75,208,30,136,16,77,61,2739,1,24,125,104,23,29,170,143,18,72,2,1,188,52,91,178,44,2,136,316,0,163,73,83,191,8,36,0,31,306,64,146,0,12,56,77,22,48,49,54,24,12,46,0,79,8,21,88,33,44,3,46,74,1,20,10,0,36,70,43,6,177,0,72,98,2,76,50,18,312,89,120,50,28,178,1,85,0,222,54
"101_070. Eminence - Knock Me Out (feat. Anna Cyzon) [Monstercat Official Music Video]_clean_sample2.wav",134,1949,0,111,120,0,2,2,7,2,1,4,2,1,5,9,3,2,3,5,4,1,1,0,5,4,0,6,3,1,1,80,11550,1,6,21,3,0,74,0,2,45,1,6,6,1,167,3,8,297,1,0,193,134,1,2,2,19,0,19,2,13,1,4,30,7,1,4,4,1,8,6,10,215,227,4,0,89,2,2,4,2,0,182,5,5,2,3,1,2,7,1,5,16,11,3,704,3,388,3,6
"9_034. Pitbull - Timber (Official Video) ft. Ke$ha_clean_sample1.wav",116,27,31,519,42,29,20,66,41,13,31,27,43,47,46,185,33,105,39,73,9,3,0,38,31,36,193,43,27,2,1655,12,111,24,30,169,63,65,31,34,23,1,41,21,122,25,1,22,0,108,37,39,34,6,10,49,47,21,24,49,97,36,12,38,11,67,27,10,47,57,37,78,48,52,7,129,10,62,15,45,28,9,26,73,60,27,2,26,33,15,48,53,67,30,22,20,0,33,1,35,14
"7_092. Harry Potter Medley on Marimba_clean_sample1.wav",113,44,0,9554,3,2,0,213,0,0,0,0,3,50,130,266,2,155,5,87,0,7,8,6,0,31,318,1,1,23,585,15,273,0,1,212,106,1,50,11,15,9,0,0,182,0,15,0,2,221,8,0,2,83,0,0,0,0,1,0,9,0,102,3,926,187,117,1,85,74,0,696,8,88,17,218,0,95,7,2,166,4,0,366,0,4,4,5,72,2,1,73,74,0,0,4,11,100,22,0,7648
"43_098. Nightcore~ The Wolf_clean_sample2.wav",115,41,81,4,78,40,54,29,46,15,20,32,12,45,71,39,68,81,27,30,47,1,2,47,60,22,33,74,85,0,39,1,11,49,81,23,50,62,0,75,37,1,165,39,53,107,0,25,0,30,41,48,10,1,13,106,34,25,12,60,48,12,80,46,0,45,32,23,37,33,61,4,92,31,0,32,19,1,33,66,71,7,44,1,53,37,0,32,27,23,119,89,57,12,19,1007,0,26,8,64,68
"104_024. twenty one pilots Stressed Out [OFFICIAL VIDEO]_clean_sample2.wav",118,42,59,0,60,42,35,46,41,14,14,48,33,120,33,23,24,25,25,40,29,2,0,94,34,28,32,32,25,2,34,0,0,28,19,53,32,38,0,30,42,1,30,24,31,74,0,23,0,34,34,66,29,1,20,16,50,46,14,46,34,9,26,48,1,24,1090,11,20,62,44,9,22,43,0,10,30,0,13,27,25,12,51,0,49,28,0,23,17,22,43,24,44,14,35,39,0,45,0,36,24
"97_075. Lindsey Stirling - Prism (Official Video)_clean_sample1.wav",113,15,25,4,40,16,9,1041,22,13,6,27,10,29,16,15,16,14,24,19,12,2,0,26,29,8,9,18,14,11,11,0,4,12,18,15,16,28,0,10,19,1,11,9,15,20,2,7,0,16,26,27,13,1,8,20,17,16,11,29,13,10,13,36,25,11,11,11,21,10,24,12,17,11,0,12,8,0,7,26,12,12,13,0,21,14,0,17,13,13,16,13,9,7,17,27,0,26,1,20,132
"105_101. Yann Tiersen - Comptine d`un autre ete - l`apres-midi_clean_sample1.wav",123,55,31,309,68,308,10,110,23,3,26,6,6,83,32,50,9,38,6,11,4,10,59,31,11,111,38,126,4,51,15,3,210,308,20,104,29,12,14,5,98,15,66,3,67,23,11,4,12,47,45,75,6,111,198,3,11,5,20,31,4,645,24,33,27,119,48,6,13,27,81,26588,5,60,138,20,403,4,2,12,2,37,3,31,60,22,159,126,4,3,5,24,26,2,10,3,5,23,40,4,12
"77_065. Nightcore - Ghostbusters_clean_sample2.wav",111,2,1,5,1,1,2,56,3,0,0,10,1,4,1,1,4,12,2,5,2,2608,0,2,6,8,4,1,11,0,3,6,5,3,5,9,0,0,0,6,0,3,1,2,3,4,54,2,3,14,44,2,23,7,11,1,1,1,3,2,2,1,1,4,4,5,0,0,1,1,3,3,0,2,4,0,1,8,1,1,1,6,3,2,0,3,9,1,1,1,0,0,2,1,0,0,3,2,55,1,2
"44_Sacred Beast_clean_sample1.wav",119,78,0,14,26,2,1,0,0,2,0,2,4,0,1,15,0,0,5,1,1,0,2,0,3,2,0,2,2,3,0,29,156,1,3,22,2,1,21,1,0,6,1,1,2,0,102,2,4,44,0,0,10,43,3,1,2,2,0,6,5,2,1,1,2,2,0,0,0,1,2,14,5,41,74,0,0,3772,1,0,2,1,0,128,1,6,2,1,1,0,0,1,2,2,2,3,82,3,46,1,3
"68_055. Madness - Our House (Official 4K Video)_clean_sample1.wav",118,74,35,5,47,31,52,12,37,11,41,22,19,53,41,32,41,32,24,50,27,4,0,51,26,25,25,43,14,1,27,0,1,32,28,38,32,42,0,21,42,1,28,23,40,36,0,57,0,34,19,36,14,0,9,33,48,62,15,29,32,17,22,20,1,26,32,22,32,29,24,9,46,36,0,11,22,2,16,17,18,7,2189,0,58,43,0,56,45,30,20,48,39,44,13,48,0,37,0,20,59
"29_010. Katy Perry - Part Of Me (Official)_clean_sample2.wav",117,75,40,28,2167,36,58,13,73,14,29,107,45,66,58,26,68,28,50,38,64,0,2,72,33,18,41,38,102,1,85,2,2,44,24,40,30,62,0,24,38,2,18,44,32,41,3,35,1,30,26,97,45,5,43,21,113,55,18,64,34,19,27,50,9,27,31,53,37,40,42,8,30,34,1,16,26,2,30,80,13,19,84,0,28,24,3,37,37,51,30,33,28,21,23,82,0,63,0,62,15
"88_033. Fifth Harmony - Worth It (Official Video) ft. Kid Ink_clean_sample2.wav",115,58,50,2,58,34,32,19,43,17,1240,32,23,35,45,20,15,62,37,26,12,1,1,45,33,46,31,9,47,4,32,3,0,21,28,21,24,25,0,42,26,2,18,25,31,30,0,26,0,26,35,46,21,0,23,16,18,13,31,34,27,20,14,23,0,16,12,7,38,22,21,20,25,28,0,12,9,4,26,26,23,7,42,3,21,34,6,27,38,14,28,18,21,15,17,39,0,25,0,76,48
"35_036. Fall Out Boy - Centuries (Official Video)_clean_sample2.wav",116,50,82,26,41,69,29,21,68,13,25,72,50,71,90,34,23,34,16,46,18,0,0,108,34,26,33,26,37,3,92,5,0,57,109,2491,115,52,101,24,25,0,79,22,54,74,1172,33,1,37,33,134,32,1,25,55,33,22,32,96,65,20,26,61,1,22,19,31,55,82,24,33,90,28,2,28,26,1,24,59,19,17,33,0,65,16,4,76,32,21,29,76,65,37,25,41,1,52,0,67,33
"53_102. What_clean_sample2.wav",113,78,61,114,28,38,26,12,75,11,36,16,34,47,40,22,29,25,20,42,26,0,4,56,64,15,44,90,112,4,13,0,5,103,42,13,17,21,0,4,112,2,92,29,41,58,4,27,0,53,45,31,24,1,23,17,20,25,12,64,23,988,47,19,0,70,10,19,41,32,66,3,31,79,1,4,16,2,11,14,19,3,12,1,28,31,2,54,32,56,15,61,29,12,66,21,1,65,1,31,42
"90_064. Eurythmics, Annie Lennox, Dave Stewart - Sweet Dreams (Are Made Of This) (Official Video)_clean_sample2.wav",118,47,80,2,44,33,59,9,39,15,15,18,14,67,42,21,42,27,35,62,10,0,1,66,71,22,39,81,53,10,31,1,2,60,40,43,49,73,1,30,81,2,82,37,39,36,2,32,1,42,46,47,12,3,14,46,43,78,17,107,77,76,25,38,1,36,22,18,55,36,57,4,63,49,2,24,48,3,17,54,31,4,27,1,58,30,1,45,20,2027,18,130,27,24,46,31,0,24,2,53,37
"93_015. Lukas Graham - 7 Years [Official Music Video]_clean_sample1.wav",122,84,57,282,43,29,27,118,43,26,23,54,20,64,39,21,24,288,20,44,21,23,0,81,60,367,17,25,30,16,26,8,30,13,30,21,36,41,1,35,28,4,272,23,27,64,85,2298,11,21,12421,144,10,188,84,15,60,20,108,43,81,22,17,27,0,26,36,10,24,26,23,30,32,16,0,13,18,45,14,28,18,7,25,36,52,22,14,26,22,25,36,29,43,17,19,15,6,21,18,34,35
"38_082. Smoke and Mirrors_clean_sample2.wav",118,40,37,7,59,42,28,24,45,13,26,30,19,62,30,58,26,41,30,54,36,1,0,40,46,33,29,47,69,3,33,0,0,75,54,41,29,62,2,46,74,2,43,42,73,91,0,29,1,1493,37,39,14,0,50,43,21,68,29,38,73,66,16,28,2,16,42,37,64,33,57,17,58,49,0,12,62,1,30,32,11,9,43,0,20,34,0,35,33,46,60,63,32,13,20,61,2,41,0,33,43
"23_048. Pharrell Williams - Happy (Official Music Video)_clean_sample1.wav",132,30,124,378,43,70,40,29,56,7,17,56,109,71,32,27,51,20,48,36,12,1,4,77,38,25,38,24,14,6,59,16,2,41,26,27,62,54,1,94,59,1,24,21,33,87,73,36,0,36,40,53,19,141,17,28,97,66,34,34,47,5,25,69,6,62,73,44,83,30,53,4,29,28,5,53,35,1,29,66,10,5,40,9,91,29,25,47,53,22,2133,85,66,19,23,56,1,34,1,112,111
"28_074. American Authors - Best Day Of My Life_clean_sample2.wav",128,349,150,104,145,90,110,136,150,34,136,81,47,151,47,296,303,4438,260,71,220,4,31,333,229,35,51,56,91,16,69,5,32,80,256,50,112,192,3,58,299,2,75,46,114,163,1,214,1,65,77,84,47,33,77,220,91,51,65,142,170,34,46,65,0,70,52,38,161,108,164,17,162,139,7,66,81,9,36,149,115,16,40,7,86,128,23,243,194,32,95,188,160,38,57,68,0,114,2,277,322
"28_074. American Authors - Best Day Of My Life_clean_sample1.wav",121,35,67,66,56,66,133,28,63,14,48,37,19,47,22,47,50,2191,13,36,20,1,20,91,89,35,19,60,66,4,22,8,55,66,36,61,100,54,4,46,69,1,26,16,45,28,3,115,1,48,77,27,11,66,47,59,43,55,34,42,32,5,24,9,25,75,49,22,57,50,81,169,50,42,38,17,62,0,21,31,28,9,46,10,45,25,32,35,59,74,30,32,63,9,42,98,0,38,0,77,124
"18_044. tony igy-stop in my mind_clean_sample2.wav",113,3,2,29,3,1,5,5,3,10,3,5,47,82,5,0,0,3,5,2,5,7,2,6,3,4,5,5,4,2,4,1448,15,0,1,7,0,2,14,6,0,6,3,12,2,4,15,2,6,91,4,2,11,24,6,2,4,8,0,8,2,0,1,3,2,1,1,1,3,1,2,0,1,1,14,2,0,14,14,4,0,0,0,8,1,2,10,25,0,0,6,1,3,2,26,0,7,4,10,30,0
"44_Sacred Beast_clean_sample2.wav",114,140,0,9,33,4,3,2,1,2,1,1,4,1,2,3,0,1,6,2,3,0,1,0,3,1,0,1,5,1,2,45,202,0,3,22,1,0,21,3,0,5,3,0,2,0,129,0,19,44,0,0,20,76,2,4,1,1,0,12,4,1,1,7,2,0,0,0,0,1,0,22,5,62,84,4,0,6218,2,0,0,1,0,208,3,1,1,0,3,1,0,1,0,3,3,1,191,1,52,0,0
"50_006. Wiz Khalifa - See You Again ft. Charlie Puth [Official Video] Furious 7 Soundtrack_clean_sample2.wav",112,126,7,30,9,46,13,3,8,2,11,7,3,7,52,7,2,17,1,6,2,2,0,8,20,4,4,6,1,2,6,2,3,6,37,8,6,5,0,20,2,0,118,4,6,8,9,44,0,5,75,9,2,14,693,2,12,36,4,8,3,2,2,4,1,97,3,6,7,6,11,2,4,8,1,14,8,47,1,23,2,5,5,0,20,3,0,4,2,7,14,12,3,3,198,9,1,9,2,10,6
"49_050. Carly Rae Jepsen - I Really Like You_clean_sample1.wav",118,150,43,4,130,217,129,17,198,30,16,40,18,87,72,70,18,63,28,56,21,1,0,69,86,35,78,39,252,0,28,0,2,93,98,209,288,278,35,19,147,4,192,41,233,264,16,86,1,90,24,59,309,0,57,33,363,46,16,90,57,11,30,43,0,49,55,19,161,61,27,31,80,143,1,44,13,4,159,99,59,5,64,3,1342,14,0,35,32,53,70,136,40,36,31,40,1,51,75,62,67
"37_063. Bastille - Pompeii (Official Music Video)_clean_sample1.wav",131,96,136,8,117,111,84,40,127,15,45,105,45,138,68,91,39,62,44,68,42,1,7,2968,59,38,53,51,90,2,64,1,1,49,113,102,70,107,1,73,109,6,60,36,76,165,16,106,0,56,68,145,43,2,20,67,96,52,56,119,77,36,48,91,2,87,74,25,94,63,54,13,100,68,1,52,32,4,32,101,64,20,94,11,121,44,2,138,79,34,68,97,64,25,43,58,1,76,2,72,42
"74_029. David Guetta - Hey Mama (Official Video) ft Nicki Minaj, Bebe Rexha & Afrojack_clean_sample2.wav",117,39,153,110,103,24,20,55,114,10,7,42,55,66,42,27,58,20,41,42,36,0,0,42,40,27,95,46,74,4,62,10,82,50,38,76,48,29,1,51,83,1,67,43,37,47,5,30,2,76,28,63,28,7,38,30,76,17,24,40,52,22,38,175,6,47,28,12,43,64,61,118,13,52,2,65,33,10,20,78,35,4,18,3,40,56,0,47,31,7,130,35,1541,21,38,36,8,64,6,49,91
"4_003. Lorde - Royals (US Version)_clean_sample2.wav",120,72,23,288,54,38,26,29,30,15,3,45,32,53,93,7,72,10,1264,22,51,1,0,18,20,24,14,19,28,2,28,12,1,33,40,24,29,25,14,6,24,0,17,31,19,28,2,23,5,80,51,38,23,0,7,11,75,12,7,21,32,8,28,22,2,29,20,73,24,109,31,11,17,21,0,14,65,3,17,74,18,16,48,17,20,28,18,69,31,166,13,22,51,21,5,15,2,15,0,22,27
"29_010. Katy Perry - Part Of Me (Official)_clean_sample1.wav",128,107,37,3,3462,64,60,18,79,17,13,104,62,89,39,29,105,72,37,166,32,4,2,102,42,29,48,65,62,1,100,0,3,27,63,50,123,87,1,39,64,2,75,45,107,82,0,59,0,61,37,94,56,1,12,27,48,94,45,63,72,52,24,50,3,43,39,37,56,39,85,8,51,74,0,22,34,2,62,47,32,3,44,0,50,76,0,90,41,62,54,37,41,35,42,96,0,44,0,73,105
"42_046. Meghan Trainor - NO_clean_sample2.wav",115,47,28,11,47,39,15,8,30,6,14,10,16,36,15,18,22,17,45,78,27,0,0,38,40,13,29,118,1518,6,15,1,4,79,60,31,13,51,0,20,101,0,23,31,32,46,9,25,12,23,46,17,12,40,8,13,28,34,15,56,36,110,44,26,1,47,9,11,33,118,13,12,17,36,3,11,22,2,9,50,51,7,20,8,10,19,3,50,39,77,30,26,34,13,19,35,2,21,1,17,23
"2_023. Rachel Platten - Fight Song (Official Video)_clean_sample2.wav",116,91,114,278,65,51,72,58,82,28,25,87,63,94,48,2100,53,67,34,47,36,4,2,69,59,25,32,53,239,2,40,13,10,251,243,80,100,104,6,51,44,2,64,32,62,97,4,66,1,120,74,73,24,6,17,59,450,10,35,56,58,38,50,45,0,102,17,22,51,40,96,59,68,186,7,26,29,11,13,48,61,10,138,10,59,18,106,66,46,35,68,158,71,33,34,21,1,35,2,42,34
"49_050. Carly Rae Jepsen - I Really Like You_clean_sample2.wav",116,47,169,37,94,114,57,19,76,16,20,71,38,155,83,45,49,58,37,41,42,0,0,141,79,35,34,49,75,0,55,2,0,50,55,36,64,71,0,97,81,2,71,37,87,142,0,83,0,46,58,62,12,11,15,53,63,32,28,43,81,30,23,87,0,64,30,41,56,44,47,4,94,39,0,15,27,0,15,56,24,13,33,0,2043,38,0,171,26,45,108,84,137,44,51,62,0,66,0,52,43
"36_072. Jessie J - Price Tag ft. B.o.B_clean_sample1.wav",112,13,22,0,26,14,13,14,19,12,12,12,16,21,17,19,28,24,25,9,15,0,0,26,23,35,13,17,16,0,19,0,2,20,18,17,12,22,1,33,13,1,16,8,15,24,0,18,0,18,17,36,13,0,23,19,33,4,14,28,20,26,11,14,0,17,23,21,24,13,25,2,8,36,1,22,24,1,7,16,13,10,12,0,17,10,1,14,20,18,22,21,10,20,560,25,0,23,1,32,19
"52_007. Katy Perry - Dark Horse ft. Juicy J_clean_sample1.wav",116,46,92,10,66,138,23,15,67,22,15,50,20,59,17,21,39,25,34,41,8,0,0,52,66,40,57,56,18,8,33,4,2,103,31,37,32,60,10,60,75,1,42,29,36,75,19,160,0,21,24,49,17,18,34,16,102,119,21,79,44,16,24,45,15,86,72,48,32,37,59,11,43,41,0,18,38,1,36,41,9,3,54,5,25,40,1,102,42,13,123,52,42,112,18,94,2,48,0,932,93
"24_047. Girls Talk Boys (from the Ghostbusters Original Motion Picture Soundtrack)_clean_sample2.wav",123,39,46,4,153,60,56,78,88,16,31,49,30,93,83,40,49,63,63,86,72,0,4,119,81,31,24,89,56,6,51,0,1,59,106,49,46,54,7,142,66,3,317,40,54,64,0,75,1,79,70,69,35,21,16,115,67,62,30,46,54,29,20,52,18,41,21,23,36,26,35,9,45,54,0,26,26,0,63,86,41,17,79,12,65,33,3,64,22,43,97,5847,191,47,17,76,1,65,0,75,72
"16_038. P!nk - Just Give Me A Reason ft. Nate Ruess_clean_sample2.wav",116,15,25,52,46,22,16,14,35,6,19,20,13,27,13,12,37,41,17,20,8,2,0,32,24,12,19,11,32,1,19,0,1,23,50,16,20,20,1,19,52,1,18,18,27,40,2,12,0,32,35,39,4,33,12,13,18,68,15,22,16,8,15,10,61,19,16,7,25,16,15,4,19,2080,1,11,15,0,10,15,15,4,26,14,23,18,4,25,11,26,16,87,42,11,13,23,0,14,1,29,66
"50_006. Wiz Khalifa - See You Again ft. Charlie Puth [Official Video] Furious 7 Soundtrack_clean_sample1.wav",113,2,6,55,7,4,1,39,6,4,13,5,41,4,321,25,25,32,13,8,7,0,0,21,12,9,5,4,8,2,4,1,1,3,40,2,15,8,47,167,28,1,6,6,12,10,32,10,0,59,6,5,6,2,541,1,5,17,5,16,4,0,6,6,0,8,4,5,6,3,6,0,20,13,1,1,1,0,4,12,5,1,2,0,6,18,0,28,48,6,4,1,4,2,10,2,0,7,0,13,6
"79_095. Alan Walker - Alone_clean_sample2.wav",122,50,56,33,39,19,20,17,27,12,23,21,33,33,30,32,18,16,20,33,23,4,0,77,19,29,13,23,28,4,30,0,3,16,38,21,34,31,1,18,18,5,16,16,27,31,5,34,0,33,24,45,16,8,13,12,33,32,3099,27,19,11,11,22,6,44,16,17,21,14,18,8,18,22,2,28,19,0,22,21,8,10,33,4,27,16,0,20,20,19,19,28,27,28,24,24,0,30,0,19,21
"8_081. The Beach Boys - I Get Around_clean_sample2.wav",115,4,0,12,1,2,3,14,2,6,1,8,2,1,11,4,15,0,0,1,1,2,3,1,3,8,2,0,4,3,0,4,14,1,3,1,5,2,2,2,0,1708,2,2,5,7,32,4,16,7,3,3,6,10,0,6,5,3,4,10,15,8,1,0,2,0,0,0,0,0,0,15,0,10,7,1,1,5,1,10,1,8,3,7,1,1,17,1,1,9,0,0,0,17,2,1,11,0,13,2,7
"64_097. Nightcore - Running With the Wolves [Lyrics]_clean_sample2.wav",128,28,26,0,24,19,23,16,23,8,12,31,12,42,44,11,22,21,14,16,14,2,0,100,20,26,15,15,34,0,24,1,5,12,31,31,25,39,8,28,41,1,21,11,34,28,6,16,0,20,30,36,14,5,14,11,28,15,16,83,36,4,21,10,0,22,16,13,32,28,31,4,14,21,2,16,892,5,10,17,10,14,26,3,39,17,0,23,20,21,37,56,21,23,30,12,0,24,2,52,16
"27_022. Major Lazer & DJ Snake - Lean On (feat. MØ) [Official Music Video]_clean_sample1.wav",132,22,34,0,16,31,14,18,19,1694,15,11,50,45,21,10,24,29,10,16,8,0,2,47,17,14,8,21,30,1,22,5,1,35,32,21,27,25,6,9,20,2,36,12,17,22,2,48,0,18,19,27,8,12,16,24,19,13,12,43,20,26,19,11,4,14,17,19,42,17,37,4,39,17,2,10,18,0,14,34,14,4,29,0,16,18,1,15,8,17,10,54,21,7,14,17,1,36,1,43,21
"82_A Lady_clean_sample2.wav",130,124,5,15,49,4,3,5,18,31,4,2,3,6,66,70,7,2,8,25,0,0,2,4,14,11,76,7,3,3,6,7,86,3,14,19,7,9,3586,9,12,5,9,2,5,15,738,3,0,99,12,5,4,12,2,7,13,24,6,58,3,5,22,3,2,2,2,1,20,4,24,29,18,18,17,6,1,16,5,17,4,8,1,33,38,5,2,8,10,4,3,14,4,1,5,16,102,5,159,6,19
"3_100. Owl City & Carly Rae Jepsen - Good Time (Official Video)_clean_sample1.wav",129,194,6,232,11,5,5,2,2,21,6,5,5,7,40,1,1,0,0,0,0,0,0,3,7,4,2,11,0,6,6,0,0,2,4,1,4,5,1,7,0,0,1047,18,7,56,3,748,0,5,180,93,0,77,43,2,12,23,18,3,23,8,8,4,1,11,2,7,7,1,8,16,63,3,2,0,1,7,2,9,0,5,28,14,39,3,0,5,0,4,8,3,0,0,82,14,1,5,1,7,9
"32_086. Olly Murs - Grow Up (Official Video)_clean_sample2.wav",135,89,126,0,48,66,72,12,95,12,18,67,13,72,60,123,27,115,50,37,54,0,0,43,74,21,13,40,77,5,29,0,1,32,73,132,57,77,2,34,72,0,76,38,57,193,0,39,0,57,27,59,53,0,10,14,111,27,31,41,40,11,35,35,1,14,33,19,105,71,30,8,42,148,0,29,53,26,44,2477,30,4,33,12,103,38,1,31,96,25,46,155,22,62,25,27,2,34,0,52,18
"91_Greener_clean_sample1.wav",127,0,0,2,2,0,2,2,1,2,0,1,0,1,0,1,2,3,0,0,3,0,3,0,3,0,0,0,0,0,0,0,0,0,0,3,1,0,0,0,1,1,0,0,0,0,2,0,0,0,1,0,0,0,0,0,0,0,0,0,2,0,0,1,1286,0,1,1,0,11,0,0,0,2,1,0,0,2,0,0,0,0,0,3,0,2,0,1,0,2,2,0,1,0,1,0,0,0,1,1,2
"48_027. MAGIC! - Rude (Official Video)_clean_sample2.wav",131,18,50,0,186,26,23,14,18,15,8,14,36,20,26,11,22,13,11,15,23,0,0,51,14,31,48,36,29,3,21,0,2,8,28,12,25,1166,2,22,42,1,22,20,28,30,1,15,0,33,34,24,18,0,8,10,45,33,21,26,16,16,13,11,2,52,18,13,37,16,24,1,15,27,1,6,55,0,13,19,23,3,15,1,55,20,4,16,12,7,15,17,37,25,14,14,1,29,0,22,7
"47_020. Warriors (ft. Imagine Dragons)  Worlds 2014 - League of Legends_clean_sample1.wav",129,22,19,8,27,58,15,21,26,6,10,32,20,24,16,10,13,16,42,23,15,2,0,28,27,10,30,48,68,8,24,0,42,29,78,78,17,29,1,24,55,1,26,21,41,45,1,14,0,52,9,22,15,0,4,14,24,25,5,18,18,51,12,39,13,25,13,14,21,1541,9,6,12,16,2,21,13,0,11,27,24,4,11,3,20,12,2,22,7,48,16,34,9,10,20,22,2,14,3,20,16
"60_057. Get Off The Phone Song_clean_sample2.wav",132,25,50,2,36,41,22,28,65,5,7,47,21,65,41,27,66,33,25,38,75,0,2,34,35,26,34,46,148,1,32,0,1,19,56,13,56,61,0,14,45,1,88,1424,32,72,3,21,0,57,31,38,32,7,15,18,35,14,12,38,24,66,12,68,0,66,12,23,20,58,40,4,58,36,1,11,18,1,15,30,20,5,50,2,38,33,6,33,48,47,48,37,32,19,14,24,1,20,0,42,38
"41_The Bidding_clean_sample1.wav",135,156,2,80,25,1,1,1,3,0,0,0,0,0,4,0,0,0,0,0,0,1,2,1,3,0,0,0,2,14,0,14,139,2,1,0,4,1,9,0,1,1,0,0,4,1,101,1,1,22,1,0,41,33,0,0,0,3,0,4,3,1,0,1,0,1,0,0,0,7,0,14,0,8,40,1,0,26,1,2,1,1,0,53,8,1,4,1,0,0,0,3,1,0,1,0,1805,0,67,1,0
"35_036. Fall Out Boy - Centuries (Official Video)_clean_sample1.wav",124,91,88,3,112,55,18,49,68,8,10,23,51,47,121,31,37,13,65,58,21,9,0,94,18,27,17,19,13,0,47,1,8,38,144,855,35,45,0,9,65,1,85,18,95,61,1,64,0,20,15,39,6,1,26,34,52,15,18,86,34,27,31,33,0,49,25,27,102,134,44,6,24,16,3,23,10,1,32,52,108,21,26,1,77,100,0,57,120,5,10,65,97,5,13,10,0,28,0,37,16
"95_053. Avicii - Hey Brother_clean_sample2.wav",150,144,117,12,232,107,152,36,131,20,46,107,94,139,60,57,109,93,112,189,118,3,0,156,4091,69,63,159,229,6,70,8,3,77,523,62,104,150,4,58,83,3,117,70,199,355,8,132,6,133,87,99,78,3,35,117,125,48,77,83,120,108,126,62,4,110,40,70,80,94,142,11,70,76,1,46,160,4,61,147,108,16,66,2,89,59,1,83,53,110,128,84,54,65,37,63,1,65,1,134,63
"84_001. Anna Kendrick - Cups_clean_sample2.wav",141,120,169,5,106,92,47,28,1689,19,35,82,62,130,67,77,89,92,98,76,52,0,1,161,93,62,42,127,170,3,97,5,0,67,53,40,166,203,2,91,91,3,103,63,122,110,4,133,0,75,91,102,49,2,49,42,73,97,67,117,121,73,61,88,10,62,62,23,64,147,84,10,81,51,1,35,69,4,37,114,137,19,75,0,83,67,0,99,76,67,60,52,98,35,49,72,0,52,0,106,65
"73_Turn the Lights Off_clean_sample1.wav",124,11,4,6,6,4,3,9,15,10,2,1,11,6,4,2,10,7,3,8,4,0,0,2,5,4,2,4,3,4068,4,7,3,10,7,21,2,12,4,2,1,2,11,0,12,7,10,4,6,2,2,24,0,2,2,1,6,2,2,3,4,6,5,2,0,19,8,4,6,4,6,153,1,2,1,5,1,1,3,10,2,3,2,1,17,6,3,8,2,5,9,10,7,4,2,14,1,2,0,7,3
"57_Numb_clean_sample2.wav",243,197,51,667,122,689,27,26,4,2,0,1,5,180,31,22,0,21,3,69,0,4,77,37,1,93,5,130,0,45,12,24,118,747,8,46,124,1,53,4,34,13,0,27,72,0,60,7,6,14,24,147,3,167,460,4,4,3,1,17,0,45,17,102,0,274,6,2,29,11,57,125,0,32,80,55,0,3,0,4,1,37,5,105,32,1,34222,87,2,1,0,13,0,1,1,0,8,0,4,1,1
"71_083. My Singing Monsters - Plant Island Theme_clean_sample1.wav",130,1,4,493,13,2,3,2,1,1,0,2,3,4,0,3,0,6,1,4,19,1,8595,0,2,4,0,0,0,0,11,22,30,3,1,8,3,1,5,2,0,7,0,2,1,4,27,1,31,2,2,1,26,16,8,0,1,2,1,2,0,2,0,2,3,22,0,5,2,65,0,0,2,4,7,7,0,10,0,0,14,7,4,12,1,254,9,9,4,2,0,2,3,0,2,0,6,165,5,2,1
"1_028. Capital Cities - Safe And Sound_clean_sample1.wav",149,29,32,1,15,23,16,8,19,14,6,24,7,28,37,134,14,16,20,10,7,2,0,70,20,41,42,17,18,21,26,14,266,86,22,66,2031,83,0,15,17,1,32,21,40,40,1,16,1,86,40,19,36,1,4,81,30,17,12,44,15,6,12,20,275,12,12,8,26,17,23,95,86,13,20,8,39,5,9,27,30,7,10,0,42,6,17,29,28,19,30,37,45,5,18,3,2,56,2,14,56
"80_077. Emeli Sandé - Hurts_clean_sample2.wav",132,60,78,204,52,83,63,27,56,12,42,49,57,73,28,28,32,25,45,37,19,0,19,106,54,43,28,37,48,17,53,15,61,129,40,86,19,75,16,41,56,2,35,31,1883,93,14,61,5,27,58,61,15,33,56,29,39,53,46,44,54,40,21,48,18,39,45,31,44,65,27,37,25,35,40,47,32,1,35,66,23,12,26,8,39,45,69,72,50,22,52,55,111,28,37,30,0,59,1,111,39
"86_019. Naughty Boy - La la la ft. Sam Smith (Official Video)_clean_sample2.wav",131,72,58,1,139,95,124,46,89,11,22,49,36,66,74,146,117,43,82,67,57,1,1,112,112,43,66,53,89,6,58,1,2,38,90,98,94,134,0,44,65,4,120,21,82,102,2,50,1,72,149,61,153,1,94,51,105,42,34,79,87,68,40,36,2,73,11,28,64,39,56,5,60,132,3,47,23,1,83,62,50,13,41,4,46,24,7,1978,36,27,37,122,30,47,39,97,3,47,0,79,35
"36_072. Jessie J - Price Tag ft. B.o.B_clean_sample2.wav",125,24,18,16,20,29,15,18,20,12,11,33,12,45,30,30,25,20,15,13,11,0,1,47,23,15,12,15,46,1,19,4,4,27,23,49,28,20,0,24,17,6,42,9,21,39,3,21,0,48,32,28,15,3,12,14,53,17,15,29,19,34,11,17,0,10,12,29,20,17,14,4,30,38,10,42,11,4,19,23,8,8,17,15,26,10,0,16,9,12,15,40,18,13,774,14,0,87,9,35,17
"26_017. David Guetta - Titanium ft. Sia (Official Video)_clean_sample2.wav",130,65,80,0,71,57,29,42,68,35,16,39,27,75,56,40,89,58,17,28,29,0,20,86,51,52,18,48,82,10,78,7,4,18,35,41,30,44,2,28,81,2,22,31,47,78,17,20,4,65,72,74,20,1,25,20,80,22,32,1535,44,16,15,54,0,39,17,20,50,38,38,13,26,33,0,44,21,5,15,21,31,12,35,1,54,12,0,48,25,58,27,51,42,40,56,18,1,34,20,94,23
"1_028. Capital Cities - Safe And Sound_clean_sample2.wav",133,78,90,17,78,39,117,20,62,13,29,40,37,117,106,57,72,77,68,56,59,0,0,124,80,38,34,73,113,18,75,9,412,51,75,100,3370,45,5,33,49,5,47,18,78,63,3,48,6,53,49,78,43,1,18,109,138,40,49,88,71,36,28,49,600,72,39,38,102,78,91,51,55,40,0,18,27,3,33,41,31,71,43,25,98,87,3,62,50,27,30,39,48,48,26,48,2,73,4,63,122
"19_054. Owl City - When Can I See You Again (From Wreck it Ralph)_clean_sample1.wav",133,89,128,2,86,97,250,27,63,35,77,59,30,121,72,108,124,219,148,91,52,1,0,229,85,49,52,99,91,5,86,20,1,63,83,59,92,111,11,79,162,3,74,45,101,82,6,128,1,107,169,77,28,1,58,323,101,70,102,147,91,14,59,40,7,45,40,45,150,69,2563,12,263,86,6,54,40,5,33,59,30,14,61,2,167,85,1,84,64,60,52,145,49,44,31,75,1,61,0,105,90
"24_047. Girls Talk Boys (from the Ghostbusters Original Motion Picture Soundtrack)_clean_sample1.wav",124,59,19,4,163,57,60,9,30,8,22,96,22,121,80,36,48,16,55,62,17,0,4,56,40,19,30,113,39,16,98,0,2,42,119,34,65,27,0,104,29,4,62,92,38,181,1,37,1,66,61,28,36,4,16,31,65,181,25,52,28,5,34,42,26,72,32,41,60,36,46,22,29,72,0,27,13,0,37,47,63,4,41,0,27,49,4,115,42,22,39,3348,21,63,24,56,2,30,0,127,50
"38_082. Smoke and Mirrors_clean_sample1.wav",123,53,18,44,51,37,25,9,29,7,13,14,20,21,19,11,46,26,60,22,28,3,5,28,32,20,75,40,24,3,18,1,30,36,44,36,28,26,2,23,17,2,21,24,21,40,40,22,1,1474,18,22,19,17,24,21,24,26,21,26,20,36,20,11,9,36,12,17,32,24,28,140,44,23,20,11,23,4,21,33,12,8,18,6,24,20,17,21,32,12,19,31,20,9,10,46,0,24,2,34,25
"98_021. Alan Walker - Faded_clean_sample2.wav",130,240,100,26,105,53,20,24,92,14,25,93,45,100,45,27,99,35,45,52,31,0,5,117,87,67,26,39,59,5,71,0,0,43,49,46,32,29,12,34,125,2,62,52,62,61,187,167,0,100,54,3440,44,711,20,48,30,43,47,70,72,33,34,60,6,85,24,19,63,32,53,14,70,37,16,24,53,170,37,33,32,6,30,229,57,47,0,59,37,21,47,64,51,62,52,25,0,67,0,49,62
"52_007. Katy Perry - Dark Horse ft. Juicy J_clean_sample2.wav",123,92,42,6,81,78,29,5,26,12,39,19,27,46,46,14,24,36,43,17,4,1,0,62,46,30,35,13,22,1,29,13,3,18,16,10,170,91,0,15,10,1,99,78,50,14,0,25,0,100,147,34,48,4,5,5,61,6,11,24,32,6,22,35,0,94,6,7,142,20,48,3,23,32,0,6,21,2,30,32,31,3,17,2,118,13,1,29,26,22,6,36,26,80,28,23,0,333,1,2260,17
"75_078. Kungs vs Cookin on 3 Burners - This Girl (Official Music Video)_clean_sample2.wav",123,27,51,64,58,33,2276,29,45,9,19,32,33,40,30,26,23,48,39,17,23,0,3,38,46,14,23,25,14,4,24,2,1,33,39,27,17,44,26,32,61,1,40,5,38,39,4,72,0,37,15,39,6,7,16,29,59,15,25,29,47,33,16,29,1,41,27,23,45,51,48,8,40,12,1,18,16,80,14,36,17,6,37,7,91,18,15,64,14,20,27,60,57,22,13,17,2,44,1,54,27
"34_The Trap_clean_sample1.wav",124,216,0,8,21,0,1,2,2,1,0,0,0,7,1,12,7,0,1,0,1,0,4,1,5,0,2,1,2,5,3,26,113,0,4,23,4,0,26,1,1,4,0,0,1,6,6300,3,4,108,2,1,14,56,0,2,1,5,3,7,2,1,1,0,5,0,0,2,0,1,0,0,0,34,82,5,0,41,4,0,0,0,0,63,2,0,1,1,0,0,1,0,2,0,1,1,309,0,125,3,0
"10_012. Calvin Harris - I Need Your Love (Official Video) ft. Ellie Goulding_clean_sample2.wav",138,66,60,0,61,85,39,23,85,20,33,39,25,120,74,53,36,33,32,55,41,3,0,126,44,26,33,46,38,8,57,10,5,54,47,65,48,99,10,76,74,7,30,41,62,6442,8,85,3,37,38,91,38,2,15,31,49,117,39,60,74,26,22,66,3,44,31,39,84,80,23,16,69,58,1,32,51,4,44,56,20,15,71,4,79,69,0,53,22,31,121,68,47,23,26,88,4,56,39,53,60
"59_014. Avicii - Hey Brother (Lyric)_clean_sample1.wav",138,134,112,1,64,78,80,15,114,9,24,62,39,93,55,49,49,54,32,45,24,2,2,74,154,31,54,51,87,4,105,2,1,78,1653,81,180,88,1,67,107,3,52,28,54,95,1,59,0,64,68,41,54,0,20,36,119,86,18,38,77,24,13,56,6,63,44,64,43,62,120,14,81,70,1,45,38,17,28,77,90,6,91,2,116,39,1,53,34,18,83,55,44,32,54,117,0,51,9,43,38
"40_052. Lindsey Stirling - Moon Trance (Official Music Video)_clean_sample1.wav",128,5,20,3,17,6,4,68,24,4,5,4,6,12,4,25,34,2,6,239,9,2,0,27,28,22,42,8,6,0,32,2,16,30,28,16,22,18,0,2,33,0,12,4,11,12,3,11,7,10,8,20,6,0,7,13,19,2,13,11,15,22,11,11,1,28,15,6,10,5,10,3,8,18,0,19,7,16,8,10,3,2,9,7,19,11,31,8,5,2,0,11,24,11,7,2,1,11,15,21,5
"10_012. Calvin Harris - I Need Your Love (Official Video) ft. Ellie Goulding_clean_sample1.wav",145,57,69,0,71,82,64,23,84,19,37,31,32,157,42,51,35,58,31,55,35,3,0,127,41,29,32,67,35,8,87,7,4,49,47,66,50,77,10,117,73,8,52,39,66,6724,8,75,3,37,38,83,30,2,32,51,51,115,35,48,65,26,44,40,3,52,29,35,112,85,35,19,88,45,2,34,44,1,40,60,20,15,60,4,114,54,0,52,19,31,115,119,45,29,27,91,4,70,39,89,51
"17_084. Thomas Rhett - Crash and Burn_clean_sample1.wav",138,90,9,5,24,13,36,12,16,20,54,4,20,42,16,10,819,22,13,17,4,7,0,22,158,6,26,48,55,1,14,1,0,64,50,11,7,12,4,10,88,3,44,47,30,72,8,32,2,31,10,8,18,8,4,6,7,45,8,52,15,79,79,42,0,25,5,4,28,30,38,11,16,30,4,1,12,37,8,38,66,1,8,2,15,8,0,72,8,25,11,15,28,0,7,11,4,15,37,26,18
"51_088. Steven Universe - We Are The Crystal Gems_clean_sample1.wav",139,39,46,0,12,28,51,42,45,37,6,42,47,37,16,28,10,10,3,25,72,2,4,36,25,31,30,30,35,3,41,2,1,14,86,10,12,52,0,2,27,0,34,6,67,41,32,38,1,14,22,85,22,0,14,67,10,66,16,40,23,25,6,55,0,92,11,16,31,13,42,99,2108,14,0,4,28,41,9,12,6,8,34,150,109,2,15,130,7,20,8,57,16,58,10,10,0,50,2,54,21
"15_060. My OCD (Song)_clean_sample2.wav",137,15,15,1,32,10,16,8,18,3,5,12,374,14,21,6,10,9,10,7,15,1,1,22,10,12,14,11,20,0,16,0,0,8,6,15,9,15,0,10,13,0,6,11,9,7,0,6,0,11,12,48,7,0,5,6,14,11,9,12,21,8,8,8,0,12,6,18,10,10,11,1,18,8,1,7,14,1,6,23,2,2,21,1,12,15,0,14,8,5,10,9,5,6,7,8,0,19,0,17,7
"25_035. Alan Walker - Sing Me To Sleep_clean_sample2.wav",143,59,55,1,49,45,20,21,54,9,23,58,13,74,31,26,22,26,24,42,15,1,0,109,27,32,20,29,35,5,36,0,2,32,22,31,27,39,7,28,51,2,23,22,37,29,2,19,0,33,22,72,20,1,19,33,72,32,32,41,29,20,14,19,0,25,21,33,24,40,20,15,30,30,1,13,15,2,23,36,20,10,16,13,39,25,1,37,26,24,45,40,27,11,26,22,2,2210,12,30,27
"25_035. Alan Walker - Sing Me To Sleep_clean_sample1.wav",138,34,54,17,38,33,60,14,31,12,11,43,17,60,40,100,17,46,12,16,13,1,1,66,53,48,30,18,60,3,26,14,0,25,35,28,103,24,1,12,52,1,35,20,13,27,0,25,0,59,66,56,15,0,8,37,85,34,15,32,24,15,12,12,6,54,26,15,35,33,61,7,24,29,0,15,13,7,13,24,31,6,21,0,28,28,0,27,16,29,16,22,55,27,44,26,1,1024,0,40,35
"8_081. The Beach Boys - I Get Around_clean_sample1.wav",125,2,3,6,1,0,2,2,0,0,1,2,6,6,1,0,0,0,0,0,0,1,4,1,1,1,0,0,0,0,1,4,9,0,0,3,1,1,1,1,1,1224,1,2,1,0,11,0,3,2,0,4,3,2,1,0,4,1,0,1,1,0,1,1,1,0,0,1,1,1,0,21,13,3,4,3,1,1,0,1,1,0,1,8,3,3,3,2,5,2,0,0,0,0,1,3,1,0,4,2,1
"20_Never Meant to Know_clean_sample1.wav",125,226,8,13,28,4,5,5,0,0,1,0,4,0,13,4,133,0,1,1,2,1,0,2,1,2,0,3,3,18,1,20,112,0,4,0,1,0,34,0,0,7,10,1,1,1,149,3,3,40,0,94,33,2009,0,2,13,8,0,8,0,1,0,3,0,1,2,0,4,1,0,0,0,14,61,2,0,21,1,1,0,1,0,44,5,3,1,2,1,1,4,1,0,5,3,1,82,1,45,1,5
"75_078. Kungs vs Cookin on 3 Burners - This Girl (Official Music Video)_clean_sample1.wav",135,64,75,72,43,41,2592,21,33,12,19,53,39,56,35,23,24,46,48,52,42,0,3,49,63,25,25,30,33,4,19,4,0,50,39,37,44,32,36,44,57,2,44,12,34,44,3,71,3,37,38,44,20,3,20,33,67,39,16,58,50,27,20,18,4,65,20,31,52,46,49,5,70,32,1,30,31,80,21,35,13,7,67,7,94,20,20,57,25,24,42,66,53,19,19,16,0,47,5,50,40
"21_085. Janji ft. Johnning - Heroes Tonight 1 HOUR_clean_sample2.wav",145,1510,3,59,194,2,7,1,2,1,0,0,35,2,1,1,3,1,1,5,1,1,0,0,3,2,1,5,4,27,12,76,506,2,4,0,2,0,59,0,4,14,1,1,3,0,139,0,2,167,1,2,34,106,1,3,1,12,1,14,4,2,2,0,0,0,0,0,0,0,0,1,10,104,87,2,8,72,0,2,2,1,0,103,5,1,0,0,0,1,1,3,1,4,4,1,396,2,347,3,5
"101_070. Eminence - Knock Me Out (feat. Anna Cyzon) [Monstercat Official Music Video]_clean_sample1.wav",147,175,9,54,35,10,2,110,5,2,1,0,3,0,44,8,3,4,1,24,2,11,8,20,12,64,0,4,0,29,0,54,13172,4,5,14,24,1,59,8,2,12,0,2,1,0,469,2,13,4349,12,2,66,131,16,4,15,13,26,107,2,1,1,8,328,1,4,0,1,11,0,68,36,162,155,11,3,214,5,43,2,5,2,169,6,4,50,17,0,13,0,1,6,4,27,6,556,2,524,1,18
"55_009. Taylor Swift - Shake It Off_clean_sample2.wav",140,51,42,7,71,44,57,27,59,14,13,33,19,51,39,25,42,85,37,56,21,2,0,67,67,62,47,47,32,4,28,1,1,61,67,42,24,61,1,2303,53,2,33,42,57,62,2,17,1,40,85,84,50,0,22,20,38,99,28,41,42,18,18,54,21,64,39,19,24,19,55,34,37,48,0,22,31,4,30,72,8,4,60,6,39,52,0,93,18,12,79,59,24,36,24,72,0,66,3,47,35
"64_097. Nightcore - Running With the Wolves [Lyrics]_clean_sample1.wav",131,20,23,0,47,20,20,21,59,3,9,18,8,11,21,9,12,9,40,15,14,2,0,19,23,25,6,21,26,0,27,0,0,4,22,16,14,45,0,27,22,0,5,5,18,21,40,10,0,29,26,17,4,2,4,38,7,10,13,14,15,80,11,12,0,21,10,13,18,20,15,692,49,20,0,5,1302,0,9,28,4,2,35,0,20,10,0,18,5,19,26,20,19,22,16,22,0,21,0,25,11
"55_009. Taylor Swift - Shake It Off_clean_sample1.wav",127,17,30,42,24,11,11,127,46,7,16,22,179,19,1714,19,18,23,29,12,12,2,0,26,36,31,34,7,33,1,31,3,0,10,91,74,24,32,311,2447,14,3,36,14,21,41,156,22,1,200,14,22,20,0,178,25,11,14,15,22,15,7,7,10,0,30,7,13,37,21,44,8,81,21,7,9,12,1,20,15,4,8,15,2,21,18,1,12,6,3,32,22,12,18,21,16,1,74,1,28,22
"20_Never Meant to Know_clean_sample2.wav",128,84,3,6,9,11,2,4,4,1,2,2,10,9,1,2,7,2,6,1,1,0,0,4,1,0,1,5,1,5,6,13,62,1,7,3,5,4,26,2,4,4,5,4,3,8,69,7,0,77,5,2,33,2914,0,3,5,3,2,7,6,1,3,6,11,1,1,1,4,2,3,6,5,20,64,3,0,42,5,2,0,1,2,133,1,10,0,4,6,5,1,4,0,2,6,3,62,4,26,3,2
"68_055. Madness - Our House (Official 4K Video)_clean_sample2.wav",133,22,23,0,51,21,64,18,26,8,37,24,18,62,22,21,21,44,14,33,25,7,2,32,19,14,13,21,25,2,35,1,2,10,53,30,18,43,0,9,39,2,24,25,34,35,56,17,1,27,13,24,20,0,14,10,24,92,20,23,33,9,13,12,0,42,23,12,43,14,60,3,32,22,1,12,60,0,10,33,16,6,1533,0,42,17,0,34,33,10,46,30,45,11,30,28,0,13,1,25,22
