"16_038. P!nk - Just Give Me A Reason ft. Nate Ruess_noise_-12.5dB_sample1.wav",186,9,15,50,20,22,6,30,11,13,4,2,65,11,218,24,10,146,14,23,2,516,29,14,50,38,7,13685,6,68,10,37,34,22,386,68,11,12,82,101,14,75,22,3,18,15,8,3,5,83,18,40,2,27,22,1,29,12,5,4,4,10,9,14,2,12,9,49,4,54,40,78,15,1128,23,35,7,8,5,3,3,25,4,13,6,18,22,12,3,6,2,61,71,2,16,2,14,34,19,25,4
"10_012. Calvin Harris - I Need Your Love (Official Video) ft. Ellie Goulding_noise_-12.5dB_sample1.wav",178,50,22,44,6,8,15,2,4,18,11,4,38,11,64,7,16,139,3,22,6,540,22,1,48,6,4,22814,4,2,2,11,3,10,494,3,12,1,15,71,2,53,22,8,2,834,82,34,3,4,16,11,2,6,7,3,11,3,14,5,5,2,10,3,1,8,5,56,2,49,17,19,9,6,26,32,2,9,4,5,0,0,5,15,5,83,0,3,1,6,4,64,74,0,10,1,13,54,10,24,4
"59_014. Avicii - Hey Brother (Lyric)_noise_-12.5dB_sample1.wav",170,14,5,32,3,9,22,1,5,29,23,7,29,30,47,25,41,155,9,24,7,523,22,3,863,5,10,20968,4,2,4,13,15,2,1486,15,12,0,19,66,4,66,14,2,2,29,24,7,3,66,134,21,10,13,17,2,4,11,14,6,20,6,2,9,9,18,6,55,2,46,4,42,79,9,10,3,3,54,0,3,3,11,2,15,5,37,8,4,1,5,7,63,66,8,4,5,23,41,34,25,10
"50_006. Wiz Khalifa - See You Again ft. Charlie Puth [Official Video] Furious 7 Soundtrack_noise_-12.5dB_sample2.wav",170,115,59,322,42,46,17,72,53,33,9,12,31,22,183,28,8,142,6,23,11,503,49,3,81,80,31,15875,5,3,4,14,152,182,484,22,24,17,20,76,3,56,106,4,9,6,12,44,2,21,81,11,7,8,2576,4,50,91,23,8,6,18,15,7,1,165,5,55,5,49,9,160,5,29,31,24,152,62,2,11,1,10,15,13,26,10,92,28,6,28,4,59,77,5,165,6,13,224,2,27,15
"24_047. Girls Talk Boys (from the Ghostbusters Original Motion Picture Soundtrack)_noise_-12.5dB_sample1.wav",168,7,18,69,22,33,3,14,32,13,1,2,24,22,44,15,4,154,6,25,4,521,43,20,45,28,35,12775,5,3,6,19,49,43,410,72,12,1,33,66,12,53,18,3,29,8,4,3,4,45,6,137,3,178,26,0,5,37,1,8,3,3,4,38,15,17,22,45,15,54,30,149,4,30,29,11,6,8,13,3,2,7,3,11,22,4,39,18,1,8,4,1121,66,5,33,47,12,35,13,25,21
"74_029. David Guetta - Hey Mama (Official Video) ft Nicki Minaj, Bebe Rexha & Afrojack_noise_-12.5dB_sample2.wav",164,5,9,334,2,2,2,36,6,15,1,2,22,11,39,41,1,140,34,59,2,432,23,2,48,6,24,13284,6,6,49,14,28,2,428,73,37,0,8,66,30,69,6,1,26,3,5,2,15,29,3,17,5,13,7,3,2,0,2,2,1,1,11,6,32,26,20,51,63,53,101,270,1,6,58,59,3,9,4,1,11,10,1,25,1,7,3,39,163,2,0,63,634,0,97,1,13,38,13,25,33
"80_077. Emeli Sandé - Hurts_noise_-12.5dB_sample2.wav",165,23,73,1122,310,1086,2,61,258,22,2,17,23,266,386,51,8,136,73,56,4,473,374,69,48,215,102,20920,16,11,14,54,390,1122,436,26,195,7,84,68,6,52,4,7,2194,8,20,132,16,151,74,42,19,814,759,1,28,522,33,40,20,5,12,147,9,359,63,49,114,45,164,647,35,79,229,143,9,19,2,51,2,81,6,59,90,7,592,314,27,7,4,58,68,14,621,79,12,28,41,22,62
"82_A Lady_noise_-12.5dB_sample1.wav",181,15,25,198,62,52,4,45,29,48,9,8,133,252,2313,88,8,140,18,164,46,523,121,12,87,104,69,14933,30,8,104,67,86,87,452,81,29,2,9175,261,24,62,30,7,47,26,29,22,4,317,145,103,24,34,53,10,104,46,16,15,17,1,7,31,68,143,31,52,42,56,184,565,56,61,158,35,25,35,5,2,3,61,12,55,22,58,177,60,132,5,9,59,71,2,61,23,13,78,104,24,18
"57_Numb_noise_-12.5dB_sample2.wav",166,5,19,11,3,3,2,8,3,12,3,4,23,11,35,9,12,142,8,22,4,473,25,8,46,13,3,18695,7,50,12,48,27,5,282,20,11,5,11,66,17,41,12,4,3,8,6,4,4,6,3,138,4,5,4,1,2,0,1,3,1,3,17,8,10,4,10,48,11,47,24,99,1,7,30,3,6,3,2,19,2,4,5,13,1,15,1244,15,9,7,2,55,66,0,6,1,12,24,48,48,8
"25_035. Alan Walker - Sing Me To Sleep_noise_-12.5dB_sample1.wav",174,27,35,216,4,12,6,88,6,13,11,2,45,11,335,59,1,144,24,76,9,534,22,3,55,16,84,13422,12,120,53,177,34,13,484,75,16,1,72,84,26,58,9,18,32,8,16,6,7,56,18,195,14,44,8,11,55,8,10,6,3,3,6,21,36,41,16,53,41,335,73,162,32,25,234,42,17,31,4,16,2,7,16,75,25,38,15,44,205,2,3,61,106,0,120,5,11,2827,22,22,16
"100_059. Nilla Wafer Top Hat Time  Song - Rhett & Link_noise_-12.5dB_sample2.wav",247,7,11,299,5,29,1,6,4,14,2,3,22,15,44,6,4,146,25,35,5,514,22,2,52,20,7,13670,4,7,10,12,4,43,475,13,11,0,8,71,4,78,3,2,4,28,4,5,3,5,4,4,1,77,8,2,3,4,1,7,2,3,22,51,3,33,9,55,1,54,31,74,2,9,7,3,7,4,2,5,5,4,3,11,5,14,8,14,711,8,4,63,76,2,4,3,12,34,2,22,17
"105_101. Yann Tiersen - Comptine d`un autre ete - l`apres-midi_noise_-12.5dB_sample1.wav",309,20,263,9676,2646,1751,20,211,136,86,2,18,59,865,627,254,4,182,188,208,3,475,430,116,46,945,110,22814,16,31,65,506,399,7067,484,223,537,9,138,82,67,55,3,20,626,4,127,26,21,376,45,186,4,3667,1036,4,46,593,24,31,13,37,113,1005,200,1613,74,55,252,140,261,38168,33,92,544,243,7,32,6,2,74,96,28,232,88,82,1551,198,985,12,3,74,267,23,673,60,24,214,43,25,926
"58_039. OMFG - Hello_noise_-12.5dB_sample1.wav",168,11,1,6,1,0,14,4,4,15,2,3,22,13,36,14,4,133,6,25,1,493,22,14,44,6,1,14299,4,3,4,11,12,2,394,3,11,2,3,66,2,44,6,1,11,4,11,1,4,15,1,4,2,4,8,2,3,3,2,2,3,16,7,4,4,5,11,53,3,44,4,15,0,6,2,4,4,3,12,4,0,3,0,13,1,3,4,11,1,2,2,58,81,398,6,3,13,27,6,22,2
"30_Cannibal_noise_-12.5dB_sample1.wav",217,6,67,294,4,6,1,60,6,15,4,1,23,11,49,18,12,136,28,25,4,518,189,8,44,113,9,19776,12,7,8,30,2,22,484,6,11,1,19,66,2,62,4,5,8,8,17,26,4,32,16,34,1,81,42,1,14,4,4,6,4,36,4,115,147,323,10,57,7,44,38,352,25,9,8,7,5,11,4,1,10,2,4,1171,12,120,12,10,3,4,7,64,66,4,7,6,13,43,17,22,23
"88_033. Fifth Harmony - Worth It (Official Video) ft. Kid Ink_noise_-12.5dB_sample2.wav",186,2,2,8,1,1,1,4,3,13,639,4,24,11,35,14,8,132,3,28,2,474,22,3,46,4,9,22862,4,5,3,11,2,3,486,3,11,1,2,66,4,51,2,1,9,5,116,2,3,4,3,5,1,4,3,0,1,5,0,4,1,3,0,7,2,26,8,55,3,49,3,17,8,6,15,3,3,2,1,7,0,2,35,11,3,2,3,6,4,12,2,61,76,3,8,2,12,34,2,22,5
"22_094. Harry Potter Puppet Pals - The Mysterious Ticking Noise (Video With Lyrics)_noise_-12.5dB_sample1.wav",176,10,7,30,12,1,8,17,6,13,2,4,25,13,37,16,8,148,17,25,6,488,22,9,49,42,27,21835,6,5,6,56,101,9,484,107,84,8,9,68,24,60,14,20,18,8,7,3,9,18,3,2,3,17,6,0,3,1,4,4,5,33,9,6,218,86,21,55,8,60,30,120,14,12,11,54,8,13,2,1,1,1749,1,49,2,4,38,5,48,8,8,64,74,4,13,4,11,30,23,24,18
"5_002. Avicii - Wake Me Up (Official Video)_noise_-12.5dB_sample1.wav",225,10,307,6,4,2,2,45,6,13,2,3,27,14,45,12,0,141,9,25,5,528,22,3,50,8,22,22017,4,23,11,19,11,10,472,63,11,3,5,71,12,56,19,3,13,4,4,1,6,73,1,24,1,29,10,2,30,19,2,2,1,0,4,8,2,120,10,55,6,46,35,131,4,12,7,8,3,0,1,4,1,4,5,14,4,18,9,4,5,3,2,71,71,0,88,2,12,47,16,23,4
"73_Turn the Lights Off_noise_-12.5dB_sample1.wav",249,367,207,127,20,38,8,6,4,11,2,9,22,41,123,180,0,132,16,40,13,485,38,23,44,21,108,12668,10,13038,92,950,788,94,260,1208,19,137,99,71,453,60,23,74,32,16,126,15,7,297,11,1547,22,121,6,4,21,25,18,4,1,24,47,104,212,60,14,32,52,96,471,1021,15,27,33,42,10,9,78,8,3,40,53,53,9,53,202,68,18,5,6,57,67,1,11,10,12,117,141,24,134
"1_028. Capital Cities - Safe And Sound_noise_-12.5dB_sample1.wav",258,42,3,84,8,4,17,4,3,11,9,27,37,12,79,27,8,150,15,22,8,473,22,2,56,7,4,17224,4,5,6,11,26,4,484,4,370,0,24,71,6,75,27,1,0,11,3,5,5,15,8,2,3,3,22,5,3,17,21,12,3,12,33,6,201,26,11,55,2,54,6,26,3,9,36,8,12,4,2,64,1,6,8,17,20,8,1,5,1,84,6,71,84,7,14,9,13,36,13,25,17
"23_048. Pharrell Williams - Happy (Official Music Video)_noise_-12.5dB_sample2.wav",274,14,2,49,11,3,6,7,1,14,2,4,22,12,40,2,3,138,1,23,6,516,29,1,44,4,0,13717,8,2,4,11,16,5,437,4,11,0,7,66,6,66,9,0,0,5,4,1,4,6,18,2,3,3,10,2,4,6,15,9,3,2,2,4,4,4,8,53,1,49,4,19,2,6,4,4,3,2,2,2,10,6,5,13,2,2,1,6,4,4,896,62,77,0,16,5,11,48,2,26,24
"70_You and Me_noise_-12.5dB_sample2.wav",255,10,32,55,16,21,1,8,10,14,3,5,22,12,39,12,8,138,15,23,4,485,59,20,44,15,19,12629,8,8,10,60,17,62,436,18,12,0,10,71,13,37,6,2,7,16,24,12,3,12,4,5,0,6,13,5,20,6,1,5,2,3,29,11,11,41,11,50,57,54,122,472,12,78,2300,7,6,13,4,2,6,3,3,94,4,14,11,25,84,8,8,70,76,1,6,32,20,34,7,28,10
"77_065. Nightcore - Ghostbusters_noise_-12.5dB_sample2.wav",234,4,2,9,2,1,2,6,4,13,4,4,24,10,43,4,4,138,7,24,12,704,22,5,44,5,1,11023,6,4,4,11,3,6,318,4,11,4,7,64,3,57,3,0,1,6,8,7,2,4,3,4,0,16,5,0,3,1,2,2,0,1,8,3,3,3,8,45,3,45,7,14,6,7,2,3,4,3,2,2,4,7,2,16,2,5,3,5,2,5,4,73,66,0,4,2,13,46,4,28,5
"90_064. Eurythmics, Annie Lennox, Dave Stewart - Sweet Dreams (Are Made Of This) (Official Video)_noise_-12.5dB_sample1.wav",292,2,2,7,3,0,2,4,3,13,4,4,22,12,44,12,8,139,15,26,8,528,23,3,50,6,1,20997,3,2,4,15,6,4,439,12,11,0,4,66,2,72,1,1,6,4,3,1,2,12,2,13,2,6,6,1,1,0,3,2,3,1,8,3,11,3,4,55,2,54,4,15,2,6,2,2,3,3,2,13,1,7,1,15,0,9,7,5,1,236,4,62,75,0,6,2,11,46,2,22,4
"104_024. twenty one pilots Stressed Out [OFFICIAL VIDEO]_noise_-12.5dB_sample2.wav",254,1,2,52,1,3,1,4,3,15,4,9,24,11,47,20,7,144,6,23,8,534,24,1,45,4,19,14187,6,19,4,14,4,4,484,13,28,0,3,66,4,45,6,3,4,4,6,5,2,6,3,2,7,6,4,1,4,5,1,2,2,8,4,4,16,27,515,53,10,55,16,82,2,6,33,9,2,6,1,1,5,1,3,14,1,5,50,4,18,6,2,56,76,0,4,13,12,50,6,29,11
"6_043. Wintergatan - Marble Machine (music instrument using 2000 marbles)_noise_-12.5dB_sample1.wav",188,121,8,766,70,132,1,18,54,13,4,2,56,39,1109,64,8,148,23,45,6,497,97,90,46,54,48,22862,5,9,85,38,308,132,484,168,39,2,23,68,22,73,6,32,96,10,6,2,15,56,31,27,1,54,96,1,6,95,8,13,5,3,4,29,275,59,14,55,12,52,92,177,41,57,54,24,3,24,4,2,4,31,0,194,26,5,150,63,88,4,13,64,71,5,106,24,25,58,137,27,21
"102_018. Shawn Mendes - Stitches (Official Music Video)_noise_-12.5dB_sample2.wav",181,10,3,8,3,3,3,8,7,15,11,1215,22,18,50,11,8,148,12,25,9,523,22,1,66,15,0,19462,4,2,5,11,8,4,443,4,12,2,5,66,2,63,6,1,1,8,79,5,3,9,3,11,7,34,6,4,15,2,2,4,3,1,8,5,4,4,6,55,2,54,1,112,16,3,7,2,13,5,16,3,3,0,1,15,4,4,4,5,3,6,4,59,66,0,5,24,12,53,5,25,4
"20_Never Meant to Know_noise_-12.5dB_sample1.wav",174,5,4,44,6,6,7,19,14,14,12,23,24,20,50,6,18,147,17,32,5,539,22,42,47,8,8,12635,12,11,6,35,49,4,425,10,11,7,54,66,3,69,18,18,55,8,22,66,4,38,10,38,17,1943,12,1,3,6,3,2,1,6,4,26,37,38,8,46,19,53,5,19,2,14,9,8,26,89,5,15,6,7,0,41,2,5,30,42,12,9,58,57,66,0,9,1,13,54,14,28,4
"5_002. Avicii - Wake Me Up (Official Video)_noise_-12.5dB_sample2.wav",173,4,28,9,0,2,2,1,4,13,4,4,23,11,38,2,4,137,9,25,3,506,22,1,44,5,4,13024,4,2,4,13,1,4,452,4,11,0,20,66,6,46,6,1,0,4,6,1,3,18,2,4,0,3,5,0,2,1,2,5,0,1,2,1,1,2,17,52,3,44,3,17,0,6,1,6,2,1,0,1,0,1,1,12,2,3,0,2,1,4,2,66,74,0,3,2,13,37,3,25,4
"11_062. Pipe Guy - HouseTranceTechno Live_noise_-12.5dB_sample2.wav",182,6,3,44,1,1,4,11,6,15,4,7,24,14,44,12,4,146,6,28,6,544,22,6,44,7,30,14608,7,4,5,19,17,1,484,12,17,1,14,69,8,47,2,4,8,3,3,1,8,19,3,33,2,29,4,3,4,1,1,2,4,10,11,6,16,22,12,54,16,51,28,67,3,8,27,15,18,6,19,4,15,7,1,33,3,12,4,6,69,4,2,71,71,2,4,4,13,41,8,25,6
"98_021. Alan Walker - Faded_noise_-12.5dB_sample2.wav",191,132,1,114,6,12,11,290,1,14,8,39,22,14,57,15,14,142,6,22,4,528,22,10,44,35,7,18246,98,43,185,63,13,4,475,26,11,5,92,66,2,51,53,30,411,35,295,299,21,36,67,3461,28,22,24,10,8,1,18,5,14,10,11,18,23,31,4,56,124,45,22,346,11,5,10,7,71,11,2,21,3,27,22,22,18,5,116,58,22,7,25,58,68,22,9,3,15,44,25,22,15
"51_088. Steven Universe - We Are The Crystal Gems_noise_-12.5dB_sample2.wav",176,46,2,109,74,32,32,4,14,17,10,39,28,100,158,92,32,132,15,26,4,489,22,3,573,8,49,10690,25,27,4,11,60,2,367,6,14,1,41,66,3,51,42,1,3,358,43,43,4,41,107,112,0,5,55,11,29,20,19,9,15,13,11,4,41,281,6,44,3,44,23,176,6868,55,160,23,16,175,3,19,1,18,19,14,34,31,0,9,17,7,6,55,66,3,76,17,11,55,61,22,43
"2_023. Rachel Platten - Fight Song (Official Video)_noise_-12.5dB_sample1.wav",176,29,7,161,26,7,7,36,11,12,4,2,25,18,396,1820,8,147,22,88,2,478,27,7,44,11,49,22581,4,12,63,12,19,8,397,49,55,0,27,70,30,91,7,11,35,15,12,2,8,80,45,26,10,23,14,3,72,20,12,6,4,1,32,16,48,53,26,55,12,45,77,119,14,18,41,32,8,29,1,12,14,5,2,22,26,21,134,18,77,3,4,56,68,3,84,9,15,46,25,25,15
"103_037. Calvin Harris, Rihanna - This Is What You Came For (Official Video) ft. Rihanna_noise_-12.5dB_sample1.wav",193,19,4,114,5,6,8,5,8,36,9,4,35,15,266,16,8,134,29,131,6,492,22,1,50,8,35,15755,4,12,4,12,81,3,487,26,11,0,25,66,11,62,8,0,10,15,9,6,3,121,86,2,9,2,102,4,25,5,23,20,15,41,26,4,312,13,13,55,2,54,102,82,22,14,36,6,3,21,1,15,4,12,5,56,5,16,2,12,9,20,4,63,76,3,2,9,15,37,86,25,1784
"7_092. Harry Potter Medley on Marimba_noise_-12.5dB_sample2.wav",194,665,21,8491,53,314,172,16,12,55,93,374,41,37,1666,29,187,132,8,57,9,528,121,14,429,44,47,12924,407,9,3,16,46,165,390,9,212,5,18,66,1,40,816,0,20,14,20,486,10,114,30,63,38,54,47,34,739,178,77,121,18,119,155,41,8,853,12,48,10,44,15,95,4,1487,26,21,4,24,3,114,35,31,3,21,361,15,23,15,3,54,33,55,66,16,1256,678,16,44,4,72,154
"11_062. Pipe Guy - HouseTranceTechno Live_noise_-12.5dB_sample1.wav",188,208,3,166,2,5,4,19,3,17,4,6,22,11,44,5,9,146,11,23,26,508,22,4,44,25,87,11439,4,4,4,11,4,14,396,13,12,1,15,66,2,45,60,15,6,10,40,187,3,12,51,47,24,43,19,3,14,3,9,4,29,4,5,26,10,92,5,49,5,52,24,75,8,6,8,2,18,15,5,10,13,8,22,86,22,17,19,25,1,10,6,63,66,0,9,9,13,30,6,28,10
"95_053. Avicii - Hey Brother_noise_-12.5dB_sample2.wav",195,12,4,22,21,26,4,4,2,15,2,11,24,11,44,12,17,142,5,23,2,528,22,2,1829,3,4,19445,3,1,3,11,1,2,1665,6,11,1,46,66,11,44,11,2,3,72,77,7,2,66,89,18,2,6,19,7,9,1,42,2,3,1,2,1,2,91,4,51,2,49,4,15,194,5,79,8,18,41,9,5,23,3,5,15,4,4,4,8,3,3,8,60,68,1,8,7,15,54,2,22,7
"60_057. Get Off The Phone Song_noise_-12.5dB_sample2.wav",179,1,6,8,1,8,0,5,4,12,3,5,22,11,39,21,12,144,6,25,2,448,22,2,48,15,1,18143,6,2,3,19,1,3,475,5,11,1,8,71,4,53,9,78,12,4,6,3,7,22,2,4,5,11,6,1,15,4,1,4,1,0,2,4,2,20,13,55,1,61,8,27,0,14,6,5,6,2,2,1,2,2,0,15,0,2,4,9,2,2,2,59,68,1,32,2,11,30,4,24,5
"92_025. Fall Out Boy - Immortals (From Big Hero 6)_noise_-12.5dB_sample1.wav",170,2,12,62,9,40,2,9,19,16,1,3,22,11,40,10,7,147,15,22,5,506,22,9,44,29,7,12338,10,4,3,14,18,36,265,7,11,0,10,66,8,39,11,3,31,5,4,3,4,62,3,2,1,9,9,1,20,20,2,3,11,16,4,7,22,38,7,36,10,54,11,31,20,26,6,16,4,8,5,1,1,3,2,14,2,6,29,7,4,6,4,51,68,19,42,2,13,38,46,25,12
"99_080. Melanie Martinez - Carousel (Official Music Video)_noise_-12.5dB_sample1.wav",166,3,2,33,42,3,9,1,5,14,2,4,22,13,33,2,4,142,4,22,18,390,22,2,44,6,0,19603,3,3,6,11,3,6,341,5,11,2,4,66,4,55,9,1,1,9,2,1,5,3,3,2,1,6,4,1,2,0,2,7,1,10,4,6,3,5,6,811,1,44,3,16,0,5,2,2,2,3,2,3,0,2,1,11,1,5,9,16,3,4,2,58,66,1,4,13,12,31,1,23,5
"3_100. Owl City & Carly Rae Jepsen - Good Time (Official Video)_noise_-12.5dB_sample1.wav",183,119,4,51,5,8,33,13,2,15,17,4,55,29,246,16,8,152,14,29,8,493,23,3,62,8,7,13138,8,2,7,11,3,3,379,6,11,0,56,64,4,64,1825,4,2,52,38,350,7,111,129,58,21,18,34,11,29,10,16,4,33,22,3,4,5,47,19,49,21,49,15,40,49,13,2,4,7,29,3,6,3,8,8,13,7,14,2,15,2,10,5,71,66,0,60,7,12,35,18,28,19
"55_009. Taylor Swift - Shake It Off_noise_-12.5dB_sample2.wav",190,91,17,67,48,32,10,232,15,21,12,23,356,20,1844,38,9,138,16,60,15,455,22,14,99,42,57,17385,26,4,4,57,21,11,468,17,24,1,746,3881,41,51,75,3,78,34,37,31,14,873,156,2,2,22,172,1,236,47,7,13,7,1,9,20,12,100,52,54,4,54,61,185,97,140,23,60,40,15,13,5,16,91,3,13,33,95,10,116,18,4,6,85,71,6,135,55,12,98,94,24,49
"16_038. P!nk - Just Give Me A Reason ft. Nate Ruess_noise_-12.5dB_sample2.wav",182,56,3,82,2,6,12,2,6,13,4,2,26,13,79,6,12,144,12,25,5,528,22,1,52,4,8,18485,3,30,17,11,6,21,484,13,13,3,8,66,3,56,6,13,4,6,8,3,3,79,10,11,1,15,4,1,5,11,3,4,2,15,2,4,24,19,6,56,2,47,8,115,1,1745,5,6,4,21,4,2,5,3,1,14,2,7,31,23,6,3,5,61,71,0,13,6,13,48,36,25,28
"51_088. Steven Universe - We Are The Crystal Gems_noise_-12.5dB_sample1.wav",171,11,91,10,3,49,2,715,7,13,2,2,120,12,99,48,6,148,25,23,9,498,22,2,48,468,6,10853,6,12,4,11,327,45,324,564,11,1,54,64,5,65,11,21,24,8,112,0,76,148,101,20,11,46,72,0,111,33,137,2,3,10,5,64,132,129,12,36,9,44,9,282,1570,12,2,6,3,1,2,1,3,6,51,21,0,14,60,13,2,2,4,55,66,0,440,2,11,41,625,26,6
"13_030. Maroon 5 - Animals_noise_-12.5dB_sample2.wav",180,2,1,9,0,0,3,0,2,15,2,3,22,11,41,14,16,144,5,25,6,498,22,2,46,10,3,21394,5,2,3,11,1,3,420,5,11,0,8,66,15,55,6,0,1,6,6,1,3,4,1,2,0,4,3,0,4,1,0,4,0,0,3,5,3,6,6,53,2,49,3,15,6,6,1,2,3,0,2,2,0,0,2,11,7,6,8,4,2,10,0,65,82,0,8,1,12,37,4,28,4
"63_087. Anaconda - Nicki Minaj  The Fitness Marshall  Dance Workout_noise_-12.5dB_sample2.wav",183,10,3,11,26,9,2,4,6,12,0,2,24,13,38,2,4,138,6,24,3,493,23,8,44,38,0,13024,2,5,4,23,49,7,446,4,11,0,8,68,2,50,3,4,5,8,15,6,2,42,2,11,3,12,6,1,3,8,0,5,1,0,6,2,0,9,7,44,5,44,3,64,0,14,19,9,2,8,503,2,9,6,0,12,1,5,6,10,0,4,1,57,74,4,8,2,23,25,15,22,6
"87_079. twenty one pilots Heathens (from Suicide Squad The Album) [OFFICIAL VIDEO]_noise_-12.5dB_sample2.wav",175,2,1,19,1,3,1,4,5,13,4,2,24,12,44,3,5,138,6,25,4,507,22,0,45,5,23,13073,3,4,4,11,4,2,484,13,12,3,7,81,2,56,1,2,4,4,77,2,1,8,2,5,0,5,2,3,2,0,1,2,2,0,4,6,12,3,29,54,12,46,2,44,0,6,3,378,6,3,2,4,0,9,1,12,0,4,3,4,1,6,2,58,68,0,6,4,13,37,3,25,4
"45_005. OneRepublic - Counting Stars_noise_-12.5dB_sample1.wav",174,7,8,265,7,4,3,17,6,13,4,6,180,22,33,3,6,138,5,22,12,441,22,35,44,8,2,20906,5,5,18,38,16,6,352,10,11,5,8,69,6,55,6,18,20,8,6,33,4,11,3,5,30,4,8,1,2,6,3,5,7,6,4,8,14,11,11,55,1457,49,11,72,2,4,8,4,7,2,8,123,12,5,8,17,3,7,60,46,3,5,17,58,66,1,4,6,12,25,5,28,170
"39_051. Galantis - No Money (Official Video)_noise_-12.5dB_sample2.wav",189,8,6,11,0,0,2,16,2,15,4,4,22,14,44,6,16,138,12,24,6,529,22,5,48,7,2,21120,4,18,7,11,5,1,484,5,11,2,51,71,8,57,4,1,53,2,4,63,3,6,2,36,2,68,5,0,4,1,1,4,2,10,2,715,16,20,6,55,20,62,16,42,2,6,21,9,11,26,1,36,4,1,1,20,1,2,9,18,2,4,4,63,71,4,8,1,12,50,4,28,4
"93_015. Lukas Graham - 7 Years [Official Music Video]_noise_-12.5dB_sample2.wav",186,19,2,110,3,2,5,29,8,15,2,5,22,12,48,11,5,132,12,25,5,474,22,2,46,12,48,15619,3,2,4,11,2,4,396,42,11,2,11,66,3,67,3,2,1,7,70,41,5,20,1254,4,1,4,21,1,8,3,12,8,9,1,6,2,3,12,11,49,1,49,5,44,15,10,4,6,3,1,4,6,2,6,3,15,1,4,6,6,1,16,2,55,66,1,4,16,12,45,4,22,8
"0_096. Nightcore - Mad World_noise_-12.5dB_sample2.wav",167,8,9,41,4,2,24,4,4,30,1,8,24,16,33,7,8,132,8,22,21347,542,974,7,44,20,2,17997,39,11,6,14,18,105,297,8,11,0,24,63,16,44,7,3,2,6,170,6,3,74,12,0,2,6,28,3,1,10,2,9,3,22,12,1,8,32,7,38,5,180,3,49,29,18,3,10,52,0,2,1,334,51,21,16,9,12,3,35,13,32,8,55,66,0,9,20,11,22,32,22,12
"40_052. Lindsey Stirling - Moon Trance (Official Music Video)_noise_-12.5dB_sample2.wav",184,33,10,8,12,9,2,8,15,13,16,4,25,13,123,9,13,147,9,1684,4,544,24,7,45,7,7,16623,6,6,4,16,29,2,457,9,114,16,13,71,15,55,3,4,31,4,9,2,5,46,4,4,2,25,6,3,31,21,2,3,6,108,7,8,66,70,8,54,3,49,30,18,2,18,11,13,6,9,7,3,2,17,3,49,6,8,314,35,7,8,2,71,66,1,45,3,13,48,4,25,14
"3_100. Owl City & Carly Rae Jepsen - Good Time (Official Video)_noise_-12.5dB_sample2.wav",218,38,9,152,38,22,100,108,2,14,9,14,28,11,44,6,11,133,15,54,2,451,22,0,44,52,65,17680,15,3,6,11,29,27,236,77,12,0,18,66,3,51,383,2,6,12,18,24,11,46,66,3,1,7,202,3,15,17,18,18,2,15,5,7,3,44,6,49,15,44,10,23,57,22,4,4,7,9,2,33,0,7,4,11,16,13,10,5,0,14,6,55,66,1,48,11,11,149,36,24,196
"81_013. Passenger  Let Her Go (Official Video)_noise_-12.5dB_sample2.wav",179,6,5,90,4,1,1,9,3,14,7,6,22,11,44,42,16,140,19,23,3,528,22,3,47,6,1,13113,5,5,6,11,4,18,416,4,11,1,7,79,5,46,12,1,3,7,4,4,2,22,4,12,1,3,7,4,1,5,8,3,1,2,1174,12,2,8,8,50,6,52,8,112,2,18,3,4,3,11,3,6,13,12,11,15,6,4,4,6,4,4,4,56,92,1,8,3,13,46,3,31,8
"93_015. Lukas Graham - 7 Years [Official Music Video]_noise_-12.5dB_sample1.wav",177,28,2,110,4,7,19,10,5,11,2,6,24,27,41,12,39,139,18,27,4,513,22,3,52,8,18,18329,2,4,6,11,18,5,451,13,11,1,11,66,5,67,9,3,5,8,9,8,2,51,1109,2,11,7,29,1,5,9,9,10,3,0,7,4,1,11,4,58,2,44,4,20,26,6,3,2,4,5,2,7,2,5,2,18,4,7,5,8,0,12,8,58,66,0,11,24,12,36,2,22,6
"76_073. Lindsey Stirling - Crystallize (Dubstep Violin Original Song)_noise_-12.5dB_sample2.wav",176,147,28,585,18,106,14,68,4,16,7,60,22,83,456,51,48,157,10,40,9,505,61,6,106,27,44,17750,34,6,76,34,19,88,364,40,22,3,12,66,20,49,179,2,71,8,28,65,56,149,20,26,6,82,153,2,108,52,16,22,7,18,19,108,44,4340,82,46,16,45,133,676,23,130,77,26,45,36,4,11,45,6,4,157,44,13,19,7,66,17,11,63,66,3,339,28,12,54,70,40,24
"9_034. Pitbull - Timber (Official Video) ft. Ke$ha_noise_-12.5dB_sample2.wav",234,6,4,9,2,7,2,10,3,13,4,8,54,11,36,9,16,145,6,25,2,523,22,2,44,6,1,14272,10,12,707,17,24,3,484,18,14,0,6,67,4,48,4,2,11,6,7,3,4,4,2,83,12,23,6,1,4,1,2,2,1,2,5,6,3,8,5,55,8,50,12,71,7,3,3,10,3,3,2,2,2,4,5,17,1,1,8,17,1,8,4,65,71,1,8,2,12,164,12,31,6
"103_037. Calvin Harris, Rihanna - This Is What You Came For (Official Video) ft. Rihanna_noise_-12.5dB_sample2.wav",258,52,6,287,15,6,9,44,5,13,4,3,23,14,383,45,4,150,12,397,2,433,45,10,48,21,9,13127,4,6,2,14,27,27,422,15,16,0,43,66,6,48,2,2,14,6,11,1,5,220,127,8,3,38,16,3,86,29,35,5,4,4,5,4,56,16,19,52,14,44,70,343,25,36,11,26,2,13,4,18,5,4,3,13,9,6,29,6,2,3,2,58,68,18,15,31,17,26,16,22,934
"80_077. Emeli Sandé - Hurts_noise_-12.5dB_sample1.wav",179,8,1,484,1,1,1,65,3,13,0,2,23,11,107,253,8,133,18,98,3,468,22,27,44,40,196,22814,4,16,295,14,77,8,470,236,26,2,67,68,70,62,1,7,1168,6,2,1,9,149,1,110,1,90,5,6,1,0,0,4,1,0,8,16,193,223,30,55,41,92,568,484,1,9,158,99,2,99,6,0,8,4,3,86,2,26,12,19,380,2,2,64,110,0,103,1,12,99,37,23,8
"37_063. Bastille - Pompeii (Official Music Video)_noise_-12.5dB_sample2.wav",180,187,10,74,50,24,28,3,13,17,4,4,30,13,51,12,5,137,6,28,2,488,22,1126,48,44,4,21916,7,16,38,43,95,2,390,41,18,9,29,66,6,46,47,15,16,4,140,10,8,8,3,25,3,120,11,33,4,9,2,9,17,9,4,9,374,17,9,46,6,48,3,19,6,72,7,39,2,2,14,75,4,14,2,41,8,3,21,3,5,18,4,55,70,120,5,3,11,43,66,25,11
"41_The Bidding_noise_-12.5dB_sample2.wav",169,239,3,15,3,2,2,3,4,15,3,4,38,11,35,5,5,136,12,22,10,478,22,1,52,8,1,12430,4,4,4,12,6,5,290,6,15,1,7,66,4,53,8,2,3,9,10,1,4,5,1,5,1,2,27,0,2,2,2,8,3,2,3,4,2,4,8,51,3,44,4,30,0,10,2,3,3,5,2,2,99,1,2,13,1,35,11,6,3,3,3,63,66,0,2,159,3089,24,3,25,5
"8_081. The Beach Boys - I Get Around_noise_-12.5dB_sample2.wav",188,4,61,18,2,11,6,4,8,20,4,4,33,11,43,23,9,144,12,26,3,518,22,5,44,6,9,17560,4,5,5,11,2,4,477,9,11,3,10,71,6,940,14,10,1,6,9,3,3,16,57,7,2,9,8,4,11,3,5,12,4,18,4,2,7,26,4,55,5,50,3,55,17,6,3,3,14,15,1,9,0,4,15,13,8,8,5,6,4,12,8,67,76,0,4,4,15,36,10,25,13
"50_006. Wiz Khalifa - See You Again ft. Charlie Puth [Official Video] Furious 7 Soundtrack_noise_-12.5dB_sample1.wav",184,25,14,74,15,8,12,719,16,13,7,18,56,14,77,20,39,138,8,91,17,529,23,1,72,204,165,13569,10,2,3,11,31,58,484,523,31,0,8,66,3,58,13,2,6,9,17,10,34,29,172,6,4,6,2228,3,24,16,48,25,13,6,27,10,2,64,6,56,2,49,12,69,75,9,8,9,8,6,4,29,1,7,11,12,7,44,45,8,25,51,25,63,75,0,124,50,12,50,98,25,15
"24_047. Girls Talk Boys (from the Ghostbusters Original Motion Picture Soundtrack)_noise_-12.5dB_sample2.wav",177,2,1,10,0,1,1,8,2,15,2,4,22,13,44,6,4,138,9,25,6,523,22,1,52,6,3,14028,6,4,8,11,2,4,478,4,11,1,8,66,2,44,8,1,7,8,12,1,2,9,1,4,2,4,7,1,8,1,1,4,1,2,3,5,2,6,5,55,2,58,1,14,0,5,4,2,4,3,2,1,1,1,0,11,1,3,3,4,4,4,2,69,71,0,4,2,12,38,2,25,8
"85_011. Martin Garrix - Animals (Official Video)_noise_-12.5dB_sample1.wav",177,8,5,79,2,7,7,8,4,13,5,6,25,6715,121,41,4,135,4,44,16,436,23,21,46,6,11,15136,12,3,2,14,20,5,424,21,11,1,34,67,6,49,6,4,4,19,19,9,4,86,38,7,2,4,14,6,18,2,15,5,35,7,7,5,42,6,7,55,3,74,28,68,10,29,4,21,11,8,7,10,2,20,3,13,6,10,4,6,4,16,12,63,74,9,4,19,13,45,31,25,10
"44_Sacred Beast_noise_-12.5dB_sample2.wav",178,29,22,231,4,31,78,39,5,20,7,4,74,241,232,156,7,146,20,61,31,469,22,12,322,24,131,21248,6,32,183,48,41,100,494,132,33,8,55,71,50,69,69,53,99,20,105,60,11,73,138,289,4,63,138,5,18,3,3,5,20,115,13,15,128,166,26,55,41,137,279,277,40,11,104,70,4,5829,11,16,10,72,77,604,9,86,20,11,231,9,4,74,76,8,70,9,11,62,26,24,8
"66_Cruel_Summer_noise_-12.5dB_sample2.wav",193,11,3,17,3,1,1,8,2,13,2,2,22,11,40,2,1,136,11,22,8,498,22,2,44,19,4,15659,4,3,4,12,10,5,461,5,11,3,4,68,1,80,3,0,4,8,4,3,688,16,29,2,1,2,8,3,0,1,1,2,1,3,4,4,2,6,8,54,2,52,3,17,0,8,2,5,2,1,1,1,1,2,4,11,1,4,5,12,1,4,5,55,71,2,15,3,11,39,3,22,4
"68_055. Madness - Our House (Official 4K Video)_noise_-12.5dB_sample2.wav",194,2,9,9,3,4,7,1,2,12,2,1,22,11,36,2,1,132,3,22,5,468,22,3,44,2,29,12482,5,8,8,11,1,2,424,4,12,0,3,66,2,44,3,3,2,2,2,1,2,6,4,11,1,1,3,0,3,1,0,2,6,1,2,2,2,7,6,53,6,44,5,15,0,8,3,2,3,7,1,1,2,9,555,11,4,2,4,4,1,2,1,55,66,1,1,10,15,22,5,25,2
"91_Greener_noise_-12.5dB_sample2.wav",181,308,3,170,3,2,43,5,4,15,3,4,27,14,44,26,2,148,12,100,4,528,22,11,208,34,42,13122,4,6,102,12,396,4,454,1163,11,14,12,71,21,49,6,5,48,2,273,12,4,34,1,69,10,130,6,62,1,0,4,3,44,102,149,7,3162,350,5,52,21,113,456,159,2,12,6,17,4,54,2,111,7,34,2,13,2,40,15,6,4,37,14,62,80,113,35,2,14,48,139,27,11
"98_021. Alan Walker - Faded_noise_-12.5dB_sample1.wav",179,103,1,165,3,13,7,11,2,15,2,8,22,11,79,9,6,138,9,22,3,528,22,27,44,9,12,13024,4,15,13,24,12,12,484,50,11,13,38,67,4,44,42,19,17,12,52,60,11,20,75,3128,6,43,19,8,9,0,13,9,28,4,6,40,32,106,8,53,5,48,26,67,85,3,45,13,9,131,3,38,2,3,17,163,13,12,8,14,11,5,7,60,67,13,7,4,14,42,10,22,4
"79_095. Alan Walker - Alone_noise_-12.5dB_sample2.wav",159,32,8,121,8,10,6,5,3,18,10,5,67,12,241,80,8,132,3,143,4,425,22,17,44,13,43,10732,9,4,4,11,5,6,254,13,11,2,61,50,2,35,37,3,4,41,20,34,5,90,40,23,4,24,72,18,43,16,1506,66,30,4,4,1,6,209,15,31,2,44,18,154,105,6,2,20,2,2,1,54,1,10,4,11,51,10,18,4,1,7,2,55,66,3,125,11,11,34,49,23,19
"61_045. The Black Eyed Peas - I Gotta Feeling (Official Music Video)_noise_-12.5dB_sample2.wav",164,14,48,10,3,12,8,4,5,12,4,5,22,11,33,23,4,125,5,25,4,404,22,4,85,6,10,11651,4,4,5,12,34,14,340,61,11,2,7,62,4,43,12,0,10,178,8,4,9,77,114,97,3,5,13,2,15,53,5,3,3,13,11,8,88,29,13,39,16,44,36,46,103,13,39,6,5,9,3,5,2,2,10,277,3,1897,4,12,4,8,4,67,67,3,18,2,12,32,16,30,6
"96_089. American Boy by Estelle and Kanye West_noise_-12.5dB_sample1.wav",168,4,11,14,2,1,33,16,4,13,8,4,23,13,38,6,4,143,10,23,6,483,22,5,44,8,5,22814,3,2,4,15,3,34,429,4,14,5,11,66,1,55,1,11,7,7,74,5,22,9,1,1,3,3,5,0,1,1,1,1,1,1,2,8,3,6,20,49,4,49,34,29,4,10,5,6,2,8,4,0,4,4,1,15,1,8,3,12,1,5,5,55,68,0,1,11,11,24,1180,24,4
"13_030. Maroon 5 - Animals_noise_-12.5dB_sample1.wav",172,9,12,6,10,2,2,16,2,13,4,3,30,12,46,15,7,143,7,23,4,528,22,4,44,9,8,12733,5,109,6,12,45,4,397,40,11,4,6,71,960,35,3,12,2,8,2,3,4,5,3,62,12,11,8,0,2,1,1,14,3,3,5,3,207,4,7,51,10,48,68,111,4,5,14,2,6,2,1,4,4,3,5,15,1,6,16,6,5,10,4,61,67,2,3,4,12,41,12,22,10
"57_Numb_noise_-12.5dB_sample1.wav",158,26,19,16,3,3,1,8,3,13,2,4,22,11,50,25,6,138,18,22,1,482,22,2,44,10,29,12534,6,80,16,22,123,16,299,113,11,12,4,66,54,50,3,9,5,8,5,4,5,4,2,112,30,5,6,16,3,1,0,4,2,3,10,7,7,4,15,36,11,49,95,150,2,8,10,8,6,2,1,4,5,8,2,11,0,6,2103,15,4,8,2,55,66,0,1,2,11,36,41,46,12
"19_054. Owl City - When Can I See You Again (From Wreck it Ralph)_noise_-12.5dB_sample2.wav",168,3,16,104,62,8,0,24,6,14,1,1,22,11,176,19,6,140,10,64,1,518,22,16,53,32,9,17257,3,5,4,31,22,4,324,5,39,2,29,73,2,54,8,2,35,8,9,0,8,113,58,2,3,8,12,0,35,34,7,13,5,0,1,3,4,98,10,55,4,49,419,77,17,138,39,27,2,9,2,11,5,1,0,16,6,11,18,7,2,4,5,55,66,8,124,5,15,36,9,22,15
"15_060. My OCD (Song)_noise_-12.5dB_sample1.wav",179,27,22,64,23,44,11,515,4,19,16,4,3401,20,165,52,33,144,12,46,8,545,40,6,57,116,43,22475,8,3,2,13,74,53,399,514,60,1,140,106,8,58,71,9,23,17,32,50,28,78,36,10,3,34,40,6,85,17,56,109,8,15,9,14,11,42,8,53,4,54,11,220,144,40,25,30,12,16,3,41,6,14,11,89,36,13,58,34,5,20,3,62,76,12,132,4,14,64,95,28,59
"86_019. Naughty Boy - La la la ft. Sam Smith (Official Video)_noise_-12.5dB_sample1.wav",168,15,4,24,0,2,2,11,4,13,4,3,21,11,38,13,5,136,9,28,5,504,22,11,44,8,9,7948,21,10,17,13,48,10,290,27,15,13,6,58,7,40,13,6,35,12,24,7,8,4,4,68,6,11,6,1,2,1,1,4,1,8,5,11,194,15,11,43,10,42,18,168,2,14,3,40,4,3,4,1,4,22,3,43,2,7,30,633,4,6,2,61,66,1,3,4,13,32,29,23,7
"96_089. American Boy by Estelle and Kanye West_noise_-12.5dB_sample2.wav",183,4,5,88,4,2,2,31,8,14,4,3,22,12,144,61,4,149,12,63,14,518,22,4,63,11,48,13291,4,6,71,12,49,3,304,415,42,1,60,64,17,41,6,4,33,4,22,2,5,58,26,26,4,53,10,1,16,1,10,3,8,32,33,5,133,96,5,43,16,69,95,123,6,8,102,52,5,25,4,2,6,20,5,40,1,25,4,15,149,8,2,62,67,3,32,2,12,50,2318,25,11
"26_017. David Guetta - Titanium ft. Sia (Official Video)_noise_-12.5dB_sample2.wav",179,50,3,7,6,72,8,2,8,12,5,8,22,12,46,5,15,132,15,23,6,494,63,2,44,6,1,21648,2,9,5,12,14,10,325,7,11,4,14,66,15,35,6,0,3,26,16,73,6,9,3,3,3,13,17,5,9,5,3,1743,7,14,10,3,3,20,6,41,5,44,6,23,2,11,10,6,6,13,1,16,3,1,2,26,8,5,20,6,2,2,6,63,66,4,10,1,19,47,42,22,46
"43_098. Nightcore~ The Wolf_noise_-12.5dB_sample1.wav",173,3,4,75,2,1,8,0,8,12,3,2,22,11,44,10,4,136,7,22,2,528,22,2,44,10,0,12635,3,4,6,11,5,5,348,4,12,1,4,66,3,37,7,5,0,15,6,10,4,7,2,2,0,4,5,3,8,1,3,15,2,2,6,2,0,6,10,34,3,44,4,19,0,6,4,6,5,6,1,9,1,2,3,15,2,8,1,5,5,3,3,55,69,0,17,1134,11,40,1,23,8
"71_083. My Singing Monsters - Plant Island Theme_noise_-12.5dB_sample1.wav",171,1,1,618,9,1,8,10,3,12,1,5,22,11,44,19,7,121,6,23,23,490,5295,11,40,8,1,9214,3,3,6,11,4,2,338,4,11,0,7,64,6,51,3,1,2,8,2,1,4,5,1,10,6,5,9,2,2,1,1,2,2,1,5,6,1,45,12,42,7,86,3,34,1,8,5,6,6,4,10,3,11,0,1,11,1,75,3,6,9,7,1,59,70,7,1,1,14,37,5,22,4
"64_097. Nightcore - Running With the Wolves [Lyrics]_noise_-12.5dB_sample2.wav",165,22,1,39,6,4,7,2,3,12,10,2,47,11,33,1,2,144,3,27,8,468,26,1,48,5,4,12485,2,4,11,11,6,11,377,4,11,3,13,66,3,83,3,3,1,4,22,2,4,5,9,9,4,6,10,5,5,2,6,11,5,3,6,2,11,21,21,55,2,44,5,21,24,5,21,4,1269,2,2,16,21,3,2,11,3,6,2,11,2,12,8,55,69,9,16,29,13,26,13,22,9
"26_017. David Guetta - Titanium ft. Sia (Official Video)_noise_-12.5dB_sample1.wav",178,19,1,21,11,2,3,1,9,13,3,4,22,11,50,9,2,132,5,22,4,528,72,1,44,8,2,12829,4,4,4,16,57,3,359,7,11,5,11,64,2,47,3,2,4,26,9,6,4,126,2,2,2,7,4,8,4,1,11,1065,7,4,5,3,2,8,7,42,6,46,4,18,2,7,7,4,4,13,2,10,0,1,4,18,3,2,27,4,1,4,8,55,66,3,10,9,20,44,16,22,5
"76_073. Lindsey Stirling - Crystallize (Dubstep Violin Original Song)_noise_-12.5dB_sample1.wav",184,26,129,1099,127,116,17,162,65,19,48,27,28,38,168,79,21,149,103,82,8,479,237,126,260,90,23,22063,9,14,53,100,93,500,325,20,53,10,50,70,12,64,27,5,79,218,17,11,69,196,24,29,2,312,82,10,166,131,24,13,11,26,21,129,33,6897,22,53,67,50,69,1384,605,25,129,56,15,126,21,62,23,73,10,157,140,30,213,172,60,10,4,62,68,9,219,348,12,105,13,24,38
"34_The Trap_noise_-12.5dB_sample1.wav",284,7383,2,195,692,6,2,4,3,13,15,6,24,11,45,17,14,315,12,32,349,536,226,10,46,5,9,13284,13,35,7,84,377,5,486,16,11,1,145,73,16,167,15,12,19,6,77464,19,3,32,20,47,132,160,7,13,5,70,12,166,54,4,21,14,11,9,8,55,18,64,6,13,29,130,199,46,16,211,3,9,8,1,10,203,12,2,94,6,10,6,8,63,84,0,17,20,977,50,509,22,6
"20_Never Meant to Know_noise_-12.5dB_sample2.wav",363,265,620,6793,1422,1005,57,183,222,41,8,13,30,445,446,240,962,145,38,133,2,518,258,205,44,711,1025,12681,14,48,106,349,226,4578,344,29,405,16,76,106,15,55,52,45,330,16,11152,387,7,193,49,264,28,105606,551,0,17,365,41,28,41,261,25,1238,68,1011,274,52,50,137,201,3933,16,56,436,56,5,77,11,91,3,81,28,684,56,105,1230,309,139,8,59,155,68,91,284,56,23,204,80,25,116
"83_004. Katy Perry - Roar_noise_-12.5dB_sample2.wav",170,8,2,14,1,1,1,4,6,15,3,4,22,12,33,12,8,156,15,24,3,419,22,1,44,6,1,15275,4,3,4,11,2,5,387,6,11,1,8,65,3,50,3,1,1,12,3,6,4,8,2,4,2,6,6,0,17,1,0,4,1,1,6,3,1,3,9,53,2,49,4,19,14,6,3,2,8,3,2,1,0,0,4,13,0,6,5,6,1,8,8,64,66,0,6,2,13,34,6,25,6
"47_020. Warriors (ft. Imagine Dragons)  Worlds 2014 - League of Legends_noise_-12.5dB_sample1.wav",180,3,5,40,3,2,5,11,4,16,2,4,22,24,43,12,8,138,12,23,16,531,27,5,48,4,14,22090,8,4,10,11,2,2,456,13,11,1,19,66,4,58,5,2,12,8,7,2,5,17,5,4,1,1,4,1,4,10,2,2,1,2,4,24,15,11,8,55,18,1587,6,49,22,5,20,4,3,9,1,1,1,39,1,74,1,21,1,8,30,4,5,58,68,5,4,2,13,41,18,28,7
"34_The Trap_noise_-12.5dB_sample2.wav",181,47,6,8,1,1,14,4,17,14,4,5,24,11,44,15,8,142,18,24,5,539,22,3,46,8,7,12974,3,3,6,11,5,3,449,13,11,4,6,69,2,56,6,4,2,17,1450,18,3,10,5,6,0,6,6,2,10,1,8,1,5,2,6,3,2,5,5,54,3,49,3,14,4,8,1,3,12,19,2,9,7,1,1,13,28,34,18,6,9,32,2,58,72,1,3,11,13,43,49,28,5
"21_085. Janji ft. Johnning - Heroes Tonight 1 HOUR_noise_-12.5dB_sample1.wav",175,607,2,299,22,8,12,9,5,29,11,13,24,11,44,13,32,91,13,22,5,419,14,4,44,8,16,11775,2,4,4,11,14,5,339,5,11,40,59,71,12,53,105,5,30,28,195,235,2,4,39,86,8,17,24,14,17,5,16,10,22,6,4,13,20,56,7,47,2,44,10,16,54,6,8,3,16,15,2,22,3,6,39,11,20,11,9,34,6,31,13,49,66,7,19,14,21,44,34,36,14
"29_010. Katy Perry - Part Of Me (Official)_noise_-12.5dB_sample2.wav",181,44,19,407,1437,66,24,7,32,14,12,16,22,53,181,26,8,152,17,48,4,520,46,31,50,101,7,18499,8,14,8,19,46,137,368,23,59,2,17,66,4,64,22,2,49,10,15,25,4,58,46,23,1,21,48,3,20,49,11,27,3,49,7,20,11,59,13,49,14,52,19,243,14,130,24,22,7,5,1,17,3,10,3,15,10,8,90,28,2,15,20,58,66,3,110,57,13,47,57,22,40
"101_070. Eminence - Knock Me Out (feat. Anna Cyzon) [Monstercat Official Music Video]_noise_-12.5dB_sample2.wav",189,157,3,60,39,19,2,4,25,15,2,11,443,13,103,19,8,154,22,274,4,498,22,111,44,52,45,15923,4,48,4,12,2219,4,440,456,152,6,71,66,6,46,6,78,138,4,7,2,34,15,5,4,6,19,47,1,2,1,1,3,2,201,4,63,2280,187,36,56,8,83,9,121,100,135,9,58,7,9,2,41,2,92,6,611,2,5,95,19,26,8,4,58,76,16,6,2,13,29,710,24,32
"83_004. Katy Perry - Roar_noise_-12.5dB_sample1.wav",175,24,2,16,1,4,5,3,3,14,4,4,22,11,41,13,10,142,11,22,5,483,22,1,42,7,0,9688,5,3,3,12,6,4,318,4,11,2,3,64,6,46,7,3,2,29,6,18,2,42,24,14,3,6,24,2,722,3,50,3,4,0,7,4,10,8,6,41,1,52,4,25,2,5,6,3,13,6,4,2,1,3,5,13,15,8,0,7,2,4,8,62,64,0,2,3,12,31,6,22,6
"2_023. Rachel Platten - Fight Song (Official Video)_noise_-12.5dB_sample2.wav",173,8,13,36,5,3,2,16,4,15,3,3,22,11,34,704,4,139,14,40,6,468,22,2,49,9,7,11841,6,9,6,16,50,6,345,13,12,4,10,66,4,48,4,3,10,7,6,2,5,69,5,7,2,3,7,7,57,24,2,10,5,7,4,5,33,97,6,52,3,57,50,35,9,5,9,4,4,18,2,2,1,1,2,66,13,52,12,6,2,4,4,63,66,1,55,2,12,34,8,25,6
"1_028. Capital Cities - Safe And Sound_noise_-12.5dB_sample2.wav",181,37,43,416,141,300,3,38,114,18,4,5,43,99,121,52,12,141,32,48,4,427,112,30,44,75,50,14114,16,8,52,38,178,411,359,99,1802,2,60,66,23,44,20,14,145,7,21,3,14,119,29,16,1,156,175,3,31,120,8,30,8,36,6,65,305,114,26,53,36,60,115,417,11,111,104,101,7,24,8,44,2,19,11,118,23,20,245,56,114,2,8,60,76,14,150,19,13,45,93,25,28
"77_065. Nightcore - Ghostbusters_noise_-12.5dB_sample1.wav",176,3,3,11,8,2,4,2,19,15,4,4,28,11,44,8,8,136,9,25,13,787,27,8,44,10,10,12827,5,8,17,15,11,12,354,3,11,2,10,66,6,33,14,10,5,4,17,1,2,11,3,5,2,3,5,1,3,5,1,11,5,0,4,10,6,9,8,44,3,54,5,34,4,37,4,5,9,2,3,4,9,6,2,15,2,4,28,8,4,10,4,57,66,3,4,1,11,40,5,25,6
"53_102. What_noise_-12.5dB_sample2.wav",179,84,4,353,14,5,59,4,16,14,4,6,118,12,193,22,6,132,51,45,3,462,137,20,50,8,7,18402,8,32,4,11,639,4,475,188,80,6,15,71,20,61,8,7,25,25,4,5,15,13,12,4,1,5,25,1,19,23,7,27,4,2297,33,42,723,28,8,55,8,49,36,137,32,36,8,76,3,14,3,34,10,35,1,132,4,8,28,7,8,32,3,60,71,13,11,6,20,31,209,26,23
"70_You and Me_noise_-12.5dB_sample1.wav",167,6,8,154,6,0,8,30,5,14,2,4,23,29,40,48,11,146,8,73,6,521,23,3,42,8,44,10081,5,5,54,23,9,3,299,40,50,1,11,62,20,41,9,5,32,7,4,2,5,46,4,21,3,51,5,3,3,11,2,4,2,5,6,7,62,46,45,43,22,60,80,108,22,9,1926,62,49,26,7,19,7,6,16,94,2,38,2,8,116,4,6,69,77,1,26,6,12,32,73,28,10
"35_036. Fall Out Boy - Centuries (Official Video)_noise_-12.5dB_sample2.wav",174,5,121,99,3,16,14,5,3,13,3,4,22,12,34,28,8,138,9,118,2,473,29,2,79,15,35,13930,8,3,6,11,190,6,428,4065,12,1,9,66,36,43,6,2,13,8,4,2,8,19,3,6,5,14,8,2,9,0,2,2,22,61,64,12,334,267,6,54,25,209,217,397,3,6,19,10,6,67,3,1,1,19,2,20,12,43,38,18,4,8,8,60,71,6,22,3,12,31,61,28,8
"18_044. tony igy-stop in my mind_noise_-12.5dB_sample2.wav",191,11,105,838,174,90,4,75,14,17,8,18,34,83,115,37,4,134,23,43,7,498,23,18,52,88,28,14103,25,277,41,2456,14,782,477,173,49,9,21,88,23,45,77,22,127,4,9,7,16,480,3,123,11,379,68,2,84,46,3,6,19,4,12,38,275,214,31,54,61,54,116,527,16,22,39,36,13,17,40,9,1,42,16,103,12,320,60,81,22,4,11,71,76,7,164,16,12,66,6,205,29
"67_090. Josh Groban - You Raise Me Up (Official Music Video) [HD Remaster]_noise_-12.5dB_sample2.wav",174,336,4,11,4,0,1,3,3,18,4,4,24,11,48,6,7,160,5,22,13,536,22,2,44,12,1,13098,6,2,4,12,3,2,350,6,11,1,8,64,4,51,6,1,6,8,8,2,2,5,3,4,4,2,4,3,1,5,1,4,1,4,4,6,5,8,10,48,3,52,3,11,2,10,4,3,3,0,6,1,4,1,1,12,1,4,14,4,2,7,5,60,68,1,8,5,14,42,5,31,6
"46_032. Katy Perry - Wide Awake (Official Video)_noise_-12.5dB_sample1.wav",172,7,4,92,3,349,12,7,4,15,3,9,23,14,177,16,7,146,10,25,2,494,22,3,39,6,2,11185,6,2,4,12,5,3,321,7,11,1,16,63,5,56,9,1,3,16,5,2,6,38,11,4,1,1,7,0,7,4,8,3,3,1,4,8,3,5,8,44,2,42,8,24,1,14,2,4,2,3,2,2,2,4,1,15,26,5,4,5,1,3,4,61,53,5,8,5,14,30,2,25,6
"84_001. Anna Kendrick - Cups_noise_-12.5dB_sample2.wav",177,2,12,10,38,3,2,8,291,13,0,10,24,11,64,28,17,138,9,30,4,489,22,32,44,33,4,13024,10,6,8,16,41,4,468,4,17,2,8,69,21,44,27,2,15,9,4,1,3,11,12,2,2,3,9,1,2,12,1,41,8,2,4,3,1,15,16,55,18,64,8,16,2,175,4,55,6,2,2,2,4,5,0,12,20,2,64,8,8,7,4,61,86,4,4,2,11,30,21,28,11
"46_032. Katy Perry - Wide Awake (Official Video)_noise_-12.5dB_sample2.wav",180,91,15,640,8,1839,50,99,5,33,8,24,30,15,110,37,33,148,9,25,4,486,22,2,46,70,16,12733,22,3,3,12,49,5,423,80,30,3,16,66,5,57,88,4,3,5,9,30,14,19,15,6,5,8,36,6,125,90,24,70,10,11,10,8,1,110,12,55,3,49,6,44,96,77,3,3,11,8,4,26,0,5,11,15,68,19,43,6,3,38,28,61,70,1,246,21,12,42,58,37,112
"8_081. The Beach Boys - I Get Around_noise_-12.5dB_sample1.wav",177,2,4,8,27,12,5,6,4,13,4,4,25,11,44,14,11,143,12,31,10,528,29,2,46,6,3,13154,5,3,5,33,11,2,477,4,11,1,6,68,4,999,2,1,2,5,6,1,3,8,3,20,1,10,8,2,2,12,1,3,3,0,2,3,1,70,7,54,8,58,6,21,4,8,4,2,3,2,4,2,4,4,1,19,1,3,47,4,1,8,4,67,84,0,6,2,14,41,10,26,4
"82_A Lady_noise_-12.5dB_sample2.wav",211,175,11,418,14,9,27,133,20,25,8,15,386,218,84,12,8,139,95,22,45,520,92,53,51,47,23,12346,22,77,43,44,132,11,314,62,72,54,11922,66,13,40,4,28,39,14,54,118,10,114,27,262,34,23,17,6,11,3,19,29,8,145,10,23,374,27,52,42,98,44,52,81,12,15,25,381,110,18,59,358,1,41,27,149,10,9,160,19,11,10,16,59,66,15,8,22,11,43,105,58,44
"39_051. Galantis - No Money (Official Video)_noise_-12.5dB_sample1.wav",179,6,2,44,3,3,2,15,3,13,4,4,22,11,46,16,6,136,7,22,1,518,68,4,44,6,3,12060,7,21,6,19,33,6,360,20,11,7,13,66,5,37,6,5,10,2,4,1,7,3,10,8,3,4,4,1,2,1,1,2,0,4,16,740,33,13,8,42,27,46,25,121,2,9,3,11,1,2,2,2,3,11,1,20,2,8,8,8,1,8,4,55,71,0,5,1,13,43,18,26,3
"60_057. Get Off The Phone Song_noise_-12.5dB_sample1.wav",169,3,2,11,1,1,1,6,4,12,0,5,24,11,36,12,8,139,21,22,4,513,22,4,44,8,0,12728,3,3,3,12,3,3,431,7,11,0,13,66,2,49,3,193,0,6,2,2,2,4,2,4,6,8,6,0,2,0,0,4,0,1,8,3,1,4,7,45,3,54,2,15,1,3,3,4,4,6,3,3,2,0,1,11,1,6,7,17,2,4,4,63,66,0,4,2,12,30,4,22,6
"23_048. Pharrell Williams - Happy (Official Music Video)_noise_-12.5dB_sample1.wav",173,16,2,11,5,4,3,14,5,15,2,4,22,14,47,13,71,148,12,22,5,556,22,8,44,9,2,12037,7,3,3,13,8,14,401,4,12,8,8,66,3,42,8,12,5,5,150,5,3,12,5,4,6,183,4,1,6,4,1,4,3,2,2,4,4,12,9,45,7,54,10,14,3,6,4,2,6,3,3,5,4,1,5,14,4,6,21,7,1,12,801,58,76,1,16,8,13,46,6,32,6
"54_016. Taylor Swift - Blank Space_noise_-12.5dB_sample1.wav",182,10,6,14,7,3,5,14,5,15,4,2,22,15,45,5,8,151,21,23,5,544,23,3,52,10,5,21626,6,5,2,19,8,3,448,4,11,1,6,71,5,68,4,2,9,8,14,6,3,20,18,2,2,8,8,8,3,508,4,6,4,5,2,5,1,15,6,55,2,45,9,16,3,15,5,5,3,11,6,2,0,1,2,13,3,5,5,6,3,3,0,68,71,0,15,18,13,47,13,28,12
"53_102. What_noise_-12.5dB_sample1.wav",170,2,2,8,2,1,2,4,12,12,5,6,22,11,44,10,4,152,3,24,10,378,22,1,46,10,4,15239,4,2,2,11,1,6,448,5,11,0,6,68,6,58,6,2,0,8,22,19,3,40,1,3,0,1,12,0,2,9,6,4,3,43,8,5,1,29,8,51,4,45,3,18,1,4,11,5,4,1,2,6,0,6,12,12,6,11,2,8,1,4,4,64,69,1,2,10,12,37,3,24,4
"28_074. American Authors - Best Day Of My Life_noise_-12.5dB_sample2.wav",187,11,8,66,6,11,7,29,20,16,4,5,36,26,48,16,8,1400,18,23,5,528,22,2,44,4,16,16221,6,8,4,27,14,15,492,19,12,0,35,71,4,54,13,4,68,3,14,1,4,163,8,6,2,9,5,2,16,20,1,1,2,7,5,13,11,65,8,55,39,47,14,124,3,8,28,24,21,0,13,7,2,11,6,24,4,55,38,18,34,5,2,60,73,2,47,1,13,46,29,25,10
"32_086. Olly Murs - Grow Up (Official Video)_noise_-12.5dB_sample1.wav",176,13,9,28,7,1,24,16,13,17,7,17,24,14,43,11,8,141,3,25,2,501,22,3,60,6,4,18815,10,3,8,11,3,5,417,5,11,7,4,67,2,52,10,4,3,22,22,8,3,7,6,2,18,9,6,6,5,8,2,7,14,6,3,4,3,4,12,54,5,50,5,33,3,11,8,3,3,5,3,1377,2,3,2,15,6,6,11,5,6,6,2,58,68,5,12,8,22,38,24,26,7
"89_091. Faster Car - Anders Lystell feat. Kaliber [EPIDEMIC SOUND] (Lyrics)_noise_-12.5dB_sample1.wav",175,48,15,66,58,2,5,145,7,15,8,6,117,13,48,6,7,144,18,23,5,550,22,28,44,4,13,11692,14,16,36,45,19,18,407,3,14,61,5,67,4,38,8,105,29,4,29,180,2,96,3,94,3788,93,10,1,3,3,2,2,5,7,4,42,24,2,8,49,45,48,5,14,1,3,2,2,7,7,9,82,5,2,1,50,2,8,30,69,2,7,31,59,67,0,10,14,13,45,5,955,5
"28_074. American Authors - Best Day Of My Life_noise_-12.5dB_sample1.wav",173,5,41,187,30,17,1,63,7,12,0,18,22,13,75,176,0,1713,21,49,5,514,59,19,46,15,118,22814,5,15,152,23,59,62,319,118,20,5,21,66,40,49,6,36,133,4,2,3,7,59,8,54,35,48,5,1,2,1,9,4,8,18,9,29,107,121,28,42,47,53,287,297,2,9,82,56,12,99,4,22,11,12,4,52,1,16,67,32,187,5,4,55,92,0,74,10,12,53,26,25,11
"74_029. David Guetta - Hey Mama (Official Video) ft Nicki Minaj, Bebe Rexha & Afrojack_noise_-12.5dB_sample1.wav",174,8,15,20,2,7,4,3,6,15,2,5,22,11,33,32,2,136,3,26,4,418,22,3,46,17,15,13567,4,48,7,27,8,17,475,98,11,8,14,66,12,53,15,6,4,8,4,3,7,11,2,91,0,3,14,0,2,3,18,6,1,15,6,6,6,12,7,55,23,49,30,145,36,7,48,36,4,9,3,2,15,5,11,28,2,17,20,9,59,2,4,59,890,2,2,2,11,28,129,25,7
"14_099. Sheppard Geronimo - [International Version] (Official music Video)_noise_-12.5dB_sample2.wav",167,8,3,396,4,3,2,63,6,15,2,3,23,19,107,253,3,176,9,98,4,524,22,27,44,23,1385,11902,5,15,295,22,76,8,317,216,21,4,38,66,70,33,9,2,131,8,12,0,10,115,43,102,2,90,10,5,6,12,3,9,1,14,2,3,193,212,23,44,39,92,396,396,0,3,153,99,13,99,5,3,24,4,3,79,6,25,8,12,380,3,1,55,104,1,116,1,12,99,37,22,8
"71_083. My Singing Monsters - Plant Island Theme_noise_-12.5dB_sample2.wav",187,23,2,788,16,0,8,28,8,14,6,4,24,17,47,17,12,150,6,26,36,539,5359,2,48,49,2,18339,5,3,5,11,4,2,478,4,13,5,8,74,8,55,6,2,1,4,4,2,3,26,3,62,8,3,6,0,2,1,0,3,1,2,2,8,2,72,6,57,2,163,3,41,2,9,18,12,3,1,13,4,14,0,1,23,1,102,10,4,12,6,4,65,66,20,4,2,12,47,6,25,3
"38_082. Smoke and Mirrors_noise_-12.5dB_sample2.wav",181,613,17,15,63,58,3,62,7,15,6,8,22,11,34,16,8,142,19,26,5,504,22,6,44,42,8,21281,26,195,51,21,12,5,463,96,23,1,8,76,10,62,3,2,19,16,16,4,19,4433,5,44,3,25,5,3,26,37,5,2,3,21,4,5,125,36,9,55,3,44,95,27,20,28,9,20,6,2,7,2,19,32,5,13,2,4,38,9,42,10,2,65,74,1,63,4,12,41,19,29,272
"99_080. Melanie Martinez - Carousel (Official Music Video)_noise_-12.5dB_sample2.wav",175,7,10,7,18,3,2,8,8,14,2,5,39,11,45,14,2,138,6,22,7,528,22,36,44,116,1,13024,8,4,4,21,7,2,451,8,11,4,8,66,4,44,4,11,6,8,10,5,3,4,2,12,12,3,5,1,2,3,0,2,1,88,2,3,7,4,7,2571,3,54,3,34,4,5,1,2,3,23,2,10,2,2,1,47,2,2,7,7,3,7,6,65,76,0,3,1,18,38,3,25,4
"25_035. Alan Walker - Sing Me To Sleep_noise_-12.5dB_sample2.wav",189,20,35,56,3,3,6,79,15,12,2,4,37,11,125,42,0,136,6,79,5,536,22,7,47,12,23,12973,4,34,27,23,5,23,460,40,17,2,37,66,15,44,14,2,17,8,63,6,5,47,10,10,3,9,4,1,45,11,10,2,2,6,21,11,23,63,12,54,32,54,114,132,31,19,31,39,3,27,8,3,2,4,7,69,6,48,4,17,33,7,6,56,67,2,14,9,12,1884,16,25,6
"73_Turn the Lights Off_noise_-12.5dB_sample2.wav",227,350,126,98,26,25,8,8,8,13,5,10,56,63,135,191,5,141,14,50,66,531,59,43,44,36,112,12241,17,16674,58,849,914,82,375,1226,64,133,185,70,226,51,12,67,49,4,150,8,9,198,21,1049,24,207,26,5,30,20,7,17,2,25,56,180,895,134,17,49,59,89,431,1227,40,27,29,54,11,88,89,50,3,34,39,95,10,50,162,105,39,13,10,57,68,16,7,9,13,97,171,25,344
"94_Banana Man_noise_-12.5dB_sample1.wav",191,2,30,100,2,2,2,86,4,11,2,5,24,12,67,8,1,134,6,25,4,467,22,10,44,1405,13,13579,22,5,2,17,25,6,323,28,11,0,9,63,3,56,2,2,11,5,6,5,6,15,12,11,6,15,15,0,60,21,9,4,1,8,5,14,20,17,7,48,4,44,6,107,42,9,4,5,3,4,2,6,2,7,6,19,21,4,10,27,1,4,4,55,66,1,40,5,11,24,33,28,19
"52_007. Katy Perry - Dark Horse ft. Juicy J_noise_-12.5dB_sample2.wav",171,199,3,581,16,138,43,4,5,22,11,6,77,13,710,2,88,162,12,22,73,433,22,28,100,10,12,12000,5,5,5,24,7,8,358,3,11,0,35,66,6,62,261,1,22,35,8,91,6,15,57,116,16,5,74,7,22,90,35,20,14,7,3,52,6,297,8,53,11,49,3,17,16,7,5,9,116,39,2,13,1,10,6,12,58,4,9,61,0,51,7,59,68,2,284,27,12,34,3,2080,9
"85_011. Martin Garrix - Animals (Official Video)_noise_-12.5dB_sample2.wav",178,6,2,80,4,7,10,7,3,14,6,8,22,3058,72,7,8,144,30,52,3,480,22,5,46,14,2,12386,7,4,6,11,5,3,441,48,13,1,26,66,3,58,5,2,3,6,29,4,4,60,38,6,3,6,12,3,13,1,8,2,8,4,8,10,3,7,14,46,3,59,22,63,6,9,3,3,3,2,6,4,12,10,2,17,3,5,7,8,4,16,7,57,66,1,6,19,13,36,5,25,6
"31_058. Rub Some Bacon on It_noise_-12.5dB_sample1.wav",242,33,508,19409,4481,4771,22,271,319,278,2,9,52,1630,1315,131,4,129,125,276,13,493,868,277,44,1396,99,12632,11,86,5,431,605,21159,349,240,1224,13,242,71,3,42,7,18,1276,8,81,3,8,747,99,4,3,5882,1980,3,75,1265,67,55,22,3,104,1562,13,1870,162,48,14,44,275,7497,93,263,845,110,5,5,12,2,4,121,8,111,110,7,4468,577,20,11,6,82,67,61,1452,110,23,88,73,28,256
"42_046. Meghan Trainor - NO_noise_-12.5dB_sample1.wav",174,8,4,53,1,3,17,4,5,16,3,3,22,19,42,18,4,134,12,22,5,518,22,5,44,7,3,11808,842,4,8,11,11,2,275,10,11,1,12,66,6,47,7,4,10,8,31,28,5,9,1,52,5,3,6,3,2,0,5,4,18,1,6,7,6,4,18,53,21,44,3,24,1,4,7,3,11,8,4,36,3,10,3,12,1,4,11,14,2,2,6,61,66,4,2,1,12,24,7,22,4
"41_The Bidding_noise_-12.5dB_sample1.wav",188,37,3,32,17,3,3,0,8,14,4,2,24,15,38,6,12,165,9,27,10,503,31,4,44,4,4,22725,5,2,2,11,8,3,481,7,12,1,7,67,2,47,2,5,1,4,6,2,5,57,2,2,1,6,6,1,4,7,2,9,1,6,7,1,4,11,8,55,2,44,7,22,1,11,1,4,14,1,2,2,4,2,0,13,2,1,21,11,4,6,2,61,69,0,4,9,592,38,2,22,2
"102_018. Shawn Mendes - Stitches (Official Music Video)_noise_-12.5dB_sample1.wav",180,86,2,77,4,16,7,4,4,14,4,760,24,11,44,12,8,146,13,24,4,522,22,5,44,9,2,21398,6,10,2,11,2,1,418,4,12,2,10,66,9,61,33,5,18,12,21,49,4,5,53,44,5,37,17,2,4,7,6,3,11,3,8,8,2,2,6,53,4,50,5,16,8,12,6,3,12,9,7,4,1,3,9,15,9,2,4,4,3,16,11,59,66,1,4,19,12,43,5,29,5
"66_Cruel_Summer_noise_-12.5dB_sample1.wav",220,13,63,99,24,44,5,250,22,13,2,7,22,13,42,13,6,111,25,23,6,426,26,7,44,75,16,11924,4,3,4,26,68,54,309,96,37,4,9,71,10,47,6,8,33,5,6,3,1016,68,45,24,3,22,32,2,99,35,39,16,4,8,16,12,11,77,7,38,4,50,18,78,66,10,22,10,3,5,5,5,2,7,11,11,10,8,38,23,8,4,7,52,66,3,90,10,11,42,44,24,8
"30_Cannibal_noise_-12.5dB_sample2.wav",273,47,5,198,12,22,9,16,13,13,9,6,22,12,44,24,4,132,4,44,12,531,32,4,52,13,23,20910,5,3,27,23,19,27,484,36,342,12,6,71,47,50,2,22,22,5,27,2,4,46,3,10,7,38,16,0,4,19,8,4,14,127,33,11,33,86,10,55,6,52,46,88,41,20,55,18,1,30,6,1,2,43,5,1389,7,19,764,17,58,8,1,71,76,5,33,7,12,54,43,26,9
"29_010. Katy Perry - Part Of Me (Official)_noise_-12.5dB_sample1.wav",247,3,17,310,1204,6,1,8,55,13,2,2,22,14,66,20,9,144,12,28,6,528,22,42,44,64,4,13073,2,7,4,13,26,47,484,4,11,0,6,66,12,55,20,4,8,4,6,13,8,52,6,2,11,12,24,2,22,12,5,30,4,29,22,7,22,23,10,54,7,53,29,56,4,132,11,26,9,5,6,39,44,3,2,13,8,7,81,7,7,6,13,63,75,3,31,4,12,39,14,69,27
"42_046. Meghan Trainor - NO_noise_-12.5dB_sample2.wav",183,2,4,17,0,0,0,15,5,14,2,4,45,13,37,4,0,137,6,24,9,488,22,1,48,6,1,22769,725,2,2,12,10,2,484,13,11,8,4,76,5,69,3,1,3,4,16,2,6,10,4,22,0,6,8,0,1,0,0,4,0,1,8,3,1,4,12,55,2,54,6,30,3,16,2,6,1,1,0,5,1,8,2,12,0,4,4,16,0,2,4,55,68,0,4,2,13,34,4,25,2
"17_084. Thomas Rhett - Crash and Burn_noise_-12.5dB_sample1.wav",170,8,2,12,1,2,81,7,4,15,4,3,27,13,47,45,644,136,6,23,2,528,22,1,46,6,12,13054,4,3,4,11,0,3,485,7,11,4,10,66,4,70,9,2,5,5,22,7,4,7,3,4,1,33,5,5,7,5,5,7,3,4,6,3,2,3,8,54,2,59,4,17,21,12,3,4,3,48,3,8,5,5,2,15,18,15,1,6,1,6,4,59,76,0,4,3,12,50,8,28,22
"101_070. Eminence - Knock Me Out (feat. Anna Cyzon) [Monstercat Official Music Video]_noise_-12.5dB_sample1.wav",178,24,158,517,268,466,1,99,261,16,15,24,22,116,227,24,8,136,51,54,3,456,195,136,44,157,27,17885,18,45,7,33,1338,440,333,83,168,7,37,61,13,62,76,12,302,6,15,5,8,68,91,8,18,196,303,3,34,270,20,36,24,9,17,83,61,162,29,52,16,60,83,304,3,339,155,81,22,1,18,126,11,48,3,131,84,5,441,192,5,4,5,64,66,8,313,68,12,48,44,28,46
"18_044. tony igy-stop in my mind_noise_-12.5dB_sample1.wav",185,36,33,172,10,17,2,28,8,14,5,4,23,29,44,7,8,144,23,28,4,523,44,10,44,29,15,16143,8,10,9,1324,9,54,414,12,13,5,19,75,12,43,41,6,72,20,9,4,13,136,3,7,11,22,13,1,36,30,8,3,11,2,11,11,8,39,8,51,14,54,34,33,1,6,27,19,19,6,22,37,8,8,4,15,3,15,31,88,3,10,6,68,70,8,94,7,13,63,9,88,12
"62_061. LEFT SCREEN ONLY Spot the Differences_noise_-12.5dB_sample2.wav",209,9,4,88,4,1,6,3,14,13,4,2,22,11,39,17,4,144,15,22,7,528,92,3,44,6,4,12429,6,3,6,14,2,1,365,2,11,5,3,66,20,47,9,4,1,7,11,2,2,8,2,6,2,4,7,3,1,1,2,7,2,5,8,9,3,12,14,50,20,64,3,26,3,24,1,5,6,14,6,1,1084,1,2,13,2,3,9,6,6,2,2,55,71,3,4,0,24,32,3,25,18
"36_072. Jessie J - Price Tag ft. B.o.B_noise_-12.5dB_sample1.wav",267,40,3,66,13,40,1,4,4,15,4,2,22,11,44,9,16,154,8,57,8,533,22,11,162,14,13,22814,9,13,17,13,120,2,484,305,21,1,7,71,14,65,3,5,4,4,6,11,24,67,6,24,1,16,3,1,2,11,0,2,16,34,44,41,155,92,4,57,5,207,130,259,34,6,32,3,3,11,0,1,7,64,5,29,4,25,8,38,3,4,2,63,93,1,1388,6,12,47,46,26,19
"64_097. Nightcore - Running With the Wolves [Lyrics]_noise_-12.5dB_sample1.wav",235,9,37,17,3,4,24,19,17,13,6,43,22,11,33,22,38,136,9,22,6,490,22,22,37,6,19,8087,26,14,9,17,27,4,280,20,11,3,209,60,3,41,6,5,50,12,8,84,4,52,7,65,8,66,17,1,1,2,2,3,2,17,5,24,34,19,26,39,29,97,15,19,3,14,14,125,2750,33,2,308,8,5,11,17,3,6,13,36,6,7,10,55,66,6,2,56,13,28,11,22,14
"27_022. Major Lazer & DJ Snake - Lean On (feat. MØ) [Official Music Video]_noise_-12.5dB_sample1.wav",216,36,1,428,10,19,13,1,29,820,8,22,25,11,385,93,12,147,17,529,16,548,22,1,53,12,22,13407,28,2,6,11,1,64,478,22,11,0,116,66,5,55,31,0,1,17,30,17,1,385,328,25,2,6,26,18,95,5,99,17,28,12,39,5,5,42,21,55,4,54,22,385,21,44,1,5,10,8,3,30,0,10,10,12,37,28,1,6,2,3,2,63,69,0,44,26,11,47,12,31,53
"15_060. My OCD (Song)_noise_-12.5dB_sample2.wav",176,2,1,12,1,1,1,0,6,14,2,4,23,11,43,14,8,141,6,25,12,536,22,1,44,4,4,17283,4,4,3,11,2,2,431,8,11,0,6,74,3,50,4,1,0,7,4,2,1,3,2,4,0,6,3,0,4,2,0,3,1,0,3,4,1,2,7,54,3,54,1,14,2,9,1,5,3,2,2,2,0,1,0,13,0,2,2,4,1,6,4,67,67,0,7,2,12,49,3,25,2
"104_024. twenty one pilots Stressed Out [OFFICIAL VIDEO]_noise_-12.5dB_sample1.wav",167,1,20,139,3,1,6,7,2,12,2,2,22,11,45,16,4,136,12,25,4,536,23,62,48,5,230,13216,5,21,39,12,32,4,484,12,15,0,6,71,39,59,3,1,12,5,4,1,6,4,1,2,0,181,6,1,1,2,1,2,1,9,4,36,90,16,959,50,3,237,24,365,13,6,12,21,3,9,2,1,7,6,0,23,0,5,5,4,18,4,2,67,68,0,2,18,12,45,1,22,11
"37_063. Bastille - Pompeii (Official Music Video)_noise_-12.5dB_sample1.wav",160,9,8,75,38,26,0,8,24,14,5,8,24,11,46,12,4,155,21,26,4,528,22,721,44,15,20,11849,6,16,9,15,28,66,435,12,13,4,8,68,6,64,11,15,5,7,4,11,4,12,3,9,21,64,11,1,3,6,2,12,4,9,4,10,12,11,19,47,10,52,14,52,0,36,9,20,6,12,10,26,6,7,4,14,8,5,20,9,6,6,5,65,66,4,5,4,13,51,8,41,5
"75_078. Kungs vs Cookin on 3 Burners - This Girl (Official Music Video)_noise_-12.5dB_sample1.wav",165,36,3,13,7,1,3112,6,4,13,5,26,35,10,37,12,15,135,8,24,36,416,26,6,44,8,6,10554,4,2,3,11,50,5,293,12,11,2,85,60,3,37,27,18,5,9,4,12,3,8,10,8,2,11,6,8,9,12,9,5,2,15,4,5,6,29,6,44,3,44,4,28,24,9,2,4,12,219,3,7,2,2,7,17,19,7,2,10,9,15,2,63,67,3,11,3,14,26,8,25,10
"63_087. Anaconda - Nicki Minaj  The Fitness Marshall  Dance Workout_noise_-12.5dB_sample1.wav",165,3,2,9,3,1,0,1,4,13,0,4,22,11,33,6,4,136,10,23,2,418,22,1,46,10,1,11435,5,4,4,11,5,5,355,8,11,0,10,64,6,65,3,0,5,14,42,1,7,7,2,11,3,0,8,1,2,1,0,3,1,1,5,5,2,5,17,46,2,49,8,28,4,12,3,5,5,1,490,3,0,6,0,11,0,6,4,6,0,4,2,55,66,1,1,4,11,36,4,22,9
"27_022. Major Lazer & DJ Snake - Lean On (feat. MØ) [Official Music Video]_noise_-12.5dB_sample2.wav",172,55,19,12,1,1,7,2,7,374,1,2,32,11,44,22,6,150,4,25,11,528,22,3,46,8,18,21371,2,6,3,14,2,10,410,5,11,0,14,66,6,46,6,9,3,10,11,8,4,8,3,2,1,3,9,0,6,2,2,9,4,12,4,5,11,5,8,46,2,44,6,22,4,16,3,4,37,8,1,6,0,3,25,11,1,8,1,8,0,5,2,60,79,1,6,8,11,43,5,23,8
"67_090. Josh Groban - You Raise Me Up (Official Music Video) [HD Remaster]_noise_-12.5dB_sample1.wav",187,37189,7,841,29,188,37,2,6,70,98,215,24,22,561,16,119,147,12,23,11,423,22,2,154,7,53,11969,92,16,4,11,39,8,427,31,39,2,46,66,45,59,423,30,11,139,506,1603,2,12,182,183,99,99,190,12,100,141,38,65,178,32,35,22,4,513,14,154,5,56,3,13,26,187,31,2,68,62,5,136,61,2,361,241,148,6,5,41,2,71,44,71,66,8,567,111,12,145,7,96,38
"44_Sacred Beast_noise_-12.5dB_sample1.wav",172,60,3,37,7,36,42,9,7,72,8,10,27,241,43,12,9,148,6,25,31,478,22,11,644,18,9,22674,16,87,9,14,12,7,659,6,20,2,26,66,4,57,112,7,327,51,122,624,4,130,138,514,23,528,138,5,20,1,20,7,37,20,4,21,8,64,10,46,58,162,17,39,164,6,13,9,32,13201,3,164,14,10,20,83,32,17,5,36,24,6,29,63,76,23,6,11,12,34,12,24,4
"49_050. Carly Rae Jepsen - I Really Like You_noise_-12.5dB_sample1.wav",170,8,2,16,1,5,1,4,5,13,2,2,23,11,36,2,2,156,9,22,4,443,22,0,46,8,4,13204,2,2,4,13,2,21,427,33,11,0,8,69,2,59,13,1,0,7,9,0,3,5,3,0,1,10,9,0,8,0,7,6,6,4,4,3,13,14,13,55,0,49,7,17,1,9,4,5,13,3,2,3,0,1,2,12,265,8,1,4,1,8,2,55,68,2,2,3,12,44,5,22,4
"45_005. OneRepublic - Counting Stars_noise_-12.5dB_sample2.wav",160,5,3,19,2,1,1,7,4,12,4,2,22,11,33,6,7,140,11,24,1,460,22,3,46,11,6,11392,2,5,8,13,38,5,247,8,11,3,4,66,3,59,4,2,10,16,6,2,6,3,7,8,5,6,5,1,1,0,9,4,4,3,3,6,26,5,15,41,551,44,6,20,19,12,4,4,16,2,0,11,3,8,5,13,1,5,4,5,11,3,2,55,71,1,2,4,11,34,8,22,9
"40_052. Lindsey Stirling - Moon Trance (Official Music Video)_noise_-12.5dB_sample1.wav",181,4,3,15,7,5,15,4,4,12,4,4,37,11,44,27,4,144,9,675,4,536,22,10,52,9,18,13024,4,3,4,14,6,7,484,4,11,1,8,68,2,60,11,2,4,8,7,3,7,16,41,11,6,15,10,1,15,7,5,7,8,9,49,3,15,20,4,52,3,54,10,45,117,14,3,4,29,9,2,11,3,5,2,16,10,11,55,9,2,7,4,73,77,0,23,2,13,56,17,22,4
"4_003. Lorde - Royals (US Version)_noise_-12.5dB_sample2.wav",181,12,5,16,2,2,1,4,6,13,2,3,22,19,44,12,8,140,77,25,4,528,22,1,44,5,3,22814,4,3,2,12,1,4,484,10,12,0,6,76,2,57,2,1,6,4,2,5,6,10,2,2,2,6,2,0,2,15,0,4,2,1,4,6,3,7,4,55,2,57,4,13,2,6,3,2,3,3,0,2,1,2,0,13,3,4,4,2,1,4,4,61,72,7,6,2,12,50,6,22,5
"79_095. Alan Walker - Alone_noise_-12.5dB_sample1.wav",184,66,22,621,16,75,17,25,19,35,11,19,41,26,537,89,8,140,23,359,4,540,27,7,72,23,24,12485,12,5,5,16,6,28,420,46,17,9,71,69,9,88,16,1,11,9,52,11,10,308,367,23,6,7,47,11,111,44,2944,11,12,7,16,8,4,68,14,52,3,52,52,332,21,22,5,4,6,4,4,25,11,22,6,16,78,17,13,56,3,4,9,73,86,6,45,21,12,36,9,26,20
"38_082. Smoke and Mirrors_noise_-12.5dB_sample1.wav",182,38,34,14,1,2,6,35,2,13,4,4,26,13,45,6,4,140,18,25,3,536,22,3,53,8,2,22720,4,5,4,11,5,3,497,6,25,1,8,66,5,50,4,1,2,4,7,2,4,800,17,42,2,3,6,4,4,30,5,4,3,1,12,5,3,7,4,55,1,49,7,49,48,4,13,1,4,21,2,1,5,2,4,119,8,45,3,6,4,4,4,63,75,3,5,2,12,37,3,22,4
"90_064. Eurythmics, Annie Lennox, Dave Stewart - Sweet Dreams (Are Made Of This) (Official Video)_noise_-12.5dB_sample2.wav",170,16,3,7,0,2,16,0,3,13,23,3,22,12,35,5,12,143,3,24,3,417,22,2,46,10,10,19414,2,4,3,11,7,3,414,5,11,1,5,66,4,47,30,10,1,4,19,3,2,6,23,3,5,3,3,7,3,2,1,2,21,6,5,5,1,2,4,52,1,49,2,48,7,5,1,2,12,1,1,9,3,11,4,15,6,4,22,5,9,1125,3,64,71,0,10,1,11,31,3,24,11
"35_036. Fall Out Boy - Centuries (Official Video)_noise_-12.5dB_sample1.wav",162,9,2,75,4,6,3,12,5,13,2,6,20,10,34,12,17,134,13,22,2,455,22,2,33,10,4,7568,3,3,4,13,15,5,237,736,11,1,7,52,6,35,3,4,3,8,4,1,3,6,5,4,4,4,4,31,5,3,5,4,2,3,12,8,99,24,10,37,3,43,7,21,6,6,3,3,24,2,4,2,1,2,1,15,3,2,4,10,4,11,2,59,47,9,24,8,19,20,3,26,6
"0_096. Nightcore - Mad World_noise_-12.5dB_sample1.wav",170,12,1,16,2,2,1,2,4,13,5,6,22,21,35,23,8,142,20,23,2004,461,45,12,44,6,24,21214,5,1,3,25,8,7,338,6,11,1,6,66,6,44,3,1,4,6,6,7,3,36,14,2,5,4,8,1,20,5,2,5,1,1,3,0,3,7,7,42,3,49,12,36,5,7,3,2,164,7,2,6,1,23,6,11,3,3,0,6,6,5,2,55,66,1,6,3,12,25,6,22,8
"33_076. Galantis - Firebird (Official Audio)_noise_-12.5dB_sample2.wav",168,459,2,99,8,20,55,2,4,34,6,16,22,55,33,9,3,136,15,22,5,400,22,9,95,6,1,20862,2,4,32,12,17,5,305,3,11,5,6,66,4,53,78,5,3,53,99,499,5,61,76,89,13,27,36,24,18,4,14,7,1900,8,3,5,32,70,9,49,22,49,3,14,20,3,3,3,12,16,1,26,5,4,46,13,6,7,1,18,4,21,9,55,69,27,5,12,12,22,37,22,9
"89_091. Faster Car - Anders Lystell feat. Kaliber [EPIDEMIC SOUND] (Lyrics)_noise_-12.5dB_sample2.wav",192,5,9,40,45,5,2,263,11,12,4,40,185,12,48,12,7,132,4,25,4,529,32,11,46,17,7,22863,26,75,18,19,15,18,425,4,11,29,6,66,9,60,6,11,18,8,6,20,4,9,4,10,3376,27,7,1,3,6,7,7,1,8,2,23,29,2,9,53,20,46,4,28,1,9,2,4,2,0,4,64,2,17,5,15,3,12,122,12,3,2,13,61,66,0,3,145,11,48,18,252,4
"94_Banana Man_noise_-12.5dB_sample2.wav",199,11,8,45,1,1,1,5,6,14,2,4,24,12,100,18,11,132,13,31,4,539,22,3,48,708,7,13723,4,29,3,11,1,6,453,32,11,16,29,66,7,73,3,1,2,4,17,3,5,39,7,36,2,37,5,3,4,1,4,3,2,1,18,5,4,30,12,52,8,54,68,51,3,13,3,6,5,0,3,3,7,5,4,14,7,8,7,10,2,5,6,58,81,1,11,1,13,47,8,27,6
"61_045. The Black Eyed Peas - I Gotta Feeling (Official Music Video)_noise_-12.5dB_sample1.wav",178,30,10,28,4,3,18,5,8,17,16,5,28,28,43,43,34,147,8,24,5,528,95,4,48,12,41,13456,3,9,5,108,6,42,352,8,76,1,31,68,4,47,17,10,7,16,16,10,7,4,32,2,0,20,21,5,10,5,8,4,29,12,5,4,2330,13,15,48,3,50,10,47,84,9,46,18,3,72,4,39,2,12,8,75,68,5140,2,5,4,7,4,59,74,2,30,4,20,39,70,29,16
"19_054. Owl City - When Can I See You Again (From Wreck it Ralph)_noise_-12.5dB_sample1.wav",177,8,17,28,2,2,4,10,3,14,3,4,23,14,44,18,4,151,12,24,4,528,22,2,44,6,8,14681,4,10,2,11,2,6,419,4,11,3,4,66,3,55,5,4,3,32,5,2,2,15,1,4,1,3,5,3,4,2,8,4,4,1,4,4,6,11,6,54,4,46,850,19,20,6,7,1,18,3,4,3,2,1,2,15,2,18,3,6,3,5,6,56,69,1,7,2,13,41,26,25,6
"69_066. Jessie J - Bang Bang ft. Ariana Grande, Nicki Minaj_noise_-12.5dB_sample2.wav",181,14,2,10,1,0,0,4,10,14,4,10,22,15,46,6,8,148,12,28,3,534,22,0,52,6,3,20146,4,2,4,11,2,4,484,8,13,0,8,76,2,60,6,1,14,8,4,3,4,10,6,6,4,31,7,154,1,0,0,4,12,1,5,7,6,4,8,55,2,54,4,15,1,12,2,4,5,2,2,2,0,0,0,12,0,4,6,6,3,3,4,61,66,0,3,3,12,47,4,26,7
"86_019. Naughty Boy - La la la ft. Sam Smith (Official Video)_noise_-12.5dB_sample2.wav",189,7,4,19,1,1,2,9,2,14,4,4,22,15,44,14,7,138,7,24,8,536,22,11,51,10,7,19834,21,9,24,15,56,11,411,13,12,2,6,66,7,42,24,1,35,8,12,5,3,4,2,64,5,5,4,0,2,0,1,2,0,4,6,7,80,11,4,51,11,54,16,159,2,4,7,7,3,1,2,18,1,15,4,32,0,4,11,651,12,7,4,63,71,0,5,2,12,45,15,34,8
"21_085. Janji ft. Johnning - Heroes Tonight 1 HOUR_noise_-12.5dB_sample2.wav",166,1501,1,598,18,39,23,0,7,15,8,12,24,13,48,24,19,138,9,25,7,536,23,10,95,9,17,21412,4,20,12,13,68,6,436,5,15,4,38,68,6,56,278,9,5,58,197,671,5,42,107,119,28,31,65,15,36,7,12,17,47,9,8,8,154,89,14,62,13,44,5,193,69,9,15,4,35,52,3,19,12,7,159,34,38,8,6,13,7,9,14,82,66,5,7,27,21,47,38,23,33
"91_Greener_noise_-12.5dB_sample1.wav",164,95,12,27,38,7,100,107,11,14,11,52,37,13,40,51,10,137,12,34,4,446,22,6,68,13,50,13024,9,12,19,18,28,7,458,34,11,10,31,76,6,50,18,13,15,21,25,17,7,97,186,18,19,15,14,2,30,3,15,36,24,33,10,88,4349,18,6,52,18,49,17,54,152,24,45,12,67,25,7,92,40,9,10,41,13,66,23,24,20,10,3,59,71,6,15,2,12,28,164,27,33
"48_027. MAGIC! - Rude (Official Video)_noise_-12.5dB_sample1.wav",176,28,2,15,3,11,1,4,4,16,4,2,22,11,48,6,9,140,12,22,3,529,22,3,44,6,3,17039,6,21,3,11,14,3,464,11,11,818,8,71,7,66,4,18,1,10,24,27,1,3,2,54,8,6,2,2,4,1,4,3,3,3,3,8,3,4,6,55,5,52,12,17,2,3,3,2,6,32,0,4,2,8,2,14,0,5,8,3,2,4,2,58,69,0,2,2,12,44,4,28,2
"43_098. Nightcore~ The Wolf_noise_-12.5dB_sample2.wav",174,9,2,375,22,25,19,0,3,14,4,8,30,14,33,14,8,144,5,25,8,484,68,1,44,28,2,17065,7,2,6,12,5,4,469,3,12,30,11,69,4,58,3,3,3,5,4,10,3,8,20,4,4,6,41,67,14,7,10,7,1,3,25,5,2,21,6,55,4,54,4,17,1,6,81,3,8,12,1,6,8,1,1,12,5,2,2,5,3,6,3,59,76,0,10,2672,11,34,4,22,10
"59_014. Avicii - Hey Brother (Lyric)_noise_-12.5dB_sample2.wav",172,485,17,266,24,255,72,4,61,42,79,105,35,71,1591,95,93,143,10,28,41,528,22,19,5741,87,7,13024,39,6,6,31,18,38,5966,8,49,4,24,66,7,44,577,3,8,59,34,236,3,75,42,9,3,13,86,16,218,303,30,52,23,85,8,50,24,1016,10,55,447,49,23,193,127,177,60,11,371,166,4,67,9,36,14,149,69,60,44,16,3,127,12,56,66,3,1026,58,13,50,58,105,35
"95_053. Avicii - Hey Brother_noise_-12.5dB_sample1.wav",172,12,2,16,3,3,45,2,38,13,17,8,34,11,34,96,33,133,12,56,2,466,22,2,847,8,31,20728,2,4,8,11,1,6,811,4,11,2,37,66,2,53,23,2,3,16,7,11,3,87,67,20,2,5,11,2,11,6,17,8,19,4,8,10,52,11,8,55,3,52,3,23,172,18,12,13,3,15,2,15,0,3,7,12,27,22,6,12,2,2,3,58,66,4,4,1,11,25,42,22,8
"52_007. Katy Perry - Dark Horse ft. Juicy J_noise_-12.5dB_sample1.wav",167,3,3,10,6,0,2,2,4,14,4,3,22,14,48,14,5,148,15,23,31,552,22,2,44,22,2,15236,7,3,10,12,10,2,404,4,12,1,34,76,6,57,3,2,0,10,4,6,4,4,4,7,6,5,9,1,4,2,1,8,1,5,2,3,2,21,8,50,6,54,4,16,7,8,1,2,20,2,4,11,1,2,2,13,2,5,2,22,6,12,4,71,68,0,6,1,12,47,3,994,3
"47_020. Warriors (ft. Imagine Dragons)  Worlds 2014 - League of Legends_noise_-12.5dB_sample2.wav",173,65,39,12,27,7,4,18,7,13,4,12,42,15,64,17,8,135,19,33,2,539,22,82,44,23,26,12141,15,9,12,19,469,13,429,218,69,1,48,71,6,47,9,19,35,4,6,2,44,9,4,20,2,5,5,2,1,2,2,3,6,26,13,12,290,39,7,46,12,2441,47,284,17,23,12,12,3,18,2,15,5,12,3,161,1,9,66,13,19,5,3,60,68,14,58,9,18,46,98,28,30
"10_012. Calvin Harris - I Need Your Love (Official Video) ft. Ellie Goulding_noise_-12.5dB_sample2.wav",161,99,2,23,9,6,18,1,2,15,4,8,22,10,39,8,12,127,12,22,2,488,16,1,44,12,4,11187,8,3,6,16,4,12,226,7,11,2,7,60,2,47,13,2,4,601,23,7,2,8,26,2,1,3,12,10,10,17,3,11,11,4,8,37,1,22,16,34,7,52,2,15,4,12,2,4,18,1,3,11,3,3,1,12,22,10,2,10,2,39,4,55,66,3,86,10,12,30,2,24,6
"49_050. Carly Rae Jepsen - I Really Like You_noise_-12.5dB_sample2.wav",182,175,1,264,3,15,2,8,6,14,4,5,23,19,43,12,7,132,4,25,6,536,22,2,48,4,1,13024,4,6,10,11,4,5,484,8,12,0,10,71,2,59,112,3,13,20,44,175,2,4,47,64,3,18,36,2,16,5,7,5,12,4,2,3,1,12,6,56,2,49,2,15,8,4,5,2,5,0,0,2,2,1,32,13,191,5,4,4,1,4,4,63,74,0,7,10,13,31,4,25,11
"88_033. Fifth Harmony - Worth It (Official Video) ft. Kid Ink_noise_-12.5dB_sample1.wav",172,4,4,51,7,3,37,1,4,11,627,4,22,11,33,4,8,136,2,25,1,481,22,6,46,7,1,15673,6,2,10,11,11,3,484,8,11,5,4,76,6,50,2,9,44,8,21,8,4,6,2,13,1,20,6,2,4,0,4,3,8,9,4,5,2,2,11,54,4,54,4,608,0,9,2,3,19,3,3,14,0,1,3,13,0,4,1,4,9,5,4,60,84,9,6,6,11,28,3,25,7
"31_058. Rub Some Bacon on It_noise_-12.5dB_sample2.wav",299,34,801,29937,5195,4909,20,359,336,298,4,3,56,1983,1765,327,8,154,244,329,58,528,1580,333,46,1798,188,15664,11,179,3,888,614,38682,492,108,1336,20,391,111,6,58,1,15,1276,6,158,9,17,815,99,6,6,8755,1980,7,363,1265,102,55,22,8,50,1729,26,3167,156,84,13,54,485,9209,33,189,791,110,9,18,6,3,0,278,12,102,136,12,4912,1352,30,8,5,112,75,105,1492,110,29,88,55,26,302
"81_013. Passenger  Let Her Go (Official Video)_noise_-12.5dB_sample1.wav",190,4,8,129,9,19,2,4,4,14,4,12,26,16,39,18,4,150,4,23,8,487,22,12,48,20,9,22524,7,15,5,11,34,35,475,19,23,3,12,66,11,58,3,1,4,5,4,3,7,4,3,19,2,8,5,3,2,5,2,6,1,2,1130,32,22,12,7,55,10,60,31,47,2,6,12,12,3,6,2,2,4,8,3,13,27,8,14,8,2,4,4,70,72,1,2,6,12,37,8,25,7
"22_094. Harry Potter Puppet Pals - The Mysterious Ticking Noise (Video With Lyrics)_noise_-12.5dB_sample2.wav",198,1,2,16,2,0,2,5,6,15,3,7,22,11,48,5,8,146,12,26,2,536,22,1,44,6,1,12779,4,4,3,11,1,2,416,10,11,0,8,66,2,52,6,0,0,8,2,2,2,3,3,2,0,6,8,2,2,1,8,4,1,1,6,2,0,2,6,49,2,49,1,11,4,6,4,1,3,3,2,6,1,75,1,13,0,4,0,4,1,8,4,61,66,0,4,2,13,44,4,27,4
"78_026. Katy Perry - Firework (Official Music Video)_noise_-12.5dB_sample1.wav",227,10024,3,3345,99,298,41,11,14,79,139,377,26,10,814,13,134,128,10,23,27,521,22,12,228,15,11,12481,93,55,11,35,24,4,348,3,23,34,71,68,3,38,3354,110,1044,355,1881,46173,7,47,2474,810,134,2471,1029,7,469,130,116,46,905,41,40,39,19,630,20,374,143,165,9,51,74,242,7,6,66,287,25,661,9,10,667,79,150,10,9,76,8,26,34,55,68,2,657,136,12,45,3,281,26
"33_076. Galantis - Firebird (Official Audio)_noise_-12.5dB_sample1.wav",185,363,3,112,3,12,30,6,4,23,2,4,24,29,43,14,11,140,12,25,4,523,22,12,52,5,1,13024,5,7,46,13,14,2,471,4,13,1,6,71,2,51,74,7,3,26,99,198,1,13,26,83,6,22,16,36,9,0,8,3,1106,9,4,4,45,12,4,55,11,54,2,16,5,6,3,2,3,13,5,36,3,2,53,14,6,8,4,3,1,20,11,58,68,39,8,7,15,50,52,26,9
"97_075. Lindsey Stirling - Prism (Official Video)_noise_-12.5dB_sample1.wav",163,17,25,15,7,1,1,1883,2,15,1,7,24,11,33,1,4,128,9,22,2,303,22,3,44,10,2,16432,48,22,6,29,4,3,429,5,11,3,19,66,41,53,8,8,51,6,32,10,13,111,2,26,15,1,7,1,1,0,1,4,2,2,3,16,9,91,16,43,17,80,6,88,243,8,230,6,3,3,2,15,5,2,3,137,0,6,45,19,7,3,2,58,66,0,1,1,11,25,208,22,6
"14_099. Sheppard Geronimo - [International Version] (Official music Video)_noise_-12.5dB_sample1.wav",179,80,5,51,7,11,3,31,9,14,4,4,24,31,44,12,4,152,8,25,6,528,23,4,46,8,591,13024,6,12,10,38,23,24,484,9,11,1,14,76,4,60,8,10,84,3,9,2,11,261,25,9,5,4,98,1,13,21,3,8,3,3,2,4,2,67,6,52,2,49,29,38,1,11,3,3,12,50,12,0,7,1,7,13,2,3,6,12,4,4,4,60,71,2,55,2,12,39,6,25,20
"68_055. Madness - Our House (Official 4K Video)_noise_-12.5dB_sample1.wav",172,4,3,44,3,2,3,12,3,11,1,4,21,13,36,5,0,124,3,21,7,452,22,11,38,14,3,8525,4,2,5,13,3,3,301,4,11,2,2,57,2,31,2,7,4,4,2,3,2,7,4,2,8,5,2,2,7,2,1,3,1,2,3,5,2,20,7,38,5,40,2,40,2,3,3,1,6,5,3,15,4,9,827,11,2,4,4,4,0,5,1,52,53,0,1,3,11,23,3,22,4
"32_086. Olly Murs - Grow Up (Official Video)_noise_-12.5dB_sample2.wav",171,77,4,120,8,32,47,4,5,15,20,4,24,12,44,14,14,136,3,23,4,474,23,5,52,10,7,13154,7,5,13,12,6,5,438,8,50,9,15,76,2,50,19,6,14,22,57,28,3,36,9,96,6,9,33,6,2,3,13,10,5,19,8,15,8,13,8,55,2,60,1,18,33,15,12,6,34,12,5,1812,10,11,39,15,12,11,13,13,9,52,10,60,66,41,25,14,30,27,25,28,53
"92_025. Fall Out Boy - Immortals (From Big Hero 6)_noise_-12.5dB_sample2.wav",173,5,15,13,12,6,2,17,6,15,7,4,24,14,41,11,16,154,9,23,6,513,23,6,44,17,2,15062,3,2,5,17,3,3,414,8,11,0,8,64,3,75,6,1,19,8,6,1,6,38,3,2,0,6,9,0,21,36,1,11,6,9,3,6,18,17,6,53,20,52,5,44,1,9,4,15,6,5,4,1,1,1,1,15,4,4,3,15,1,10,4,59,71,4,18,2,15,35,6,25,6
"100_059. Nilla Wafer Top Hat Time  Song - Rhett & Link_noise_-12.5dB_sample1.wav",186,4,7,204,5,29,2,3,4,13,2,4,22,11,34,28,1,137,25,24,6,438,22,1,48,8,3,22814,6,4,37,11,10,17,484,5,12,0,7,66,4,52,3,2,4,4,3,3,4,6,8,4,1,6,7,1,4,4,1,2,1,0,12,41,3,24,15,55,3,64,31,72,3,6,5,2,3,3,4,3,3,4,2,13,5,4,5,4,782,10,2,63,85,10,4,3,13,37,7,22,8
"7_092. Harry Potter Medley on Marimba_noise_-12.5dB_sample1.wav",181,78,33,11084,56,16,77,2,4,12,27,17,118,33,131,19,86,140,26,32,2,516,22,15,46,14,27,12531,25,100,32,14,95,10,292,13,20,29,10,66,9,73,151,6,43,26,212,22,16,88,62,128,27,28,35,14,170,12,18,110,38,47,10,10,32,33,8,45,81,46,41,144,41,33,25,20,3,27,16,110,12,18,6,32,32,12,44,42,2,45,16,55,66,28,51,80,24,65,37,30,40
"6_043. Wintergatan - Marble Machine (music instrument using 2000 marbles)_noise_-12.5dB_sample2.wav",295,2789,33,13647,864,1637,244,280,209,187,132,1189,661,79,114576,482,516,144,210,5259,235,478,22,153,1756,113,78,22814,462,23,27,18,490,60,1495,220,642,1,2700,1663,67,58,3063,57,63,165,164,1010,21,5819,2649,22,45,42,399,63,2107,1122,276,179,129,168,125,201,712,6247,287,77,22,63,336,5072,566,2300,286,128,1130,396,66,160,61,186,34,336,630,355,90,251,140,310,109,96,176,100,6885,1029,13,305,339,831,456
"4_003. Lorde - Royals (US Version)_noise_-12.5dB_sample1.wav",192,13,1,104,5,1,2,2,11,13,19,2,22,12,118,12,8,173,706,132,20,528,22,11,50,7,11,13478,2,4,3,11,70,2,475,23,18,0,19,67,4,72,1,11,5,4,3,2,3,102,82,2,4,3,24,2,25,15,5,5,4,22,5,3,164,21,16,53,2,67,20,77,8,9,7,4,66,9,2,3,3,14,0,77,4,2,12,4,6,8,2,55,71,0,4,1,13,52,40,31,19
"9_034. Pitbull - Timber (Official Video) ft. Ke$ha_noise_-12.5dB_sample1.wav",174,264,10,108,1,3,37,6,3,12,3,2,22,12,33,23,3,148,12,22,2,460,22,5,48,10,11,22221,4,9,802,11,20,6,477,56,12,1,9,71,2,60,5,5,30,8,218,3,5,5,1,63,4,21,8,28,1,0,5,3,29,13,4,3,69,17,9,50,5,44,33,53,2,8,15,10,5,14,1,58,3,2,2,13,0,4,8,28,32,37,1,59,69,62,8,1,12,130,84,22,12
"105_101. Yann Tiersen - Comptine d`un autre ete - l`apres-midi_noise_-12.5dB_sample2.wav",178,74,98,609,51,66,16,52,44,13,5,2,58,27,303,106,8,139,174,198,1,528,123,64,68,59,94,13269,12,180,175,146,461,147,430,242,47,21,46,75,98,60,21,63,54,12,11,2,12,81,63,448,9,38,48,8,23,186,19,12,5,99,39,94,272,248,38,55,100,113,196,9645,22,101,123,98,5,77,6,21,81,52,17,113,32,26,133,62,227,5,4,63,81,1,190,33,19,66,103,27,198
"62_061. LEFT SCREEN ONLY Spot the Differences_noise_-12.5dB_sample1.wav",171,16,8,270,0,0,1,24,3,15,4,2,22,11,40,8,4,140,8,23,2,488,28,1,48,33,52,21885,3,4,12,11,77,2,484,5,23,0,4,67,3,54,1,1,6,4,4,1,17,77,8,4,0,6,6,1,1,1,0,5,1,8,98,3,77,97,8,51,74,49,5,99,4,8,6,25,3,7,3,4,2355,0,1,23,3,9,1,8,87,4,1,58,71,0,2,1,22,38,2,25,667
"36_072. Jessie J - Price Tag ft. B.o.B_noise_-12.5dB_sample2.wav",169,43,5,7,1,10,1,7,3,14,8,4,26,15,41,28,13,144,6,24,6,473,23,1,44,8,23,12611,6,6,8,13,2,20,442,6,12,4,8,66,10,57,6,1,45,15,19,2,4,153,4,4,2,3,8,0,3,18,4,5,2,2,6,5,2,28,7,55,2,64,7,16,4,7,13,3,18,2,4,3,0,0,7,27,5,34,1,10,2,4,3,79,79,0,677,5,11,35,6,22,8
"48_027. MAGIC! - Rude (Official Video)_noise_-12.5dB_sample2.wav",177,32,9,19,2,8,2,6,4,15,1,2,22,15,41,7,9,135,3,25,4,526,22,0,65,6,4,14859,4,25,8,11,33,8,484,29,11,733,4,66,20,69,6,1,6,9,24,15,3,4,1,31,7,36,4,3,1,1,5,3,1,1,6,5,4,3,6,54,1,49,27,33,0,8,2,5,6,41,4,4,0,4,1,15,1,3,22,8,2,6,4,61,71,0,12,2,13,41,6,24,2
"75_078. Kungs vs Cookin on 3 Burners - This Girl (Official Music Video)_noise_-12.5dB_sample2.wav",174,126,4,44,4,2,1845,0,4,15,9,11,24,11,44,15,7,136,12,25,33,542,22,3,46,6,1,13124,6,4,5,11,2,12,484,13,11,2,45,71,2,60,127,7,2,7,20,54,2,6,5,4,3,2,7,1,5,7,1,3,6,5,4,7,1,41,8,53,3,54,3,18,12,8,3,2,26,100,2,14,15,15,37,15,35,3,3,6,16,30,3,63,78,2,5,4,12,36,2,27,27
"78_026. Katy Perry - Firework (Official Music Video)_noise_-12.5dB_sample2.wav",187,2347,10,1028,9,58,12,3,6,28,15,23,24,13,44,12,14,142,18,25,27,498,23,2,52,7,4,22056,3,8,4,11,4,2,416,7,12,2,18,66,2,81,1063,52,3,95,691,4431,6,8,606,337,23,127,195,6,104,29,34,21,121,1,3,17,2,11,12,174,3,47,6,28,71,15,3,6,7,8,8,39,1,8,194,12,69,9,3,8,6,8,14,55,71,1,11,46,12,41,2,89,6
"69_066. Jessie J - Bang Bang ft. Ariana Grande, Nicki Minaj_noise_-12.5dB_sample1.wav",176,53,3,66,5,14,11,2,5,13,5,11,22,11,55,18,10,141,18,23,9,498,22,7,51,10,3,22863,4,2,2,11,2,18,330,4,11,2,10,66,6,55,23,1,1,5,4,9,6,6,4,4,1,6,8,442,9,8,2,5,2,2,3,4,1,25,9,55,1,49,4,31,4,8,5,4,6,5,2,5,0,5,1,12,9,4,4,10,4,8,4,57,71,0,62,10,12,33,3,25,7
"55_009. Taylor Swift - Shake It Off_noise_-12.5dB_sample1.wav",186,113,21,88,30,16,19,228,11,23,26,17,292,20,1502,34,14,138,10,67,4,509,22,11,68,40,31,13220,16,4,8,41,24,11,436,89,26,1,527,3560,26,53,43,5,50,24,23,48,13,688,114,38,3,23,126,1,179,65,10,14,12,3,9,8,16,107,47,55,4,44,39,279,72,124,22,28,31,8,10,12,1,95,5,11,46,59,31,74,13,7,5,67,69,4,104,55,12,111,108,26,38
"17_084. Thomas Rhett - Crash and Burn_noise_-12.5dB_sample2.wav",178,109,1,82,9,14,49,3,8,18,24,29,27,11,44,52,1290,136,12,30,3,528,22,3,46,7,21,14026,22,9,6,11,2,4,463,5,14,0,13,66,13,53,114,7,3,50,27,95,5,7,29,21,7,22,23,8,38,5,5,13,7,13,8,7,10,33,16,54,6,44,5,96,41,33,3,7,19,2,4,15,2,10,8,12,18,30,1,21,1,8,4,55,74,0,33,17,12,47,37,22,23
"84_001. Anna Kendrick - Cups_noise_-12.5dB_sample1.wav",186,2,1,12,0,2,1,4,63,14,8,6,24,13,50,18,4,138,6,25,3,536,22,1,44,8,2,21317,6,3,2,12,4,2,499,4,12,0,24,71,2,54,4,1,9,5,4,2,3,10,1,6,2,7,3,3,4,4,2,2,0,7,4,9,4,6,6,55,6,54,3,17,2,3,9,3,1,5,2,4,1,1,0,12,0,4,5,6,2,4,4,64,68,0,6,4,12,47,2,28,5
"54_016. Taylor Swift - Blank Space_noise_-12.5dB_sample2.wav",186,440,11,341,24,214,45,46,9,15,23,141,23,11,1176,11,87,147,12,25,33,534,23,1,255,16,14,13024,43,4,9,16,12,14,484,7,55,1,6,68,3,74,468,2,4,62,10,190,5,8,45,3,3,11,66,16,168,1453,6,15,10,35,15,21,9,845,7,62,2,60,3,29,2,208,6,6,232,111,2,21,0,13,23,13,50,9,6,4,1,66,7,61,68,2,836,31,13,43,11,115,26
"97_075. Lindsey Stirling - Prism (Official Video)_noise_-12.5dB_sample2.wav",208,6,5,72,10,10,1,1240,8,15,6,22,34,16,40,10,24,154,20,24,4,478,22,5,46,27,11,13444,37,11,22,20,6,15,398,6,11,0,34,66,8,63,8,4,68,7,146,46,20,145,3,103,4,33,9,1,5,18,0,6,2,0,26,21,1,45,5,56,21,44,8,174,1,6,3,7,9,0,5,9,3,6,6,19,4,3,40,8,2,8,2,61,75,1,51,2,13,30,7,26,8
"58_039. OMFG - Hello_noise_-12.5dB_sample2.wav",183,10,1,8,1,4,2,0,4,13,2,3,24,11,43,9,4,132,13,28,4,508,22,1,44,6,2,12730,4,2,3,11,3,3,413,3,11,1,10,67,3,44,3,3,0,6,2,1,4,20,1,2,1,2,6,0,2,1,1,4,0,0,4,3,1,3,6,52,2,44,4,15,2,5,22,4,3,4,1,2,0,0,1,13,4,4,3,6,1,6,4,55,66,65,4,4,11,37,2,24,4
"87_079. twenty one pilots Heathens (from Suicide Squad The Album) [OFFICIAL VIDEO]_noise_-12.5dB_sample1.wav",190,4,2,31,1,2,1,6,4,12,4,6,22,22,44,14,16,140,12,26,1,536,22,2,44,6,8,12828,3,3,11,13,4,12,475,14,11,0,7,66,5,51,21,3,28,8,7,2,4,72,4,24,1,6,5,1,2,2,0,2,1,4,24,3,15,31,8,51,12,50,20,93,2,5,19,457,16,16,1,1,18,5,8,13,3,5,14,6,18,2,4,63,71,2,19,2,12,47,12,25,4
