"33_076. Galantis - Firebird (Official Audio)_noise_-15dB_sample1.wav",194,14,8,18,2,1,8,2,5,15,4,4,24,11,38,1,8,146,3,25,3,493,22,1,52,5,6,13024,12,3,3,17,9,6,389,3,11,1,12,66,5,49,8,2,1,5,10,5,7,17,3,3,9,18,8,8,2,0,2,11,358,0,4,1,1,4,11,54,2,49,7,25,2,17,5,2,2,4,4,5,1,4,1,18,2,5,1,4,1,4,1,66,75,1,17,4,13,28,9,25,6
"31_058. Rub Some Bacon on It_noise_-15dB_sample1.wav",164,4,11,13,3,2,12,10,11,13,3,5,22,24,37,6,8,132,6,22,4,482,22,4,52,5,4,21617,8,6,20,11,1,429,407,6,11,0,1,66,2,40,6,1,5,7,2,10,3,22,1,14,5,2,6,1,1,1,0,4,1,7,3,10,18,7,6,44,2,49,4,32,2,9,4,4,2,5,2,3,2,2,8,13,2,3,4,7,2,4,6,58,66,3,2,10,12,28,13,22,6
"15_060. My OCD (Song)_noise_-15dB_sample1.wav",160,35,6,48,11,3,3,6,5,15,4,5,836,11,44,9,8,142,10,28,5,498,23,20,44,8,17,15186,4,6,8,18,43,7,294,26,26,1,12,64,17,45,3,11,11,12,3,3,5,11,3,9,2,29,10,4,2,5,3,3,1,15,8,10,187,14,6,44,2,44,12,87,11,9,18,6,6,23,6,2,2,12,3,31,2,6,45,9,6,8,12,60,68,1,5,2,13,31,25,28,8
"70_You and Me_noise_-15dB_sample2.wav",172,16,21,543,212,311,4,71,93,16,2,11,24,138,130,111,24,144,28,71,1,518,112,25,133,192,60,11705,6,11,54,53,153,583,327,152,77,7,81,64,51,48,10,1,205,84,55,4,5,115,30,21,1,193,175,20,12,166,16,19,16,29,15,110,251,110,40,35,37,121,79,475,196,37,4318,132,5,60,2,6,7,25,13,269,37,32,268,106,276,15,4,55,66,5,180,37,11,59,21,25,43
"69_066. Jessie J - Bang Bang ft. Ariana Grande, Nicki Minaj_noise_-15dB_sample2.wav",188,14,3,5,3,3,2,0,6,15,2,10,24,15,44,12,4,138,6,23,1,528,22,0,48,4,0,22910,6,1,4,11,10,1,471,8,12,0,6,71,3,61,6,2,3,7,5,2,2,4,6,5,3,7,5,121,2,1,0,2,12,3,2,3,3,3,4,55,6,50,2,15,2,9,2,4,6,1,0,5,0,1,2,15,1,3,6,2,1,7,5,59,66,0,3,2,11,42,3,25,2
"45_005. OneRepublic - Counting Stars_noise_-15dB_sample2.wav",172,12,6,9,9,0,1,20,8,15,7,9,22,11,34,13,10,143,11,24,5,463,33,8,42,15,7,14556,5,3,6,11,7,3,369,2,11,1,6,66,4,57,15,2,15,3,8,2,1,68,1,8,2,8,4,2,10,0,1,4,3,2,4,6,23,4,6,51,334,48,8,20,7,7,1,2,7,3,4,3,1,12,0,13,4,2,8,6,3,4,4,57,66,1,4,7,15,34,12,25,9
"4_003. Lorde - Royals (US Version)_noise_-15dB_sample2.wav",169,20,3,343,6,8,2,4,8,14,9,4,45,13,362,28,4,139,288,333,2,523,22,7,44,10,5,12926,6,11,3,13,73,16,458,29,12,1,93,71,9,63,6,7,19,7,4,1,4,216,138,2,3,15,12,8,66,5,20,3,4,12,19,27,164,21,18,53,49,54,62,483,7,6,4,7,25,7,4,2,4,15,3,63,8,6,9,8,1,5,4,64,76,1,22,4,13,41,40,25,13
"82_A Lady_noise_-15dB_sample2.wav",187,58,16,431,79,24,6,111,29,62,15,15,226,282,3504,49,8,152,24,90,107,529,149,7,90,65,51,22993,34,44,11,48,19,70,484,53,11,2,22744,535,60,73,68,6,11,71,42,30,8,642,154,33,5,24,104,12,172,21,38,25,17,20,68,47,14,22,61,55,9,47,72,195,83,88,33,199,87,11,15,8,2,101,27,89,15,99,157,153,102,9,11,70,71,16,46,27,13,77,95,28,41
"101_070. Eminence - Knock Me Out (feat. Anna Cyzon) [Monstercat Official Music Video]_noise_-15dB_sample2.wav",162,2,3,17,3,2,2,5,7,16,4,4,24,11,43,10,5,146,8,25,2,526,22,7,44,6,0,11867,3,4,10,11,318,3,291,4,12,0,33,64,2,50,9,3,2,6,2,1,4,4,1,9,0,6,3,3,2,2,1,2,1,0,4,4,1,3,6,44,5,45,3,20,4,3,1,3,2,1,4,1,1,2,4,14,0,3,2,4,2,7,2,56,66,0,2,1,19,48,3,25,3
"76_073. Lindsey Stirling - Crystallize (Dubstep Violin Original Song)_noise_-15dB_sample1.wav",179,518,361,1838,373,195,29,67,59,28,87,19,39,140,854,87,41,149,32,64,36,529,568,84,153,103,24,15678,9,20,53,157,100,1197,412,44,121,10,76,71,11,52,308,2,115,13,8,150,66,190,44,10,1,600,147,16,132,135,29,21,10,15,23,194,40,8421,33,74,90,54,109,836,7,107,63,45,263,132,21,78,116,50,16,175,50,50,221,130,79,61,6,61,67,22,719,31,23,83,15,61,98
"31_058. Rub Some Bacon on It_noise_-15dB_sample2.wav",164,2,1,18,1,6,7,2,2,12,2,3,22,11,46,2,4,132,9,25,19,513,22,1,46,5,1,13979,4,1,3,11,1,399,463,5,12,1,3,66,3,68,6,1,1,5,4,6,5,31,1,1,0,2,7,4,4,2,5,3,1,0,2,3,2,13,14,51,2,46,5,32,3,13,1,5,6,0,2,1,0,3,0,12,6,3,1,6,0,7,6,58,68,1,3,3,11,37,2,23,5
"20_Never Meant to Know_noise_-15dB_sample1.wav",164,348,28,165,5,14,35,46,4,16,15,26,23,12,35,55,9,149,8,39,6,438,22,4,46,9,15,22216,14,134,20,24,32,3,374,22,13,48,27,66,9,47,193,17,17,26,95,759,9,12,200,189,14,2786,65,11,12,2,14,6,38,25,8,10,18,16,23,53,83,49,50,74,26,15,57,90,12,9,7,17,1,8,48,44,21,27,15,18,22,8,3,63,75,22,9,5,11,47,36,31,2
"43_098. Nightcore~ The Wolf_noise_-15dB_sample1.wav",165,78,2,200,4,5,3,3,2,13,5,79,23,17,41,16,8,135,6,23,2,528,29,1,54,23,0,22053,5,3,3,11,12,4,332,11,11,0,8,66,3,87,3,3,2,8,12,35,6,26,3,28,4,2,20,3,3,1,3,50,2,8,4,8,2,5,36,56,4,44,7,22,3,12,14,6,9,1,1,1,1,4,8,13,12,6,0,13,15,21,12,58,68,0,47,1986,11,38,7,23,14
"2_023. Rachel Platten - Fight Song (Official Video)_noise_-15dB_sample1.wav",170,22,6,31,6,8,17,12,3,15,4,3,93,14,195,1696,8,136,30,27,6,513,22,15,48,15,16,19134,4,21,6,28,349,11,459,261,24,0,56,66,4,61,9,14,4,8,15,1,7,21,28,2,1,3,20,3,29,8,5,4,3,11,13,19,605,11,10,55,2,59,6,184,48,15,5,14,6,2,3,3,8,54,3,52,5,8,71,6,16,8,4,59,68,2,13,4,15,99,112,26,26
"14_099. Sheppard Geronimo - [International Version] (Official music Video)_noise_-15dB_sample2.wav",176,3,2,32,3,6,5,23,4,14,2,2,22,13,35,21,10,136,4,25,4,498,23,4,60,4,681,22599,4,8,15,19,2,5,484,22,12,1,6,71,2,52,5,6,29,4,36,4,5,95,23,11,6,1,11,1,8,16,2,2,33,13,2,8,6,52,4,55,3,54,5,24,2,30,2,3,11,2,4,9,4,8,5,15,1,12,4,10,1,6,2,79,76,1,6,6,11,26,4,48,8
"104_024. twenty one pilots Stressed Out [OFFICIAL VIDEO]_noise_-15dB_sample1.wav",172,1,2,50,3,2,0,2,4,14,0,9,22,11,37,15,12,141,12,22,8,496,22,0,44,4,11,22475,5,4,6,18,32,3,378,11,60,0,6,71,4,51,3,3,11,6,8,2,3,3,2,11,6,10,8,0,4,2,2,2,3,9,3,6,16,16,584,54,3,48,24,166,1,7,13,21,2,6,2,2,11,2,1,23,1,5,41,2,18,3,2,63,66,0,12,18,11,28,6,28,11
"96_089. American Boy by Estelle and Kanye West_noise_-15dB_sample2.wav",171,8,3,13,1,3,1,36,2,13,2,43,22,15,44,5,2,136,5,23,4,528,22,8,48,6,16,21754,6,5,6,13,9,4,385,2,11,11,5,66,3,52,2,3,10,8,9,4,3,4,8,13,2,11,4,1,9,0,1,2,1,3,6,7,9,3,7,55,13,46,4,28,1,9,1,3,8,1,3,33,0,7,5,11,4,3,10,10,8,2,4,63,66,0,1,5,12,43,824,25,5
"66_Cruel_Summer_noise_-15dB_sample2.wav",171,6,8,55,3,3,1,36,3,18,6,3,26,11,44,22,7,144,20,25,4,526,22,4,46,15,8,11606,4,10,11,12,32,6,413,7,11,0,9,64,22,51,3,4,19,8,18,3,1141,138,2,16,2,15,6,1,10,9,1,6,1,4,7,6,7,60,16,49,52,48,9,330,5,6,17,12,6,5,4,1,48,2,10,66,5,32,4,7,29,7,4,55,66,0,9,2,13,55,12,40,95
"60_057. Get Off The Phone Song_noise_-15dB_sample1.wav",169,12,6,150,9,11,22,4,10,13,4,22,22,11,38,5,4,138,11,23,2,458,23,11,42,11,5,9657,4,5,6,13,12,18,354,4,11,2,6,64,2,57,9,1039,8,11,49,34,3,6,2,6,1,58,9,1,2,4,2,5,12,8,5,14,6,8,10,45,1,47,7,32,2,12,3,4,5,16,2,14,13,6,3,26,3,6,21,10,4,9,7,61,58,41,7,9,13,28,10,24,6
"46_032. Katy Perry - Wide Awake (Official Video)_noise_-15dB_sample1.wav",176,39,9,663,33,1281,8,11,69,15,3,5,22,26,56,16,4,136,46,27,1,528,42,6,44,32,6,20818,4,7,3,27,35,165,349,7,11,1,20,68,4,58,14,3,45,12,11,3,5,45,9,12,1,28,48,2,18,36,14,5,2,4,21,60,2,126,11,55,3,44,51,222,5,4,20,33,6,2,1,4,1,26,7,13,8,6,77,76,24,7,2,60,66,2,46,1,11,44,18,25,8
"24_047. Girls Talk Boys (from the Ghostbusters Original Motion Picture Soundtrack)_noise_-15dB_sample2.wav",178,6,13,44,4,6,5,2,17,18,1,4,22,14,42,12,4,144,12,25,2,428,46,8,46,33,8,17994,9,2,4,11,65,36,432,102,17,3,9,66,14,64,6,3,16,4,6,1,5,15,5,2,5,12,7,0,5,24,2,3,6,11,16,4,14,7,10,55,21,48,11,99,1,12,9,13,2,6,2,1,0,3,3,13,6,4,11,6,1,4,4,1299,69,8,11,9,12,27,6,28,10
"23_048. Pharrell Williams - Happy (Official Music Video)_noise_-15dB_sample2.wav",175,332,5,286,13,33,69,13,6,14,6,6,104,13,51,6,33,133,12,22,10,544,22,12,46,30,1,13420,4,2,90,11,28,4,472,3,11,13,6,66,2,45,7,7,10,13,374,69,1,31,2,62,3,175,6,57,17,1,30,4,28,14,2,2,94,37,5,51,23,44,3,39,2,6,4,2,18,6,2,139,12,3,5,12,2,5,60,4,1,54,798,71,67,136,8,36,12,53,121,25,3
"17_084. Thomas Rhett - Crash and Burn_noise_-15dB_sample2.wav",175,1,2,12,6,0,6,8,5,13,3,7,22,11,43,12,246,147,6,27,5,491,22,2,46,6,5,11914,6,3,5,11,8,4,371,5,11,1,11,66,3,37,5,2,3,5,19,1,2,3,2,4,1,98,5,0,2,0,1,4,0,1,5,6,2,8,5,44,4,49,2,15,2,7,2,2,3,7,3,3,1,0,2,15,1,7,7,4,4,5,2,62,66,2,2,2,12,38,6,25,4
"84_001. Anna Kendrick - Cups_noise_-15dB_sample2.wav",175,0,1,11,0,0,0,0,3,11,2,4,22,11,37,2,12,136,3,23,0,493,22,1,44,5,0,22814,2,4,8,11,1,5,326,4,11,1,10,71,2,44,1,0,0,13,2,1,5,2,1,2,0,3,13,0,1,0,1,4,1,2,8,2,1,5,7,49,1,49,5,15,0,3,4,2,4,0,1,2,0,1,1,11,0,11,4,10,0,3,4,58,66,0,1,3,13,34,4,24,9
"11_062. Pipe Guy - HouseTranceTechno Live_noise_-15dB_sample1.wav",179,33,11,64,7,8,5,10,2,15,4,6,25,22,48,17,8,140,7,47,4,528,31,5,46,9,84,21915,4,4,10,14,40,7,472,14,30,5,6,67,19,49,8,1,10,4,5,4,5,11,4,10,2,42,13,4,7,18,4,8,4,12,6,6,33,81,16,55,32,57,64,153,3,8,38,28,1,10,4,25,11,16,2,101,4,9,6,8,77,82,4,84,71,0,13,13,13,47,4,24,12
"104_024. twenty one pilots Stressed Out [OFFICIAL VIDEO]_noise_-15dB_sample2.wav",166,15,29,121,7,4,16,13,5,11,1,41,23,9,91,11,3,116,6,24,2,382,21,19,44,12,139,12101,4,11,21,12,21,5,294,6,25,0,10,64,11,34,6,3,11,5,7,9,5,22,2,6,6,330,2,1,23,6,2,10,1,1,17,65,34,43,1244,32,109,114,21,246,1,33,21,25,3,12,6,22,22,7,1,25,2,16,14,6,37,4,2,49,66,2,55,14,11,43,5,25,88
"98_021. Alan Walker - Faded_noise_-15dB_sample2.wav",195,596,1,330,23,28,8,58,4,14,4,11,22,11,55,5,4,140,4,23,8,490,22,3,201,5,1,22377,4,4,7,13,8,3,484,2,11,2,6,66,6,56,252,10,7,77,142,484,6,18,122,1432,24,51,88,28,18,1,10,10,47,26,4,6,9,40,9,72,6,46,3,48,412,9,74,7,8,24,15,5,0,1,154,13,32,2,8,8,2,4,5,55,66,26,7,12,12,30,2,25,5
"83_004. Katy Perry - Roar_noise_-15dB_sample1.wav",187,15,2,13,1,4,5,1,8,13,5,2,22,12,41,12,17,141,18,23,4,452,23,2,46,10,1,13073,4,2,3,12,3,3,463,5,12,1,8,71,5,66,3,1,0,63,16,16,2,26,36,8,5,7,18,1,781,1,35,4,7,11,3,3,3,7,4,50,2,44,2,36,0,6,1,3,10,20,1,4,2,3,11,13,10,3,4,8,1,2,8,58,69,5,6,10,13,28,5,25,2
"39_051. Galantis - No Money (Official Video)_noise_-15dB_sample1.wav",195,44,3,33,11,11,9,4,3,11,8,25,22,11,205,11,8,136,4,25,55,466,22,1,46,21,1,21905,8,2,4,12,3,17,484,5,12,2,6,66,6,66,27,0,6,5,20,84,3,6,17,6,6,13,7,7,19,30,2,14,4,4,14,995,3,78,6,50,2,49,3,17,4,21,4,3,74,6,3,15,1,2,2,21,42,2,1,4,1,69,4,63,67,1,84,8,14,25,2,42,5
"95_053. Avicii - Hey Brother_noise_-15dB_sample1.wav",177,10,6,13,43,5,28,4,13,19,167,4,22,12,46,5,7,137,12,65,26,518,22,9,4459,15,8,17023,4,11,6,11,17,3,3660,4,17,0,71,66,1,63,38,3,11,4,43,5,5,63,6,151,0,29,11,6,5,9,20,35,30,2,5,22,219,142,13,45,404,44,8,469,9,21,45,6,40,0,1,167,4,7,8,45,35,18,5,39,10,9,3,59,66,18,29,9,11,45,120,24,6
"11_062. Pipe Guy - HouseTranceTechno Live_noise_-15dB_sample2.wav",172,4,3,74,3,2,2,3,4,13,4,6,23,11,44,6,10,142,4,23,6,523,23,9,44,15,9,14557,3,6,4,12,4,5,386,5,12,1,9,66,18,42,8,2,24,12,5,3,2,3,2,8,1,32,7,2,2,5,5,3,3,6,6,4,13,11,7,50,9,44,4,19,3,5,3,12,7,3,2,3,2,4,3,15,3,7,20,8,1,8,2,60,70,0,10,9,11,43,3,28,6
"58_039. OMFG - Hello_noise_-15dB_sample1.wav",182,72,2,7,0,3,12,1,4,12,3,1,28,11,37,6,15,148,2,22,2,448,22,2,44,5,2,22477,2,2,9,11,5,1,475,3,11,13,2,66,2,44,3,1,1,4,48,6,3,22,0,0,1,3,5,7,0,0,0,1,3,0,2,2,0,2,7,55,0,44,3,16,2,9,5,3,2,3,1,33,0,0,0,11,13,2,1,4,0,4,2,59,66,71,12,2,11,25,17,25,2
"38_082. Smoke and Mirrors_noise_-15dB_sample2.wav",167,9,68,23,6,9,1,192,5,13,4,33,24,11,33,5,8,151,2,23,3,475,22,1,52,35,7,11456,5,3,2,18,12,10,354,64,12,1,6,66,3,47,3,2,5,6,25,3,9,1103,19,21,3,4,9,0,10,5,1,12,5,4,2,12,3,27,12,47,1,44,19,82,38,4,3,5,3,5,4,4,5,2,8,13,2,6,9,28,1,4,1,63,66,1,86,8,11,29,23,25,7
"42_046. Meghan Trainor - NO_noise_-15dB_sample1.wav",178,14,5,16,36,3,3,9,13,13,1,16,113,11,44,5,17,140,12,24,2,522,22,8,45,8,3,12441,1675,30,16,19,28,5,442,9,11,18,10,66,5,56,6,4,32,7,43,19,16,6,2,120,38,248,9,2,1,5,2,10,8,8,5,6,27,5,8,50,24,44,8,22,1,8,29,4,15,31,2,62,3,2,2,28,3,5,19,30,2,4,3,58,74,0,3,5,46,46,19,22,5
"26_017. David Guetta - Titanium ft. Sia (Official Video)_noise_-15dB_sample1.wav",182,219,9,214,15,44,21,4,5,12,14,43,22,11,88,27,27,132,3,26,10,528,23,8,83,8,27,13024,52,4,4,11,15,4,484,6,23,6,25,66,2,44,61,3,1,40,92,124,2,4,49,6,2,9,45,2,55,16,19,1283,11,80,36,8,5,82,8,55,3,54,7,13,17,88,5,6,8,3,1,15,2,3,2,15,30,6,12,6,1,4,19,61,74,2,94,41,12,44,8,22,19
"54_016. Taylor Swift - Blank Space_noise_-15dB_sample1.wav",181,26,42,803,311,775,9,9,187,12,19,8,24,190,249,40,8,139,51,24,4,528,235,54,45,188,39,19440,4,5,3,32,300,803,398,11,134,3,89,67,18,58,14,2,391,4,13,4,8,168,63,4,1,314,440,1,26,1285,20,41,17,4,8,90,7,280,65,55,9,46,86,443,2,79,188,79,12,9,19,3,1,52,2,34,79,12,405,203,15,12,3,59,66,6,401,79,12,54,18,106,81
"41_The Bidding_noise_-15dB_sample2.wav",194,9,29,68,10,6,1,7,15,15,4,4,24,11,46,12,8,140,12,25,6,528,22,6,48,8,2,18040,4,9,3,23,8,14,484,5,11,1,6,66,4,58,13,1,12,2,3,1,4,17,3,2,0,6,2,1,2,6,1,2,4,4,8,4,1,15,6,55,7,49,10,22,1,12,3,12,6,1,4,2,5,3,1,12,0,2,17,14,2,4,4,71,71,2,8,2,630,48,5,22,3
"5_002. Avicii - Wake Me Up (Official Video)_noise_-15dB_sample1.wav",188,12,258,27,3,0,2,4,5,15,2,7,35,11,76,15,5,140,6,25,7,537,22,6,44,8,16,12375,5,62,17,17,92,17,441,92,11,20,10,73,45,44,12,7,3,9,6,4,3,51,4,77,7,54,5,1,2,0,1,4,1,3,13,13,4,3,8,51,14,49,74,106,2,9,2,9,4,1,4,11,0,2,2,15,0,9,55,16,3,6,2,63,71,0,5,2,13,45,34,22,11
"100_059. Nilla Wafer Top Hat Time  Song - Rhett & Link_noise_-15dB_sample1.wav",189,24,9,19,23,3,5,7,19,14,4,4,23,15,99,16,6,154,15,24,18,513,22,3,44,8,4,17381,8,10,1,14,19,3,415,6,21,0,66,66,32,47,18,8,3,5,6,35,4,75,9,6,3,12,4,12,5,2,2,7,17,8,4,8,88,28,8,54,4,49,7,54,6,39,24,9,3,3,2,3,0,9,4,40,6,6,3,16,2360,6,4,59,67,0,8,8,12,44,10,28,11
"82_A Lady_noise_-15dB_sample1.wav",190,177,9,502,8,10,30,101,11,14,26,8,133,46,56,40,11,136,4,34,4,518,69,47,101,24,36,13980,8,61,45,44,112,4,484,35,75,3,8892,71,20,55,16,7,93,11,40,55,6,32,32,78,28,91,8,3,14,5,20,7,6,76,15,38,500,38,11,55,58,137,95,72,21,14,75,74,19,33,59,158,20,25,16,102,14,8,47,9,94,17,7,58,71,34,30,7,15,51,54,24,65
"40_052. Lindsey Stirling - Moon Trance (Official Music Video)_noise_-15dB_sample2.wav",175,4,4,4,0,3,11,2,4,11,15,3,22,11,44,10,4,140,6,446,0,529,22,0,46,4,6,22814,6,1,2,13,2,1,407,8,11,0,14,66,1,65,3,3,3,2,6,3,6,15,46,6,0,3,9,0,1,0,4,1,4,77,8,5,19,77,16,57,1,44,6,19,40,7,1,9,1,17,0,4,2,15,6,23,1,13,45,7,1,2,0,58,68,0,0,1,11,37,6,25,4
"89_091. Faster Car - Anders Lystell feat. Kaliber [EPIDEMIC SOUND] (Lyrics)_noise_-15dB_sample2.wav",177,9,3,15,1,5,14,6,3,13,4,4,22,14,39,25,12,146,12,22,4,465,22,4,44,6,21,13024,6,10,4,12,3,5,443,13,11,2,18,66,3,44,7,3,3,8,3,0,4,4,7,7,785,11,10,0,4,1,5,4,11,4,5,7,3,5,10,55,5,54,6,22,40,8,4,5,2,7,1,12,1,4,3,11,2,6,2,15,2,4,3,58,66,2,6,1,12,43,10,24,11
"94_Banana Man_noise_-15dB_sample1.wav",172,3,20,45,75,88,7,15,117,14,4,4,22,13,45,5,7,140,21,74,4,536,22,71,44,1570,3,13027,8,2,5,54,78,7,411,12,60,0,4,79,9,40,57,5,78,5,8,2,8,74,2,6,1,5,34,4,42,68,4,48,1,7,12,4,22,56,16,48,9,49,74,82,8,96,2,426,6,4,36,1,8,8,2,12,44,4,36,27,6,5,16,63,69,14,76,0,13,68,11,25,21
"85_011. Martin Garrix - Animals (Official Video)_noise_-15dB_sample2.wav",179,9,6,99,3,8,11,8,9,14,6,8,26,7461,107,9,7,145,14,76,10,519,23,14,44,11,8,15188,9,4,5,14,23,5,416,22,12,1,44,71,5,54,5,4,5,9,22,6,7,62,36,11,5,6,10,5,24,2,10,4,47,13,11,5,63,6,9,54,6,59,23,49,12,22,6,5,9,5,5,10,4,21,3,16,8,25,7,8,3,12,9,63,71,11,4,21,26,37,25,26,6
"50_006. Wiz Khalifa - See You Again ft. Charlie Puth [Official Video] Furious 7 Soundtrack_noise_-15dB_sample2.wav",198,352,47,110,4,14,19,107,7,13,6,11,48,17,58,15,4,144,12,23,17,528,22,7,52,76,89,20664,4,5,6,11,93,20,490,115,11,1,26,66,17,58,103,12,4,135,240,865,27,19,211,128,11,40,2404,4,31,6,20,10,41,8,2,7,113,32,4,55,2,49,17,48,55,3,40,1,3,50,4,16,1,8,55,21,24,8,11,5,2,4,2,71,69,0,150,7,18,33,46,48,31
"79_095. Alan Walker - Alone_noise_-15dB_sample1.wav",186,142,6,83,2,13,11,8,5,15,10,7,22,12,106,12,4,140,3,34,3,497,22,1,59,5,2,20816,2,4,6,11,3,4,447,3,11,1,9,69,2,45,40,5,2,14,62,34,3,87,54,29,4,9,21,3,15,1,1079,4,13,2,2,1,6,23,11,53,4,54,7,34,5,5,14,3,9,6,3,12,1,2,6,13,4,6,1,4,2,3,15,55,76,5,3,14,11,43,25,22,5
"49_050. Carly Rae Jepsen - I Really Like You_noise_-15dB_sample2.wav",168,55,4,110,2,19,4,8,4,18,3,8,21,12,44,5,4,145,8,27,2,433,22,3,39,11,7,15829,3,9,6,12,7,9,280,2,14,1,8,60,4,47,50,8,11,18,28,75,7,4,31,45,2,11,24,3,7,5,3,5,15,3,2,4,1,12,6,36,1,42,7,22,4,4,6,4,3,5,4,2,1,1,17,13,357,6,6,7,2,4,1,56,58,2,5,3,13,28,4,27,17
"25_035. Alan Walker - Sing Me To Sleep_noise_-15dB_sample2.wav",188,17,35,361,15,22,9,112,101,23,4,26,22,30,146,98,8,144,34,22,1,513,27,14,44,19,104,13024,4,16,10,93,61,46,472,31,40,0,14,67,14,44,24,1,533,4,5,6,16,480,3,4,4,248,368,1,190,114,47,21,1,26,53,15,53,97,43,176,36,74,56,77,37,9,50,16,13,8,34,19,55,11,6,31,4,25,7,6,55,48,10,85,76,27,209,4,26,2591,7,25,97
"9_034. Pitbull - Timber (Official Video) ft. Ke$ha_noise_-15dB_sample1.wav",211,7,4,9,1,3,3,16,3,14,2,3,25,12,43,5,8,136,11,24,11,528,22,2,44,8,1,17766,13,23,555,25,20,2,484,19,11,0,20,76,2,49,2,2,12,3,36,39,3,3,1,48,14,4,4,0,4,3,1,6,1,1,3,3,5,5,5,55,6,47,10,68,2,6,3,3,6,8,2,3,1,3,10,16,0,3,9,6,2,4,1,71,66,0,2,2,12,103,11,22,4
"91_Greener_noise_-15dB_sample2.wav",197,24,2,20,3,2,24,8,3,12,4,4,22,11,47,4,8,136,18,22,1,528,22,4,49,6,3,22674,6,2,1,11,8,2,458,4,12,2,28,71,5,56,8,3,5,6,8,14,3,20,3,25,5,19,9,4,5,4,1,4,14,5,3,6,2131,3,6,55,4,44,7,15,4,8,4,4,22,6,3,4,2,3,5,13,0,5,8,4,1,10,3,59,66,11,4,33,12,44,8,25,4
"86_019. Naughty Boy - La la la ft. Sam Smith (Official Video)_noise_-15dB_sample2.wav",195,25,3,44,5,1,1,11,3,15,10,2,24,11,51,4,8,152,30,24,4,528,22,1,46,10,3,13073,4,3,40,18,20,4,484,17,12,1,6,66,4,75,6,2,8,4,9,4,2,27,1,31,0,28,5,1,4,1,3,9,0,3,3,24,100,9,7,55,9,49,1,92,3,3,17,16,4,5,2,2,11,3,2,27,1,2,19,619,8,2,4,58,71,1,14,3,12,44,7,30,7
"78_026. Katy Perry - Firework (Official Music Video)_noise_-15dB_sample2.wav",186,93,4,873,3,5,17,311,3,12,3,59,526,11,43,3,19,140,10,26,1,528,41,7,46,55,1,22854,138,134,152,123,27,3,422,4,22,49,55,66,8,72,6,8,1802,22,592,11428,28,29,14,1518,38,4389,7,1,3,1,3,21,16,39,3,48,8,3,11,55,143,201,10,95,2,6,2,2,70,485,8,1668,3,21,10,156,2,2,238,24,2,3,158,59,72,2,6,9,13,43,8,130,17
"33_076. Galantis - Firebird (Official Audio)_noise_-15dB_sample2.wav",180,11,3,15,2,2,4,3,4,13,2,4,22,13,33,14,11,142,3,27,2,460,28,0,68,5,4,17074,4,6,6,12,6,6,477,4,11,1,16,68,3,44,22,13,2,8,37,10,3,4,3,5,7,16,6,1,4,0,6,6,270,2,2,2,6,9,8,55,2,54,3,17,2,6,4,1,2,2,1,5,3,1,1,12,2,3,1,3,1,8,4,68,86,12,19,8,12,31,7,25,6
"0_096. Nightcore - Mad World_noise_-15dB_sample1.wav",174,23,3,21,2,1,12,14,7,15,2,7,22,11,35,3,17,171,3,24,14680,492,30,26,44,6,1,10637,7,13,1,12,32,117,350,11,12,0,15,66,6,44,8,1,8,3,24,80,7,74,5,3,6,11,18,6,21,3,2,6,7,1,2,2,9,349,17,44,2,44,7,24,104,8,13,7,25,16,1,8,8,10,2,22,11,34,0,8,44,4,7,55,70,0,4,5,13,28,8,31,19
"24_047. Girls Talk Boys (from the Ghostbusters Original Motion Picture Soundtrack)_noise_-15dB_sample1.wav",180,1,10,14,3,3,4,5,6,12,2,9,22,12,44,4,5,146,9,22,1,544,22,6,44,7,16,12426,6,2,2,15,10,4,362,14,12,0,3,66,5,47,10,1,15,4,38,0,3,34,4,5,1,48,3,1,15,5,1,2,3,4,4,5,1,13,4,47,7,44,10,21,2,9,20,2,3,5,7,1,1,3,2,13,1,3,0,6,3,4,5,634,71,2,23,1,14,44,6,28,2
"70_You and Me_noise_-15dB_sample1.wav",178,17,30,595,232,429,5,44,110,15,37,3,23,123,138,45,13,140,24,36,13,528,295,33,48,171,28,13116,5,15,20,36,167,594,437,7,127,3,29,66,15,56,7,2,165,7,20,7,4,69,36,11,2,299,159,3,40,175,11,26,11,8,8,96,13,136,21,50,57,54,66,358,15,50,2812,55,3,33,8,8,8,31,7,40,50,24,335,150,32,7,4,61,71,3,172,50,30,69,18,27,48
"29_010. Katy Perry - Part Of Me (Official)_noise_-15dB_sample1.wav",168,26,5,62,714,5,11,1,4,13,3,41,22,12,60,13,4,143,5,25,2,479,22,6,46,6,1,11513,8,3,8,12,11,8,384,4,11,7,6,64,3,63,17,11,1,7,6,5,1,84,1,32,2,3,8,2,7,5,8,7,2,4,7,9,3,11,12,53,1,46,4,25,29,11,62,5,4,2,1,13,0,3,4,15,1,4,0,5,4,2,22,63,66,0,16,17,12,26,3,22,9
"0_096. Nightcore - Mad World_noise_-15dB_sample2.wav",161,2,3,10,2,2,2,13,5,26,2,5,22,19,38,2,2,125,11,22,1938,508,22,2,38,4,3,7486,3,9,3,11,6,5,195,4,11,0,14,55,2,26,2,6,2,1,4,7,4,15,3,2,3,4,8,12,2,6,0,2,1,0,2,3,1,3,5,34,3,44,4,54,5,3,2,0,17,3,1,1,8,11,2,14,1,2,7,8,1,4,3,46,58,2,1,4,11,29,9,22,8
"27_022. Major Lazer & DJ Snake - Lean On (feat. MØ) [Official Music Video]_noise_-15dB_sample2.wav",177,1,4,9,5,1,13,4,3,471,6,32,28,10,46,11,8,162,18,26,10,531,22,1,44,9,14,12779,5,3,5,11,2,8,345,4,11,0,20,66,3,54,4,0,0,12,11,7,2,25,1,12,2,3,7,2,6,1,4,11,2,0,6,3,19,3,6,51,1,49,2,37,77,6,3,2,8,5,4,29,0,6,3,14,6,6,4,4,1,6,4,60,66,0,4,1,12,46,9,28,7
"42_046. Meghan Trainor - NO_noise_-15dB_sample2.wav",179,1,15,44,16,2,1,6,14,13,4,13,29,11,39,12,4,142,9,25,2,518,27,4,46,13,2,18569,541,3,8,15,5,16,458,10,12,1,6,66,5,70,6,3,19,8,33,2,17,31,3,6,3,10,5,6,9,13,3,7,6,2,4,8,4,15,6,53,4,48,5,17,2,12,41,4,3,21,0,42,0,3,4,54,1,5,5,7,7,5,4,63,66,3,8,2,22,27,12,25,6
"93_015. Lukas Graham - 7 Years [Official Music Video]_noise_-15dB_sample1.wav",166,29,3,11,1,1,6,3,5,12,4,2,23,12,38,2,4,142,4,25,4,503,22,0,44,8,1,11749,3,4,2,13,3,4,292,3,12,1,6,64,2,48,3,0,1,4,2,1,2,7,279,5,0,2,8,4,1,4,1,1,1,0,3,5,4,19,7,49,2,45,4,11,1,5,6,2,2,0,2,2,1,1,1,12,3,6,1,7,1,4,2,55,76,0,6,8,13,26,6,31,3
"46_032. Katy Perry - Wide Awake (Official Video)_noise_-15dB_sample2.wav",177,26,3,22,4,617,4,8,6,13,14,4,24,12,44,4,17,144,9,22,5,534,23,2,44,10,3,14936,4,2,4,17,4,4,431,2,11,2,14,66,4,44,22,0,3,5,11,3,7,17,3,16,3,6,14,1,3,2,4,4,3,2,3,3,7,7,6,51,1,49,4,49,1,10,9,4,6,2,2,11,0,4,8,13,2,2,3,2,3,10,4,60,71,0,13,6,14,54,4,22,5
"86_019. Naughty Boy - La la la ft. Sam Smith (Official Video)_noise_-15dB_sample1.wav",168,6,5,26,1,0,2,11,2,15,1,2,22,12,33,28,4,132,6,31,8,433,22,5,44,8,5,11321,16,8,19,11,78,10,312,27,11,1,8,57,7,65,13,0,35,6,20,7,7,8,1,68,2,30,15,0,0,0,0,5,3,2,9,5,120,4,11,43,10,44,24,120,1,7,3,29,6,3,2,0,0,22,4,41,0,4,30,689,3,8,0,58,66,0,2,0,11,22,29,24,6
"57_Numb_noise_-15dB_sample2.wav",184,9,34,166,1,4,2,145,4,15,2,82,28,13,36,29,8,134,18,25,9,455,27,38,48,23,9,22975,32,65,9,65,45,26,417,76,11,28,196,66,6,56,23,5,39,4,44,40,12,16,2,38,80,18,6,3,1,2,7,3,6,7,68,103,44,3,5,55,69,47,9,136,23,6,15,2,4,2,2,174,1,23,3,13,3,7,3388,43,1,4,10,58,77,0,4,4,12,32,20,24,7
"81_013. Passenger  Let Her Go (Official Video)_noise_-15dB_sample2.wav",182,131,2,626,13,99,60,6,5,18,21,83,31,15,189,19,76,140,14,152,2,493,22,5,59,29,20,22101,97,3,3,11,19,8,484,39,50,2,85,67,2,72,127,5,19,8,127,88,3,172,45,14,2,2,65,7,117,24,54,57,8,70,2998,8,5,166,11,55,30,44,18,91,78,187,4,10,3,22,3,14,102,14,12,15,87,6,41,14,3,5,14,67,71,0,183,75,13,32,3,28,222
"87_079. twenty one pilots Heathens (from Suicide Squad The Album) [OFFICIAL VIDEO]_noise_-15dB_sample2.wav",167,41,18,366,11,4,8,59,4,18,1,8,22,11,105,115,4,132,12,63,3,381,169,19,46,9,43,21089,1,7,108,23,59,4,359,148,79,2,29,68,8,43,17,2,33,5,2,1,6,74,7,19,3,30,48,0,11,29,1,7,1,57,13,11,59,68,11,42,13,176,299,444,26,24,194,1292,3,19,1,8,2,3,16,24,8,7,27,11,368,3,1,55,75,5,134,1,13,87,9,22,50
"52_007. Katy Perry - Dark Horse ft. Juicy J_noise_-15dB_sample1.wav",194,11,5,11,5,7,2,8,3,15,2,3,22,11,46,12,8,142,3,25,5,544,22,4,46,4,1,20334,4,16,8,13,17,2,460,13,11,5,14,66,5,58,11,2,2,4,10,35,3,6,10,17,4,16,5,1,3,1,3,2,3,0,2,7,17,7,4,55,2,47,2,15,3,6,9,2,4,5,2,4,1,2,3,13,3,3,6,5,2,4,4,74,68,1,4,3,17,46,2,758,17
"97_075. Lindsey Stirling - Prism (Official Video)_noise_-15dB_sample2.wav",267,16,2,497,1,4,3,2701,5,13,4,32,22,17,44,88,8,144,28,77,13,507,22,12,44,18,42,22814,141,16,120,15,114,3,436,188,31,2,53,67,12,56,2,4,85,11,151,45,20,69,1,103,5,33,6,1,2,1,0,3,1,3,30,15,45,60,7,53,29,94,153,1033,1,12,181,123,9,17,2,4,33,4,21,55,1,6,35,59,213,5,2,56,70,0,98,1,16,43,12,27,66
"92_025. Fall Out Boy - Immortals (From Big Hero 6)_noise_-15dB_sample1.wav",236,6,25,402,108,271,2,48,71,13,2,5,24,62,119,16,8,140,14,25,6,528,104,38,48,51,13,15560,11,9,7,23,87,424,484,25,49,2,21,69,6,69,13,3,168,4,8,19,6,61,18,31,8,184,178,2,4,163,7,13,4,3,7,35,5,92,23,55,9,49,39,208,2,60,32,25,6,3,2,44,1,16,5,17,14,4,189,120,6,4,5,70,71,3,132,9,12,48,13,22,24
"21_085. Janji ft. Johnning - Heroes Tonight 1 HOUR_noise_-15dB_sample2.wav",175,41,5,29,4,2,45,6,2,12,2,1,22,11,44,3,19,140,1,25,14,517,34,11,58,8,3,14085,7,2,16,12,11,2,362,2,11,0,25,66,3,48,6,1,11,8,33,3,3,20,4,12,2,43,4,5,2,8,2,8,6,4,2,4,25,16,16,51,4,44,3,29,2,11,15,3,25,21,6,13,0,3,1,29,0,2,3,3,1,7,3,57,71,18,24,37,13,40,17,22,8
"44_Sacred Beast_noise_-15dB_sample1.wav",177,9,22,110,8,10,54,99,10,14,12,8,25,13,140,77,8,144,5,30,5,523,26,12,44,33,70,10637,4,7,90,34,47,4,364,66,18,1,57,64,30,59,6,22,50,8,13,4,7,69,9,35,11,54,5,0,3,10,5,6,3,24,10,11,226,73,11,51,16,49,110,110,52,4,58,40,12,2990,10,6,4,47,4,33,10,164,75,20,110,5,3,71,77,7,40,3,18,69,17,28,20
"53_102. What_noise_-15dB_sample1.wav",182,2,3,146,8,0,21,8,4,14,4,2,22,14,44,26,9,145,12,25,2,528,61,3,50,8,5,13028,6,5,4,11,15,7,484,23,11,0,10,72,8,72,7,1,47,8,2,6,3,16,41,30,1,8,6,1,3,11,0,3,1,937,4,15,69,8,22,56,3,53,13,32,4,6,8,38,3,16,1,8,2,18,1,18,14,8,2,14,3,11,2,73,68,0,8,4,13,50,2,25,13
"20_Never Meant to Know_noise_-15dB_sample2.wav",170,24,6,6,4,0,5,2,7,11,2,4,23,13,42,5,4,140,12,23,3,518,22,2,44,4,5,14239,3,4,3,14,9,2,346,3,11,4,4,63,4,35,4,4,1,11,12,16,4,7,4,6,2,633,4,2,2,3,2,2,3,6,9,6,18,2,6,43,2,44,7,15,8,9,6,4,8,1,1,4,1,1,8,16,1,9,10,12,2,6,5,55,66,1,4,0,12,38,7,26,2
"98_021. Alan Walker - Faded_noise_-15dB_sample1.wav",183,315,3,154,8,12,6,103,3,15,4,5,22,13,43,6,8,146,11,24,18,523,22,2,91,27,0,21952,47,16,9,25,3,3,484,3,11,1,10,68,5,76,123,4,102,28,210,274,32,13,62,2732,15,22,45,8,9,3,6,5,23,1,44,13,5,29,6,55,43,45,3,191,139,5,19,3,69,18,11,27,5,10,90,34,15,4,8,11,32,10,2,59,66,0,10,11,12,43,3,25,4
"73_Turn the Lights Off_noise_-15dB_sample2.wav",177,1,1,26,1,3,2,4,2,12,2,13,39,15,45,2,4,132,3,22,4,488,22,5,48,4,2,22960,11,769,4,12,6,2,477,2,11,0,8,67,2,55,6,3,1,4,7,2,3,30,3,6,18,10,5,0,1,0,0,1,1,3,2,14,4,6,10,51,12,52,3,17,4,9,2,2,4,6,0,8,1,1,1,12,0,3,5,13,0,8,4,59,68,1,2,7,11,41,2,24,2
"96_089. American Boy by Estelle and Kanye West_noise_-15dB_sample1.wav",170,6,46,22,106,28,11,14,176,15,44,14,22,189,49,4,2,150,47,28,63,493,23,43,161,34,11,20314,18,46,2,28,61,22,260,17,27,1,136,67,10,57,123,18,40,4,6,5,7,137,24,78,0,18,16,3,3,44,14,29,3,10,2,5,17,35,15,32,188,45,7,102,14,150,9,17,52,0,13,30,4,75,16,12,4,8,164,18,6,4,4,55,71,6,44,3,11,52,3399,22,23
"62_061. LEFT SCREEN ONLY Spot the Differences_noise_-15dB_sample1.wav",176,17,1,19,3,1,2,2,3,11,2,2,102,11,44,4,4,132,3,25,4,528,22,13,46,6,4,13819,2,2,4,11,2,2,466,7,12,1,4,66,4,65,4,3,1,8,10,0,4,4,2,2,0,5,11,1,2,1,1,6,1,5,12,7,18,3,8,55,20,49,4,21,45,10,19,4,6,8,1,4,1600,1,1,58,1,4,6,4,12,2,1,55,73,1,2,2,12,47,18,23,6
"80_077. Emeli Sandé - Hurts_noise_-15dB_sample1.wav",186,5,2,57,1,6,3,8,4,13,9,10,172,11,44,14,4,139,15,25,4,528,25,29,48,8,19,18016,8,7,4,33,84,2,484,7,11,0,6,71,6,72,6,5,886,4,6,3,3,15,2,5,9,17,9,4,2,19,11,2,8,9,8,3,12,8,6,55,11,54,5,36,4,3,3,11,2,24,2,6,3,11,7,13,7,3,20,30,6,8,6,63,84,2,4,2,13,40,11,128,4
"95_053. Avicii - Hey Brother_noise_-15dB_sample2.wav",172,15,2,13,3,2,2,4,10,13,8,2,24,13,66,7,12,137,15,33,4,542,22,1,1498,6,144,13024,2,8,4,12,2,46,1317,2,11,0,27,84,3,60,6,1,2,11,46,5,2,31,24,4,6,6,40,4,22,3,4,1,4,2,4,5,4,11,9,50,3,44,36,23,2,9,8,4,31,28,5,2,0,1,7,13,7,6,8,15,8,2,2,63,76,3,12,1,11,50,3,24,56
"77_065. Nightcore - Ghostbusters_noise_-15dB_sample2.wav",169,4,6,22,3,2,2,33,4,13,4,2,22,12,44,3,6,140,6,22,2,614,25,5,44,6,4,17419,4,4,3,11,6,4,417,4,11,1,13,66,2,39,3,6,4,8,4,1,4,5,7,12,2,10,7,6,2,3,0,4,1,3,4,3,2,4,8,54,1,44,4,25,2,5,2,5,2,0,2,4,1,4,2,12,1,4,6,4,1,5,5,58,71,6,18,3,12,44,4,25,6
"69_066. Jessie J - Bang Bang ft. Ariana Grande, Nicki Minaj_noise_-15dB_sample1.wav",179,23,2,22,8,2,4,4,5,15,2,4,22,11,47,12,7,132,18,25,0,536,25,3,50,8,4,13976,4,6,6,31,19,11,484,4,12,0,13,66,3,48,3,3,3,2,24,5,3,6,3,2,8,12,6,384,5,2,0,2,1,7,2,4,1,5,4,53,2,44,2,15,2,6,16,1,2,12,2,1,2,0,1,16,3,2,8,6,2,4,2,63,71,1,4,2,22,43,14,25,56
"30_Cannibal_noise_-15dB_sample1.wav",172,50,7,107,6,12,7,16,10,11,4,2,22,11,36,19,10,140,12,23,2,493,134,5,50,58,9,13518,2,3,4,18,15,17,477,11,23,6,13,66,4,58,9,8,51,4,13,1,3,65,4,0,4,27,13,0,34,39,7,4,4,2,110,69,16,58,10,52,6,54,25,115,60,6,56,13,7,7,4,2,1,4,3,1213,48,5,77,13,6,8,2,57,71,20,45,10,11,31,15,22,7
"43_098. Nightcore~ The Wolf_noise_-15dB_sample2.wav",179,24,4,86,5,4,89,3,6,13,8,12,138,13,44,10,8,154,6,24,6,529,28,29,62,9,1,12732,4,2,4,12,2,3,449,4,14,21,63,71,3,65,4,3,12,7,8,26,3,6,3,21,5,8,5,24,2,2,5,4,13,23,3,4,35,8,7,52,33,54,3,15,1,38,23,2,96,6,1,66,1,7,2,15,2,9,30,9,3,37,19,58,76,5,8,1388,12,43,15,23,9
"8_081. The Beach Boys - I Get Around_noise_-15dB_sample2.wav",183,4,5,57,2,45,7,18,2,14,7,17,32,11,43,11,18,136,15,24,5,513,22,4,46,6,10,20865,2,3,3,11,8,2,381,3,12,5,6,66,3,1125,22,14,7,7,10,7,9,116,84,15,7,6,10,1,5,1,36,23,4,3,1,15,7,54,7,53,4,44,2,16,19,10,5,15,16,17,2,22,10,7,16,14,0,8,7,4,1,11,4,59,69,0,18,17,13,47,21,22,5
"8_081. The Beach Boys - I Get Around_noise_-15dB_sample1.wav",174,4,3,43,1,8,2,4,5,15,4,3,23,11,45,25,9,150,7,25,14,518,22,1,44,6,16,10070,5,4,4,11,4,2,323,5,12,0,9,64,3,392,3,3,5,4,7,2,3,3,14,4,1,3,5,3,2,0,0,4,3,1,7,5,4,3,9,41,2,50,3,48,6,6,3,4,5,7,4,3,2,2,1,13,0,3,15,6,1,7,4,60,69,1,5,4,14,38,2,28,4
"45_005. OneRepublic - Counting Stars_noise_-15dB_sample1.wav",181,1,3,8,1,1,2,4,2,15,2,6,22,13,36,20,4,142,7,25,4,493,22,4,48,8,2,18270,4,4,5,14,11,2,453,4,12,5,7,66,6,54,4,2,2,8,3,4,5,5,1,12,3,6,7,1,4,1,1,3,2,0,4,6,1,4,9,55,444,64,5,25,3,6,4,3,2,4,4,1,1,3,3,12,1,4,6,4,0,6,2,67,66,0,2,4,13,30,11,23,4
"34_The Trap_noise_-15dB_sample1.wav",217,1049,3,161,260,8,17,12,4,15,28,6,71,11,41,6,3,235,12,37,148,483,205,18,44,7,6,20059,15,3,9,100,113,6,460,7,12,7,28,71,23,181,9,12,18,5,76010,34,22,51,12,28,35,80,13,11,9,11,10,34,91,3,32,12,17,8,20,53,25,71,5,21,44,51,138,118,6,74,5,52,6,1,10,74,4,2,114,17,14,9,9,56,71,0,17,8,167,31,116,25,4
"84_001. Anna Kendrick - Cups_noise_-15dB_sample1.wav",179,2,11,8,15,4,3,13,365,14,4,4,23,17,42,10,8,136,5,27,4,496,22,21,44,8,0,22814,4,4,6,12,41,3,484,6,15,1,32,81,9,57,8,2,1,15,5,2,2,20,4,5,1,12,27,1,13,5,1,9,10,5,3,6,3,12,9,55,4,51,3,16,2,81,5,9,4,1,4,1,2,4,4,15,4,9,22,5,1,4,2,59,82,5,8,2,12,28,30,26,9
"61_045. The Black Eyed Peas - I Gotta Feeling (Official Music Video)_noise_-15dB_sample1.wav",197,60,22,23,3,23,15,92,7,19,7,2,29,19,45,46,34,144,12,27,6,480,55,8,51,48,21,20207,4,16,3,12,3,4,484,18,11,4,67,76,8,78,37,2,4,35,30,9,4,18,63,5,12,7,6,1,5,2,13,13,72,13,15,12,45,5,10,55,7,54,12,32,105,11,4,3,2,12,4,71,4,13,9,15,76,2201,33,26,11,10,3,63,84,0,4,4,12,33,16,30,19
"28_074. American Authors - Best Day Of My Life_noise_-15dB_sample1.wav",198,3,64,44,100,2,1,12,186,12,27,107,92,16,130,3,5,2011,3,27,0,486,22,104,46,38,8,13375,17,24,9,49,150,5,484,11,37,0,11,66,1,65,48,16,66,8,9,28,8,265,4,7,27,42,12,0,13,8,5,110,1,2,6,21,93,61,24,53,50,49,15,54,11,716,16,52,7,3,4,8,5,5,7,11,7,6,256,63,6,4,33,58,66,27,24,0,14,64,56,23,44
"68_055. Madness - Our House (Official 4K Video)_noise_-15dB_sample2.wav",183,2,5,11,8,4,7,11,5,11,3,2,22,11,33,1,3,138,3,22,2,463,22,6,44,18,3,11565,1,2,4,11,9,3,385,11,11,0,17,66,1,41,6,3,4,6,1,3,5,7,10,49,1,2,4,0,3,3,5,4,6,8,3,1,6,16,4,46,16,44,6,15,11,4,4,5,2,7,1,2,4,7,581,11,6,2,3,3,1,1,1,55,66,1,20,8,15,25,31,22,4
"3_100. Owl City & Carly Rae Jepsen - Good Time (Official Video)_noise_-15dB_sample2.wav",194,1085,7,1276,101,347,126,22,16,58,87,741,48,13,1814,15,178,145,12,26,5,528,22,5,524,20,7,13566,296,3,2,11,33,5,485,16,137,0,17,71,4,66,3559,9,4,26,41,957,4,51,50,60,8,29,188,10,777,259,67,86,17,75,84,24,1,1005,13,52,4,49,4,19,126,1113,15,16,14,3,3,65,2,38,18,46,275,6,2,54,4,45,25,61,66,8,1295,205,11,48,25,90,92
"1_028. Capital Cities - Safe And Sound_noise_-15dB_sample2.wav",201,49,11,77,37,36,3,17,27,14,3,8,60,17,61,38,14,142,14,26,8,544,26,18,44,34,22,12631,8,12,4,13,380,70,348,64,2058,5,34,69,6,44,12,5,24,17,14,8,6,77,5,17,6,18,12,4,13,21,3,14,6,18,5,30,113,30,8,44,5,52,34,145,21,52,23,20,3,8,4,12,12,70,3,30,12,5,40,15,6,4,8,58,71,12,22,6,14,33,74,27,55
"9_034. Pitbull - Timber (Official Video) ft. Ke$ha_noise_-15dB_sample2.wav",188,11,6,243,1,2,3,38,3,17,6,2,22,11,43,30,4,138,6,92,0,523,23,4,44,11,8,9565,8,24,843,26,46,7,337,115,13,6,22,64,18,37,21,8,38,4,9,19,4,56,9,95,19,29,5,0,2,0,2,2,6,2,40,3,40,10,8,44,22,103,81,162,5,7,61,45,6,6,1,22,46,3,4,23,1,5,24,41,74,7,3,60,109,0,77,2,12,38,18,24,104
"102_018. Shawn Mendes - Stitches (Official Music Video)_noise_-15dB_sample2.wav",174,9,5,12,5,4,3,8,4,17,12,1212,22,13,47,18,8,132,6,26,6,526,22,3,46,12,0,13087,4,4,8,16,5,5,466,9,12,5,10,67,2,68,5,2,1,16,169,4,6,6,1,6,2,92,8,2,5,1,2,2,1,2,5,5,6,8,9,54,1,44,6,66,21,8,12,4,10,4,14,5,9,0,1,13,1,5,5,7,2,4,3,67,68,0,6,3,13,37,11,22,8
"105_101. Yann Tiersen - Comptine d`un autre ete - l`apres-midi_noise_-15dB_sample2.wav",179,12,88,829,110,218,27,90,69,41,2,3,25,35,146,400,7,155,216,133,2,445,281,31,91,202,130,15285,8,621,192,262,157,374,424,218,33,23,50,119,69,54,50,35,148,8,8,5,8,91,43,117,2,133,79,10,40,354,40,25,7,44,89,374,114,376,19,46,95,88,403,22563,31,784,334,346,3,117,6,55,81,97,26,152,50,73,426,97,218,8,6,82,85,27,317,223,12,94,41,31,99
"85_011. Martin Garrix - Animals (Official Video)_noise_-15dB_sample1.wav",181,9,2,70,4,10,9,10,10,17,4,8,24,8679,61,17,11,142,11,27,10,513,23,9,46,10,9,13334,23,2,4,16,9,6,418,11,12,2,24,66,2,47,6,3,9,10,22,4,7,29,16,18,2,33,14,4,9,1,11,4,59,8,7,5,20,9,9,54,5,56,14,28,11,11,4,5,6,8,7,8,2,17,4,14,4,20,5,8,5,9,10,65,76,6,5,14,18,29,23,25,8
"52_007. Katy Perry - Dark Horse ft. Juicy J_noise_-15dB_sample2.wav",165,3,8,176,1,1,3,12,9,13,3,4,282,11,39,6,4,132,12,22,2,491,22,15,46,6,2,12045,19,5,16,15,5,6,342,8,11,35,16,66,11,40,3,7,19,11,10,66,2,10,3,76,25,13,9,2,9,1,10,3,4,15,5,39,5,36,4,41,49,44,2,18,0,6,4,41,3,0,4,153,0,5,2,17,1,12,80,11,2,4,10,55,74,0,11,83,12,38,5,777,8
"7_092. Harry Potter Medley on Marimba_noise_-15dB_sample2.wav",176,15,24,5130,0,0,0,351,0,12,6,4,22,24,89,214,0,174,72,118,4,478,22,18,44,20,163,12932,3,48,435,12,1852,8,386,171,34,2,31,167,60,63,15,0,111,12,2,0,4,1276,2,153,0,77,4,3,0,0,0,1,13,1,846,7,1046,232,77,51,436,74,323,4799,35,88,166,93,3,85,2,0,1487,4,0,382,2,35,19,88,1100,4,0,56,66,0,85,0,11,170,32,22,3013
"36_072. Jessie J - Price Tag ft. B.o.B_noise_-15dB_sample1.wav",174,27,3,14,3,1,3,18,3,12,2,4,77,21,44,18,4,144,10,25,8,552,22,4,44,4,12,17838,6,4,3,18,3,7,442,6,11,0,7,66,4,57,10,1,39,7,8,4,3,275,7,9,3,25,4,0,4,16,1,6,4,3,2,4,1,124,4,54,2,49,9,19,2,6,23,3,6,3,4,1,1,2,6,56,1,16,4,5,4,4,4,61,77,1,756,16,13,34,13,31,5
"76_073. Lindsey Stirling - Crystallize (Dubstep Violin Original Song)_noise_-15dB_sample2.wav",183,96,99,1664,350,422,13,85,176,19,36,14,22,108,388,142,29,133,42,62,6,403,278,199,52,246,71,16538,8,27,124,89,266,1007,456,258,115,20,37,66,30,53,125,124,279,32,32,48,25,267,54,94,6,294,268,12,71,273,228,36,23,196,23,88,69,8169,39,46,28,140,131,560,12,77,194,160,45,40,12,3,4,101,15,87,70,60,482,213,302,17,11,70,192,18,459,177,17,71,108,25,54
"78_026. Katy Perry - Firework (Official Music Video)_noise_-15dB_sample1.wav",172,110,3,110,4,9,60,7,4,16,4,12,23,11,44,6,3,156,15,23,6,530,22,8,44,6,1,12010,7,5,5,11,26,4,343,5,11,1,32,67,4,70,103,11,6,23,66,838,2,4,79,95,11,57,46,7,10,1,11,10,16,8,5,5,8,3,4,48,2,44,1,13,20,7,3,3,8,2,8,22,0,15,31,16,14,6,5,6,1,6,4,64,66,26,4,11,13,40,10,45,6
"103_037. Calvin Harris, Rihanna - This Is What You Came For (Official Video) ft. Rihanna_noise_-15dB_sample2.wav",179,296,12,204,27,34,3,8,6,13,23,5,85,11,97,37,20,148,9,22,6,536,37,6,54,8,33,22102,17,265,14,11,4,26,410,27,18,0,48,66,6,57,13,6,6,49,13,33,2,289,8,9,1,83,9,0,21,26,7,46,3,8,18,35,81,42,4,55,4,46,40,173,132,5,19,1,3,25,3,11,2,9,3,19,32,3,32,47,1,11,2,63,66,0,16,4,11,44,35,27,2197
"13_030. Maroon 5 - Animals_noise_-15dB_sample1.wav",181,2,4,165,3,0,2,7,7,14,2,4,22,11,44,24,4,138,9,36,2,530,22,8,50,12,21,21333,11,10,29,16,18,6,484,49,14,3,24,66,793,77,4,4,39,12,6,3,3,12,2,11,1,13,8,0,5,0,1,7,1,4,19,11,429,24,22,55,5,45,33,156,10,9,18,91,6,12,2,1,1,33,0,18,6,8,13,12,33,4,2,71,71,0,17,1,12,50,4,24,8
"71_083. My Singing Monsters - Plant Island Theme_noise_-15dB_sample2.wav",185,5,2,785,12,1,8,15,5,14,2,2,22,17,45,14,7,142,6,30,26,544,5420,1,50,23,2,22958,3,5,7,12,3,6,467,6,11,5,12,66,3,57,3,2,9,12,3,2,2,3,3,15,10,3,7,0,2,0,1,6,1,2,6,10,1,47,6,55,2,116,2,35,0,9,9,17,3,0,14,5,14,0,2,15,0,80,10,11,16,4,3,71,75,20,1,3,12,48,3,25,10
"67_090. Josh Groban - You Raise Me Up (Official Music Video) [HD Remaster]_noise_-15dB_sample1.wav",166,2147,5,60,17,43,1,2,25,17,1,3,27,169,33,6,8,132,3,22,3,471,109,6,46,31,2,22720,3,2,3,13,30,33,282,24,18,0,6,66,6,44,46,15,25,7,11,10,7,8,4,6,2,20,52,3,14,49,7,6,28,24,1,8,2,93,15,37,9,44,7,33,4,11,29,11,30,10,1,20,5,7,18,11,11,19,33,18,4,3,7,58,66,3,32,22,11,25,6,24,8
"77_065. Nightcore - Ghostbusters_noise_-15dB_sample1.wav",171,2,4,7,6,1,2,2,15,15,2,2,24,13,41,2,8,141,3,24,6,469,40,5,44,10,1,22676,5,6,2,13,6,2,286,4,12,0,4,66,3,45,6,2,1,4,5,1,3,6,2,2,4,10,4,5,3,4,1,5,1,1,3,4,3,3,7,53,1,44,7,16,2,27,2,6,2,3,3,1,20,3,1,12,0,2,15,11,1,4,11,63,66,1,6,1,13,25,4,25,3
"74_029. David Guetta - Hey Mama (Official Video) ft Nicki Minaj, Bebe Rexha & Afrojack_noise_-15dB_sample2.wav",167,3,15,66,1,6,1,17,4,11,2,2,22,11,41,48,3,123,11,22,4,409,22,7,44,8,72,10464,4,8,54,27,11,11,307,40,17,1,15,62,36,36,12,0,33,12,15,2,7,70,7,21,16,21,7,6,2,0,1,2,1,6,6,3,44,133,12,40,32,44,66,95,1,6,99,37,3,26,2,7,3,1,4,25,4,12,2,6,162,2,3,56,861,2,64,0,12,40,9,22,6
"64_097. Nightcore - Running With the Wolves [Lyrics]_noise_-15dB_sample2.wav",185,22,2,17,11,2,7,2,2,12,26,4,76,13,43,6,8,140,3,22,19,457,22,0,47,5,4,22862,6,4,17,11,7,8,477,40,11,11,8,66,3,68,13,2,6,14,92,6,3,5,2,14,8,3,4,5,9,0,1,8,6,24,2,6,11,5,11,55,5,49,10,467,42,9,14,7,2821,3,2,29,21,3,42,12,3,2,4,18,117,10,5,61,71,9,8,1,11,28,14,24,10
"10_012. Calvin Harris - I Need Your Love (Official Video) ft. Ellie Goulding_noise_-15dB_sample1.wav",182,33,12,15,4,8,6,1,4,13,6,3,72,12,59,15,4,140,6,28,0,528,22,2,60,6,6,20126,5,2,2,11,4,12,423,12,11,0,21,66,12,53,54,1,1,3106,15,16,5,19,13,64,1,6,10,7,43,1,17,36,4,9,4,5,9,19,15,55,2,49,13,22,13,12,4,21,12,4,4,17,3,9,5,14,3,132,1,7,0,11,2,59,66,3,9,2,12,46,145,22,15
"87_079. twenty one pilots Heathens (from Suicide Squad The Album) [OFFICIAL VIDEO]_noise_-15dB_sample1.wav",182,9,3,384,7,2,2,76,4,14,4,8,29,15,43,56,8,139,6,165,4,521,22,15,44,74,39,13739,6,13,91,14,81,2,463,176,42,1,15,79,110,57,3,6,281,3,16,3,12,99,1,13,3,36,6,1,2,3,1,2,1,88,82,10,267,43,29,53,23,219,166,464,13,38,151,3146,3,114,6,4,72,42,11,21,8,16,34,79,238,4,2,73,92,0,157,3,12,92,29,23,35
"80_077. Emeli Sandé - Hurts_noise_-15dB_sample2.wav",177,1,3,14,1,2,2,4,7,16,4,2,23,13,44,2,8,146,18,25,2,528,22,3,46,4,5,15873,2,9,10,13,6,4,472,8,12,3,5,66,4,54,4,2,696,13,14,4,3,8,1,2,2,8,4,4,2,9,0,2,1,1,4,2,2,38,6,52,5,44,6,18,0,6,4,66,12,5,4,2,3,1,4,12,0,5,6,6,5,6,2,59,76,1,5,1,16,47,4,22,22
"44_Sacred Beast_noise_-15dB_sample2.wav",197,74,36,231,3,31,115,39,4,20,4,20,24,241,187,156,10,138,35,61,31,528,22,24,308,17,131,21793,4,32,183,28,41,90,510,132,40,20,78,66,50,52,102,81,91,20,78,60,11,73,138,324,15,63,138,8,28,1,5,8,34,122,4,16,128,199,17,55,54,256,279,232,41,6,104,70,3,11914,16,41,33,21,136,1940,6,86,7,10,231,13,2,68,98,0,70,15,18,62,26,22,6
"101_070. Eminence - Knock Me Out (feat. Anna Cyzon) [Monstercat Official Music Video]_noise_-15dB_sample1.wav",187,4,4,7,1,0,0,0,2,13,2,17,22,12,42,4,6,142,2,23,2,523,22,0,46,10,2,22862,4,4,8,11,42,4,396,4,11,0,8,66,3,68,1,5,0,16,5,0,5,4,1,4,0,6,9,0,1,2,1,4,1,0,6,5,2,4,8,55,1,49,5,18,0,7,4,2,4,0,0,1,0,1,4,11,0,8,4,6,2,1,0,59,71,1,6,1,12,43,3,25,8
"73_Turn the Lights Off_noise_-15dB_sample1.wav",175,55,3,550,3,2,5,66,4,12,2,4,24,11,200,243,2,133,6,96,16,472,22,32,50,18,165,10998,4,798,279,13,77,6,247,205,24,3,29,64,56,55,12,1,107,3,87,13,8,90,2,110,7,87,4,3,1,2,2,4,4,1,2,6,165,187,19,42,32,86,378,397,8,9,131,83,7,80,2,15,6,7,1,71,2,18,8,10,357,4,7,58,66,14,93,2,12,88,47,24,6
"16_038. P!nk - Just Give Me A Reason ft. Nate Ruess_noise_-15dB_sample1.wav",178,23,20,11,4,11,4,2,3,16,4,3,23,11,96,14,4,146,3,28,12,475,22,2,46,6,8,22814,5,12,9,12,2,24,477,4,33,3,8,71,6,49,1,5,7,10,12,3,4,30,10,2,1,3,5,1,2,8,2,3,1,38,7,3,16,11,8,55,3,54,9,15,2,1452,5,4,3,16,5,44,5,1,4,13,3,5,70,15,1,4,3,62,81,0,3,12,13,51,2,23,15
"23_048. Pharrell Williams - Happy (Official Music Video)_noise_-15dB_sample1.wav",183,21,2,22,24,6,4,8,4,13,4,9,24,11,45,12,12,144,9,28,4,526,26,2,48,4,2,17628,4,4,3,13,2,5,484,3,12,1,6,66,6,62,12,3,2,21,9,11,3,2,3,12,5,17,5,2,13,9,2,14,9,1,1,7,6,14,6,56,8,49,3,64,6,11,7,5,4,9,2,5,1,3,5,14,6,4,2,12,4,4,1135,59,82,1,19,10,12,45,2,25,20
"89_091. Faster Car - Anders Lystell feat. Kaliber [EPIDEMIC SOUND] (Lyrics)_noise_-15dB_sample1.wav",172,5,2,16,2,10,7,50,19,12,3,26,73,12,33,12,4,132,13,24,2,382,22,3,44,8,7,16433,27,45,15,15,9,5,356,5,13,6,9,66,2,40,3,10,7,9,4,3,4,7,6,8,1128,21,7,0,1,1,12,4,8,9,5,8,6,4,6,42,45,44,4,17,10,7,2,2,3,2,2,33,1,7,6,12,2,7,14,10,0,2,27,57,66,0,3,5,11,28,15,25,4
"10_012. Calvin Harris - I Need Your Love (Official Video) ft. Ellie Goulding_noise_-15dB_sample2.wav",177,51,25,24,3,6,48,2,7,12,9,8,58,11,35,11,16,133,10,22,0,471,22,2,62,6,22,17111,8,6,4,11,8,9,292,6,22,0,18,64,3,42,28,0,6,2970,11,35,4,7,1,69,2,5,16,15,21,9,16,21,9,17,3,5,4,38,11,40,3,44,17,17,16,11,11,9,7,7,1,28,0,2,9,11,4,110,0,4,1,7,8,57,66,0,22,6,12,28,99,26,24
"41_The Bidding_noise_-15dB_sample1.wav",174,3,3,12,1,6,3,13,2,16,2,3,24,16,44,11,2,146,12,23,4,513,22,5,46,8,3,13207,4,3,2,11,5,4,377,6,12,2,4,69,4,50,6,3,5,2,5,4,4,26,2,3,9,7,5,1,2,0,0,3,2,3,6,6,4,5,11,49,6,44,4,18,0,10,1,4,6,4,2,22,1,4,9,13,1,4,5,8,1,8,4,60,76,1,7,0,1306,39,7,37,4
"48_027. MAGIC! - Rude (Official Video)_noise_-15dB_sample2.wav",175,19,2,10,3,5,1,5,8,13,4,3,23,11,44,30,8,140,12,25,6,529,22,4,44,12,1,12926,5,3,8,11,20,3,438,9,11,513,8,73,4,56,2,2,9,6,2,2,3,10,1,14,6,7,6,2,2,1,1,4,2,6,2,6,17,21,8,55,10,49,4,22,6,4,4,3,24,4,1,4,4,5,1,15,2,7,4,5,3,6,4,60,74,7,8,7,11,39,11,22,5
"71_083. My Singing Monsters - Plant Island Theme_noise_-15dB_sample1.wav",282,35,5,422,9,45,5,47,7,13,2,8,43,13,47,4,9,140,12,37,844,528,11160,2,44,17,1,11212,5,2,8,12,34,16,338,78,11,15,227,64,2,52,6,1,40,4,18,2,12,6,10,38,1,8,18,26,7,3,8,2,1,9,4,12,10,107,35,47,2,85,4,81,7,43,127,399,51,9,5,3,4,2,4,14,0,196,9,47,5,4,8,64,66,8,5,76,12,41,3,25,4
"40_052. Lindsey Stirling - Moon Trance (Official Music Video)_noise_-15dB_sample1.wav",291,72,15,186,8,15,15,6,6,13,6,40,22,11,162,21,6,147,10,144,9,542,22,7,44,9,38,12780,15,6,21,15,30,4,420,25,22,0,8,70,11,50,21,1,12,4,6,16,11,23,4,5,1,18,16,4,38,9,4,16,3,39,9,5,9,33,7,47,21,66,84,103,2,52,27,15,6,19,2,29,2,3,1,54,13,6,20,7,52,22,21,55,69,0,55,24,13,42,3,25,5
"59_014. Avicii - Hey Brother (Lyric)_noise_-15dB_sample2.wav",252,52,10,121,6,24,39,14,15,14,17,13,23,15,395,12,7,135,6,22,36,498,34,28,2283,24,5,13004,4,4,6,11,22,11,3236,15,68,3,29,66,2,70,106,1,7,29,4,70,8,24,10,38,1,5,37,13,8,46,22,41,8,10,6,12,41,121,15,55,1,49,8,18,10,15,20,5,153,34,1,27,1,9,18,19,100,19,9,23,4,63,20,55,68,26,122,35,13,41,14,57,19
"47_020. Warriors (ft. Imagine Dragons)  Worlds 2014 - League of Legends_noise_-15dB_sample1.wav",177,18,14,35,6,14,1,103,3,11,2,2,22,11,33,16,4,140,6,22,24,386,22,4,48,21,37,14265,7,32,10,15,45,13,370,59,12,5,58,64,25,42,9,14,187,19,20,301,10,6,3,301,12,503,11,0,1,1,1,8,8,28,23,20,33,23,9,42,66,4187,44,176,1,14,11,20,32,129,2,232,3,3,4,73,0,14,34,43,13,5,9,55,66,0,5,4,11,27,5,22,6
"59_014. Avicii - Hey Brother (Lyric)_noise_-15dB_sample1.wav",193,141,6,176,8,71,119,19,8,129,30,21,27,650,484,9,13,135,4,28,45,536,27,12,4566,30,4,22676,8,43,5,12,11,7,6248,4,69,0,25,66,4,47,199,1,2,31,221,110,4,759,150,804,4,14,358,17,21,95,20,64,66,21,4,33,40,308,9,55,4,53,8,44,12,11,17,4,248,253,2,28,3,19,93,21,84,19,1,16,2,94,19,60,74,39,288,38,13,43,24,82,32
"63_087. Anaconda - Nicki Minaj  The Fitness Marshall  Dance Workout_noise_-15dB_sample2.wav",157,2,3,8,12,4,2,1,6,14,2,3,22,12,33,3,6,134,18,28,9,428,24,13,44,8,1,12136,3,1,3,13,7,1,320,2,11,0,3,66,2,86,3,2,2,2,8,2,2,11,3,2,0,6,11,1,1,1,0,2,1,4,2,3,1,5,11,52,3,44,2,17,0,5,5,6,9,6,420,0,17,2,1,13,0,3,2,5,6,3,5,62,82,0,2,8,12,22,17,22,4
"37_063. Bastille - Pompeii (Official Music Video)_noise_-15dB_sample1.wav",223,3,5,129,12,8,1,8,21,11,4,2,24,11,44,3,8,148,12,24,7,529,22,477,46,5,7,13212,6,3,3,12,15,32,484,4,12,5,7,71,4,56,3,1,3,2,4,6,2,4,2,8,1,11,7,1,6,3,1,3,7,0,11,15,2,18,5,54,3,49,12,43,2,13,7,24,1,0,2,5,2,3,4,13,0,2,8,7,4,1,6,56,78,1,4,3,12,41,6,28,3
"16_038. P!nk - Just Give Me A Reason ft. Nate Ruess_noise_-15dB_sample2.wav",288,6,12,26,2,2,4,10,3,15,6,4,22,11,43,19,16,136,11,24,1,498,22,1,46,4,5,17628,6,2,2,12,58,3,484,8,12,0,11,67,24,52,4,8,0,5,4,1,4,18,3,6,1,3,3,0,4,2,1,2,1,6,8,5,7,41,6,55,3,45,7,37,12,1024,7,47,4,11,4,4,12,1,2,13,10,5,7,6,5,5,1,61,71,0,15,8,13,40,11,28,9
"3_100. Owl City & Carly Rae Jepsen - Good Time (Official Video)_noise_-15dB_sample1.wav",259,12,1,17,7,6,43,6,2,31,8,8,31,13,46,21,5,146,6,25,8,528,23,2,61,6,17,23008,5,1,2,11,6,1,454,2,11,7,14,76,6,52,1206,8,11,46,12,13,2,20,8,113,4,3,18,31,8,10,6,6,90,5,8,8,3,29,5,55,1,54,2,17,31,9,0,11,9,2,3,10,0,7,2,82,20,6,3,4,7,16,4,63,91,5,29,3,13,50,18,25,11
"66_Cruel_Summer_noise_-15dB_sample1.wav",246,17,103,13,9,11,8,389,8,13,2,9,34,12,44,17,8,150,18,28,4,535,22,20,44,176,6,13024,22,5,6,58,132,8,407,128,23,1,26,66,9,44,6,7,43,3,55,28,2472,33,92,140,11,14,34,4,32,14,41,35,3,2,5,15,33,36,6,49,4,49,36,109,150,8,16,14,5,12,6,11,2,9,11,26,12,10,27,33,15,5,4,59,74,0,202,4,14,48,86,28,11
"62_061. LEFT SCREEN ONLY Spot the Differences_noise_-15dB_sample2.wav",252,517,11,69,1,5,6,3,3,13,2,253,22,14,44,12,8,132,5,23,1,501,22,15,49,6,8,22175,5,24,4,11,8,2,484,2,11,3,10,66,12,50,4,7,3,8,14,1,2,58,3,9,4,6,4,2,2,8,6,4,4,30,3,4,8,59,6,55,40,81,2,29,8,4,5,145,20,5,7,4,2658,15,9,19,12,4,4,7,8,10,4,55,66,4,4,312,58,41,2,22,4
"2_023. Rachel Platten - Fight Song (Official Video)_noise_-15dB_sample2.wav",252,61,18,92,20,21,42,12,22,36,21,6,253,19,53,4599,67,132,10,42,4,536,30,3,86,14,249,22815,8,99,20,21,103,48,492,211,32,21,204,66,39,59,120,25,8,58,93,94,8,36,104,183,10,22,63,1,51,30,33,136,37,79,55,16,55,72,6,55,25,45,110,488,267,21,47,11,10,43,2,151,2,17,16,13,240,74,108,38,3,51,4,64,76,1,35,4,14,53,429,33,94
"91_Greener_noise_-15dB_sample1.wav",173,10,2,10,9,1,13,4,6,12,2,2,22,11,44,4,8,144,12,22,4,528,23,19,47,7,5,15153,2,3,4,11,22,3,371,2,11,5,6,66,2,49,6,5,12,8,31,2,3,4,1,4,3,62,4,1,1,0,2,4,3,5,3,7,1774,3,7,45,1,44,5,19,2,6,4,3,5,1,2,2,2,3,2,13,0,4,1,6,2,5,4,55,66,1,4,7,13,44,5,22,4
"94_Banana Man_noise_-15dB_sample2.wav",177,3,18,183,30,69,4,10,12,12,1,3,22,18,158,21,3,132,9,107,1,523,41,6,44,928,12,21384,4,4,2,19,39,88,336,7,26,0,55,66,3,43,7,2,19,8,21,8,3,99,95,19,6,89,67,6,33,39,9,11,7,6,10,44,19,33,12,53,11,49,15,400,4,62,19,8,8,19,1,4,1,6,3,30,12,9,44,9,2,8,0,67,72,4,23,4,14,42,13,25,9
"93_015. Lukas Graham - 7 Years [Official Music Video]_noise_-15dB_sample2.wav",173,19,3,209,2,7,3,43,10,16,2,8,24,14,39,12,5,155,10,24,3,435,22,4,44,15,31,16297,7,2,9,11,2,11,410,64,11,0,12,66,4,47,3,0,2,4,74,41,7,20,1449,23,3,4,21,5,10,1,49,9,9,1,6,2,1,14,5,49,3,44,5,31,18,7,4,2,3,5,2,22,3,4,4,15,1,4,11,3,0,27,5,67,74,1,3,21,11,25,6,25,10
"19_054. Owl City - When Can I See You Again (From Wreck it Ralph)_noise_-15dB_sample2.wav",182,8,13,37,14,21,1,40,22,13,2,2,31,11,93,12,6,140,17,28,2,528,32,8,46,34,41,13024,5,34,12,35,22,7,484,37,11,5,31,71,25,61,5,3,37,12,12,2,4,67,10,60,6,10,23,0,15,25,4,3,2,15,3,7,8,32,7,56,13,49,1041,56,11,12,11,20,33,13,4,2,1,8,4,24,23,19,21,22,11,4,4,59,68,3,66,2,16,47,4,27,6
"39_051. Galantis - No Money (Official Video)_noise_-15dB_sample2.wav",164,5,8,12,3,4,2,133,3,14,2,139,22,11,33,9,3,134,6,22,2,439,22,7,48,16,3,12189,3,12,4,14,69,3,312,11,11,11,4,61,4,37,37,8,10,4,4,12,4,10,4,31,14,4,5,0,7,3,5,1,11,11,5,900,103,11,11,44,6,44,3,34,2,9,3,3,2,4,3,357,0,9,4,15,1,4,55,13,2,4,2,55,66,3,14,2,12,25,15,25,7
"79_095. Alan Walker - Alone_noise_-15dB_sample2.wav",167,109,5,176,10,22,14,6,7,14,3,8,22,38,39,3,12,132,9,23,10,483,30,6,46,24,3,12931,5,2,4,11,16,22,344,4,11,3,11,66,3,44,33,5,16,16,24,39,4,40,168,120,5,17,17,6,13,18,1226,2,8,2,4,8,3,46,6,50,2,45,7,24,8,9,10,4,2,1,2,22,16,5,9,11,17,4,24,22,5,5,5,59,72,0,16,17,13,26,11,27,4
"67_090. Josh Groban - You Raise Me Up (Official Music Video) [HD Remaster]_noise_-15dB_sample2.wav",188,11352,67,989,5,1,380,6,4,15,77,14,23,33,46,14,4,148,3,26,7,545,26,84,48,12,6,13024,10,3,419,151,132,4,465,9,11,99,42,69,7,56,11,97,22,88,3191,27,2,11,19,609,6,203,6,242,4,5,12,14,66,33,7,11,275,7,4,53,29,54,5,13,16,3,17,3,11,3,1,1254,8,9,4,13,5,10,14,58,1,427,39,71,71,1166,5,33,12,46,1164,47,4
"105_101. Yann Tiersen - Comptine d`un autre ete - l`apres-midi_noise_-15dB_sample1.wav",187,159,88,539,96,33,30,71,24,15,4,5,103,11,333,440,14,162,139,338,20,526,103,109,64,73,101,12228,17,200,163,160,882,178,395,233,80,9,125,120,106,60,64,95,112,12,29,12,23,110,110,127,5,33,24,11,44,109,28,27,12,179,39,83,604,296,39,50,118,104,246,13228,139,162,115,110,6,115,4,74,27,59,22,281,85,106,140,48,205,10,10,100,95,9,203,220,13,52,299,31,139
"18_044. tony igy-stop in my mind_noise_-15dB_sample2.wav",183,24,26,53,28,10,1,80,6,12,4,16,22,11,46,21,8,136,18,23,6,398,42,14,44,28,15,20288,10,25,42,823,18,12,434,33,11,6,30,81,5,62,35,7,81,2,56,84,7,47,3,63,7,76,5,3,36,14,2,10,11,80,7,27,20,37,4,49,75,98,68,149,2,13,34,34,15,18,11,22,3,3,5,45,1,41,23,21,42,6,5,61,68,5,57,7,22,45,3,22,7
"88_033. Fifth Harmony - Worth It (Official Video) ft. Kid Ink_noise_-15dB_sample2.wav",176,11,3,212,20,10,33,0,6,13,808,5,22,11,62,5,7,132,0,22,8,493,22,2,58,4,2,19260,5,2,4,11,7,8,478,3,12,0,4,66,2,51,13,0,1,4,124,12,3,4,6,4,1,3,9,4,10,11,3,8,1,2,8,4,1,10,7,55,2,52,3,17,3,12,6,1,10,2,2,9,0,3,2,12,21,7,1,3,2,10,4,58,66,0,28,27,12,31,3,24,8
"32_086. Olly Murs - Grow Up (Official Video)_noise_-15dB_sample1.wav",188,191,3,292,13,27,47,30,4,17,7,33,32,12,370,18,25,140,6,30,4,523,22,3,46,4,2,19517,19,3,6,17,7,3,484,12,48,5,7,71,4,65,57,40,13,15,22,119,3,15,42,13,43,22,12,2,33,20,6,13,14,6,9,7,6,115,5,56,5,48,3,24,8,69,11,2,3,10,4,964,0,5,18,13,28,4,8,14,3,38,10,72,66,5,135,122,13,40,7,142,11
"25_035. Alan Walker - Sing Me To Sleep_noise_-15dB_sample1.wav",172,3,6,275,3,1,1,53,7,13,4,2,24,11,57,35,8,156,11,104,11,444,22,1,52,8,9,12572,4,6,81,11,23,3,412,83,17,0,56,66,12,48,3,5,27,10,4,4,6,20,6,11,0,10,5,4,3,1,2,4,0,0,4,2,60,12,10,48,5,57,117,282,21,10,88,74,8,20,2,2,64,5,9,13,7,26,4,70,115,4,4,56,77,2,112,1,12,931,26,22,20
"63_087. Anaconda - Nicki Minaj  The Fitness Marshall  Dance Workout_noise_-15dB_sample1.wav",173,20,2,10,8,0,2,0,4,12,2,3,22,11,44,2,2,143,12,22,3,523,22,0,46,9,8,12866,6,4,5,11,11,5,373,6,11,0,8,66,3,47,4,2,3,4,2,1,5,4,2,11,1,4,4,1,1,1,0,4,0,1,3,4,1,3,6,49,1,44,16,17,2,9,2,2,4,2,599,2,1,0,0,12,1,4,1,5,2,14,4,59,66,1,6,1,11,46,8,22,6
"38_082. Smoke and Mirrors_noise_-15dB_sample1.wav",183,20,2,13,3,4,2,9,8,13,2,12,24,11,44,7,4,136,6,44,7,536,25,4,44,6,3,16401,4,8,3,12,8,4,442,7,12,8,10,71,15,56,4,2,2,8,39,2,3,1136,3,7,10,10,10,2,4,10,1,4,6,70,2,2,6,16,5,55,3,49,3,44,4,9,2,2,4,10,4,4,6,4,2,15,4,3,1,4,5,8,4,63,68,2,6,6,12,40,7,25,19
"53_102. What_noise_-15dB_sample2.wav",181,9,2,5,1,1,5,14,4,15,2,8,22,16,38,18,4,140,4,25,4,513,22,2,46,7,5,22440,4,11,2,11,15,2,484,165,11,3,8,66,6,53,17,0,19,8,3,8,5,8,65,4,4,6,8,5,8,8,4,2,2,459,4,5,75,45,6,55,2,49,39,55,3,6,2,22,3,31,4,2,1,1,3,12,1,2,1,4,7,8,2,61,71,0,17,2,16,39,9,24,2
"18_044. tony igy-stop in my mind_noise_-15dB_sample1.wav",174,18,8,48,5,3,2,15,4,12,7,28,22,13,40,6,4,141,11,24,8,500,22,8,52,8,17,22720,9,7,8,1827,8,7,353,5,11,5,14,66,13,57,7,8,18,12,9,31,3,43,3,6,14,29,12,2,7,12,1,6,2,2,6,13,10,21,7,55,7,44,3,35,8,6,3,5,3,6,4,22,0,6,2,15,4,6,9,29,6,9,5,59,71,0,52,7,11,33,7,71,17
"55_009. Taylor Swift - Shake It Off_noise_-15dB_sample2.wav",187,6,41,140,48,15,4,19,5,14,6,5,40,17,216,16,8,156,9,28,11,528,52,8,48,24,29,14722,3,7,2,40,10,92,484,4,11,6,64,932,4,72,16,2,41,4,10,2,21,158,15,12,0,69,27,2,33,35,7,7,13,0,4,21,1,77,19,55,1,60,27,39,4,7,14,32,8,5,13,2,0,27,3,15,2,5,41,26,3,4,4,59,76,4,61,8,12,45,9,26,9
"61_045. The Black Eyed Peas - I Gotta Feeling (Official Music Video)_noise_-15dB_sample2.wav",184,11,13,30,66,8,21,13,2,15,4,4,25,13,48,30,8,138,15,50,32,515,22,3,109,10,20,21532,3,3,9,22,31,12,484,5,12,3,17,71,4,72,35,11,15,126,6,7,13,131,112,212,2,26,11,2,22,35,15,4,2,3,10,2,10,22,5,57,27,54,12,67,142,20,26,15,3,93,3,47,15,7,7,399,1,3193,4,7,16,4,6,61,72,0,23,4,13,46,59,26,12
"90_064. Eurythmics, Annie Lennox, Dave Stewart - Sweet Dreams (Are Made Of This) (Official Video)_noise_-15dB_sample2.wav",186,807,2,163,0,3,51,2,3,13,12,8,28,13,43,12,8,144,3,23,3,528,22,1,44,9,1,22814,3,1,83,12,27,2,484,3,11,28,6,66,6,58,3,6,4,7,431,4,3,4,1,98,3,16,6,45,1,0,3,3,21,10,1,3,61,3,6,55,5,54,3,18,1,7,1,2,3,2,2,228,0,3,0,11,1,2,2,2,1,108,2,61,76,200,1,9,12,48,119,22,4
"4_003. Lorde - Royals (US Version)_noise_-15dB_sample1.wav",182,1,4,18,9,7,9,12,4,13,2,4,24,17,45,6,8,144,311,25,10,528,24,3,46,9,3,22816,14,6,6,13,4,16,484,13,12,0,12,71,4,64,8,2,12,4,2,1,6,26,4,11,1,4,9,0,10,13,4,3,1,3,11,7,1,17,4,57,2,52,8,31,2,6,5,7,6,7,2,4,1,4,1,12,11,2,8,5,2,8,2,63,76,3,23,7,12,47,4,22,8
"28_074. American Authors - Best Day Of My Life_noise_-15dB_sample2.wav",172,32,14,27,8,3,7,3,5,13,4,4,22,15,33,13,4,2340,6,25,0,434,22,2,44,7,6,22814,25,3,8,11,25,12,478,113,19,0,9,66,11,63,19,0,1,11,6,1,3,3,3,52,0,132,6,1,2,2,5,9,3,7,8,3,29,16,10,44,35,47,24,209,3,6,4,3,3,2,0,1,10,34,15,12,2,8,2,3,5,2,5,63,74,1,5,4,12,28,13,24,6
"103_037. Calvin Harris, Rihanna - This Is What You Came For (Official Video) ft. Rihanna_noise_-15dB_sample1.wav",186,29,7,81,19,14,15,22,5,14,24,17,60,12,152,39,7,136,6,33,2,528,22,12,71,4,48,22725,22,3,14,13,98,12,484,47,27,1,37,69,6,59,61,3,6,85,22,49,6,31,27,2,1,6,53,2,96,18,13,69,3,28,7,9,93,33,6,57,3,52,26,171,16,33,35,25,10,15,2,13,12,18,5,15,29,27,4,18,48,17,3,79,82,2,33,17,12,34,55,22,2066
"22_094. Harry Potter Puppet Pals - The Mysterious Ticking Noise (Video With Lyrics)_noise_-15dB_sample1.wav",178,11,3,11,5,3,5,8,16,13,1,3,39,12,45,24,11,150,15,23,6,536,22,11,47,20,9,22030,6,6,11,13,273,3,375,19,80,9,10,71,22,48,15,17,18,8,11,8,4,19,3,19,3,42,13,1,3,3,1,8,11,29,4,13,233,20,4,51,2,45,5,41,11,9,10,6,6,8,4,15,0,1433,3,58,7,5,15,4,33,9,6,75,76,5,4,3,13,45,198,24,14
"83_004. Katy Perry - Roar_noise_-15dB_sample2.wav",183,12,4,5,1,2,1,1,3,15,2,3,22,13,49,12,14,147,9,25,5,540,26,1,44,9,0,13024,8,6,4,12,6,3,484,4,11,0,4,66,5,62,4,2,1,50,18,39,3,8,41,8,1,3,8,0,685,11,31,2,4,4,2,5,1,6,6,54,4,49,5,17,11,6,7,2,6,9,2,7,0,1,8,20,0,17,1,4,1,7,6,61,68,0,4,15,12,47,3,22,4
"14_099. Sheppard Geronimo - [International Version] (Official music Video)_noise_-15dB_sample1.wav",177,13,2,132,1,3,5,15,6,15,6,6,24,13,46,22,11,141,10,37,5,529,22,10,44,11,1569,13175,4,10,6,11,7,9,389,4,13,3,25,69,11,44,9,6,6,12,33,10,3,24,15,16,1,16,5,4,5,0,11,16,7,5,6,5,22,50,10,55,7,49,8,73,18,6,14,20,9,6,5,7,55,6,5,27,11,14,12,6,48,8,5,61,71,4,4,3,13,48,29,24,9
"22_094. Harry Potter Puppet Pals - The Mysterious Ticking Noise (Video With Lyrics)_noise_-15dB_sample2.wav",169,4,8,459,15,24,2,6,5,14,3,3,22,29,57,16,15,138,11,22,4,508,22,12,63,27,3,11310,5,4,7,22,3,72,358,6,12,2,29,66,2,49,23,4,6,5,8,2,6,18,2,14,3,15,26,3,1,17,4,5,5,7,16,19,2,19,10,45,15,49,8,101,4,10,20,5,8,4,2,4,0,1383,4,16,5,5,35,14,12,3,3,55,66,1,5,27,12,32,3,28,8
"26_017. David Guetta - Titanium ft. Sia (Official Video)_noise_-15dB_sample2.wav",174,103,1,85,26,9,5,0,2,12,5,11,22,11,98,4,8,138,3,86,19,502,22,2,44,7,4,9823,15,13,2,11,56,5,321,10,11,1,9,64,1,56,32,2,3,7,34,22,12,99,60,7,5,23,22,4,16,17,12,1003,7,7,8,9,1,65,6,43,2,44,4,40,4,22,33,7,62,42,4,31,2,8,3,33,9,6,2,4,1,20,2,55,66,6,49,11,38,37,25,22,13
"102_018. Shawn Mendes - Stitches (Official Music Video)_noise_-15dB_sample1.wav",184,22,2,12,9,6,2,8,4,15,3,1445,22,13,44,14,4,135,12,29,4,528,22,1,48,8,0,13073,2,4,8,11,3,7,475,4,11,4,14,71,4,63,9,2,0,14,27,3,2,5,1,17,4,4,9,35,3,3,2,11,2,2,2,2,13,14,7,55,2,54,2,14,2,9,50,3,4,1,1,10,0,2,10,13,0,4,4,8,2,4,9,62,76,0,4,1,11,45,2,22,8
"99_080. Melanie Martinez - Carousel (Official Music Video)_noise_-15dB_sample2.wav",175,7,2,14,0,5,1,2,5,12,0,3,22,11,39,2,4,132,10,25,2,500,22,5,48,6,4,13128,2,4,8,12,1,5,484,2,11,2,13,66,2,47,9,1,1,11,2,2,1,4,3,3,2,3,9,2,5,4,0,5,1,0,5,4,4,3,7,518,1,44,1,15,2,6,4,3,4,0,1,3,2,5,2,11,0,4,2,6,4,2,1,63,74,0,2,7,11,41,1,22,8
"60_057. Get Off The Phone Song_noise_-15dB_sample2.wav",174,6,4,16,3,0,5,106,5,13,15,54,128,11,33,13,5,147,15,22,6,453,22,20,44,8,5,12646,31,7,13,20,47,5,404,2,11,15,7,67,6,67,4,762,13,6,5,10,1,4,2,16,70,60,7,1,2,3,2,2,3,2,3,25,18,4,7,52,30,50,2,15,1,4,1,3,12,8,1,11,3,1,3,16,5,2,42,15,4,6,26,59,66,1,4,4,11,25,4,385,4
"47_020. Warriors (ft. Imagine Dragons)  Worlds 2014 - League of Legends_noise_-15dB_sample2.wav",169,16,36,11,3,9,29,3,5,15,3,2,22,11,48,11,3,138,6,22,4,518,22,4,48,6,4,12782,4,10,18,12,66,3,347,221,19,1,20,66,5,37,6,19,29,6,10,3,4,9,3,5,3,15,11,5,3,9,6,20,4,44,6,10,561,38,26,43,12,2208,30,46,1,6,15,4,15,21,4,3,2,9,4,16,2,4,9,9,3,8,2,55,66,3,5,52,12,48,16,25,5
"48_027. MAGIC! - Rude (Official Video)_noise_-15dB_sample1.wav",184,9,0,6,5,3,2,43,4,14,5,9,83,11,33,30,8,144,12,25,4,502,22,8,50,9,2,23165,4,5,7,12,14,3,484,10,11,1026,8,71,6,52,8,1,3,8,3,5,5,4,4,6,12,59,9,3,2,1,3,4,3,15,2,13,7,3,12,55,5,54,6,45,1,5,3,4,6,4,2,8,1,9,6,16,0,5,7,4,5,2,2,63,68,0,4,87,14,25,10,25,4
"100_059. Nilla Wafer Top Hat Time  Song - Rhett & Link_noise_-15dB_sample2.wav",179,7,3,32,2,0,3,7,4,12,8,2,22,16,40,10,9,150,12,26,4,492,23,2,46,7,7,16125,4,4,5,12,4,4,452,13,12,2,12,71,3,51,1,3,4,8,6,5,5,36,6,4,2,369,6,1,2,2,1,3,3,2,16,8,3,5,10,54,5,54,5,95,3,11,15,8,9,2,2,1,2,3,4,30,2,10,3,6,1234,3,4,65,69,0,6,29,13,34,2,22,15
"54_016. Taylor Swift - Blank Space_noise_-15dB_sample2.wav",186,132,88,1618,527,1536,25,30,252,38,6,21,25,460,519,70,28,140,96,110,13,513,446,75,75,242,64,16047,17,18,3,65,439,1617,430,38,221,2,133,71,9,44,166,6,685,8,23,56,31,350,87,4,4,580,994,6,50,2718,32,66,25,33,20,147,9,515,79,54,10,50,189,890,7,119,429,102,118,41,8,13,1,83,3,63,100,20,799,402,6,21,4,63,68,32,932,267,12,116,43,40,122
"35_036. Fall Out Boy - Centuries (Official Video)_noise_-15dB_sample2.wav",174,14,22,103,6,8,16,3,5,13,4,3,23,13,44,19,4,149,10,135,1,542,22,2,118,20,47,11000,11,2,2,11,202,10,388,4287,12,0,4,66,44,44,3,3,17,4,8,4,10,36,3,2,7,5,8,0,15,12,1,8,26,65,83,15,444,421,9,45,24,196,266,516,1,8,17,6,3,105,3,1,0,19,2,16,15,43,42,12,3,8,4,58,66,4,96,3,11,38,80,26,7
"68_055. Madness - Our House (Official 4K Video)_noise_-15dB_sample1.wav",176,65,20,363,105,336,3,31,16,26,4,5,22,122,82,18,5,132,11,34,7,513,77,27,48,73,136,19355,2,36,2,93,42,363,312,16,37,3,104,66,14,41,21,9,93,25,4,9,12,33,4,55,4,123,184,4,16,100,6,6,4,9,17,50,116,174,26,53,131,44,150,634,126,20,208,9,12,8,6,6,3,15,2587,134,5,275,163,53,3,7,11,55,66,14,109,1,11,43,80,30,17
"49_050. Carly Rae Jepsen - I Really Like You_noise_-15dB_sample1.wav",164,8,4,18,2,2,1,7,3,14,0,3,33,11,33,6,7,146,15,25,6,353,21,8,46,12,15,10979,4,4,4,11,1,4,310,3,11,2,6,48,3,98,3,5,23,8,6,3,4,32,3,0,0,2,5,4,2,0,0,12,4,1,3,4,0,24,13,37,2,44,5,17,0,12,5,6,2,2,4,0,0,1,7,15,365,2,5,7,1,4,1,58,66,0,4,1,13,22,1,24,4
"21_085. Janji ft. Johnning - Heroes Tonight 1 HOUR_noise_-15dB_sample1.wav",175,729,4,197,11,14,5,5,7,15,2,21,24,121,39,7,5,132,24,22,11,476,21,24,76,14,4,12482,3,12,7,23,76,4,374,38,36,1,17,66,4,67,89,16,4,26,99,220,4,38,41,57,13,69,68,5,12,1,4,7,40,16,4,11,88,111,7,38,9,44,2,164,13,17,25,5,3,46,2,18,2,8,90,50,19,3,17,10,1,7,9,71,66,0,7,9,43,31,56,26,11
"92_025. Fall Out Boy - Immortals (From Big Hero 6)_noise_-15dB_sample2.wav",177,2,2,14,4,2,0,8,6,15,5,21,22,12,48,5,4,144,12,25,2,528,22,22,44,9,3,13076,18,12,4,21,12,5,484,3,11,1,6,71,2,58,6,20,32,3,2,56,5,36,2,35,27,46,4,0,2,1,1,3,0,12,3,4,13,5,4,53,12,49,1,13,0,3,1,11,7,16,2,83,8,12,3,30,7,4,11,7,2,6,9,63,75,0,4,2,12,50,6,49,5
"50_006. Wiz Khalifa - See You Again ft. Charlie Puth [Official Video] Furious 7 Soundtrack_noise_-15dB_sample1.wav",167,19,3,59,4,29,15,20,2,12,1,10,24,18,58,11,8,156,6,22,6,400,22,3,105,17,12,12031,4,6,7,11,9,10,309,22,33,1,8,64,3,49,17,1,0,14,15,12,4,6,36,8,5,7,1726,4,37,9,9,29,24,3,23,5,4,12,6,54,2,47,8,50,11,4,5,6,6,4,1,7,10,11,8,14,7,6,6,4,1,7,8,68,75,0,91,81,16,22,8,28,33
"58_039. OMFG - Hello_noise_-15dB_sample2.wav",178,10,3,7,0,1,3,3,1,12,1,2,23,11,35,14,4,138,6,25,6,473,22,0,46,4,2,18340,2,1,2,11,2,4,484,3,11,2,4,66,2,66,2,2,0,4,3,1,3,15,1,2,0,1,4,1,2,0,2,1,1,2,1,5,9,4,10,55,1,44,6,19,1,11,24,4,1,6,1,5,1,0,1,13,3,2,2,6,0,2,1,63,76,357,4,4,11,30,2,25,3
"75_078. Kungs vs Cookin on 3 Burners - This Girl (Official Music Video)_noise_-15dB_sample1.wav",175,22,5,55,6,2,3039,6,2,16,6,5,38,11,41,20,12,144,18,25,11,510,26,8,44,10,2,12340,4,3,6,11,2,16,438,7,14,8,35,67,6,58,73,19,2,6,14,54,3,15,7,4,1,18,8,2,8,9,4,8,3,4,4,6,2,33,5,55,2,53,7,22,21,6,9,2,26,89,2,15,20,12,2,13,60,4,3,10,20,30,2,73,66,3,8,3,14,33,2,28,27
"81_013. Passenger  Let Her Go (Official Video)_noise_-15dB_sample1.wav",175,6,4,37,2,4,4,2,6,11,3,4,24,13,36,14,7,165,4,22,3,433,22,2,44,33,7,15117,5,2,4,11,3,6,456,9,11,0,8,76,2,65,4,1,2,9,6,3,3,7,12,6,1,1,5,7,2,1,2,3,2,6,815,7,4,2,6,50,3,44,7,203,23,5,2,4,18,5,2,2,2,7,2,13,4,4,8,36,10,4,0,58,66,0,4,5,11,26,6,22,8
"51_088. Steven Universe - We Are The Crystal Gems_noise_-15dB_sample1.wav",173,28,9,10,4,2,71,4,4,16,4,2,60,12,44,20,12,152,7,24,2,523,30,27,45,66,1,16377,4,3,2,14,24,4,400,6,18,0,11,66,4,49,4,10,2,4,45,30,2,25,66,138,1,44,8,11,3,15,0,8,15,18,4,33,32,148,8,53,7,52,4,127,3220,6,11,5,3,106,4,38,18,2,59,518,124,9,35,342,6,6,2,60,66,122,38,4,13,45,6,25,4
"19_054. Owl City - When Can I See You Again (From Wreck it Ralph)_noise_-15dB_sample1.wav",187,10,18,64,19,41,3,13,18,13,5,3,23,14,48,29,16,164,23,25,4,533,32,28,48,33,111,14933,8,84,8,91,79,22,484,57,23,12,8,69,59,68,8,8,34,4,15,1,5,86,4,52,5,84,16,1,22,33,3,4,3,22,4,24,104,66,6,55,47,48,2214,117,18,15,24,24,9,12,7,2,2,15,8,15,28,76,27,35,2,8,2,63,71,1,72,13,13,44,87,22,35
"32_086. Olly Murs - Grow Up (Official Video)_noise_-15dB_sample2.wav",167,152,4,157,10,12,43,40,3,12,4,32,51,14,78,11,16,125,6,26,3,380,32,1,46,7,4,12002,6,21,11,16,11,3,368,7,18,17,4,66,3,40,70,8,6,52,22,62,4,7,9,38,28,6,108,3,68,12,5,6,5,5,4,5,27,41,9,50,11,44,4,21,2,24,11,3,15,7,3,2371,9,6,4,17,10,6,13,6,4,62,13,57,66,9,44,63,12,29,14,63,6
"55_009. Taylor Swift - Shake It Off_noise_-15dB_sample1.wav",182,3,1,12,1,1,2,4,4,19,6,2,22,13,44,1,8,176,15,24,8,528,25,0,46,8,2,16136,8,4,2,11,2,3,478,4,11,6,6,423,4,57,3,0,3,2,11,0,2,16,2,2,0,4,7,2,2,0,1,5,0,0,2,2,0,4,9,55,4,47,2,23,2,17,5,6,4,1,1,1,1,1,1,13,8,4,4,6,2,4,3,68,71,0,1,14,13,49,5,25,6
"37_063. Bastille - Pompeii (Official Music Video)_noise_-15dB_sample2.wav",178,8,2,18,2,2,1,67,3,15,2,2,22,19,44,6,4,138,5,27,7,510,23,233,50,11,8,22814,5,5,13,15,15,8,463,64,12,4,11,68,4,60,3,4,24,23,42,1,6,4,11,12,2,3,17,2,2,1,7,6,0,0,4,16,33,5,9,55,2,49,4,19,2,8,5,6,10,0,2,24,0,4,3,15,0,4,9,6,3,4,24,74,75,1,3,3,12,32,14,25,10
"90_064. Eurythmics, Annie Lennox, Dave Stewart - Sweet Dreams (Are Made Of This) (Official Video)_noise_-15dB_sample1.wav",171,3,1,12,1,1,2,5,4,13,8,5,22,12,44,5,1,145,18,24,15,513,22,4,46,8,2,21932,4,5,6,11,2,6,435,6,11,0,12,71,4,56,3,3,1,10,6,5,2,4,6,2,2,4,8,0,3,0,1,6,1,2,4,8,1,5,6,53,1,44,3,15,4,6,5,2,4,2,0,2,2,3,2,11,1,4,8,6,1,392,2,57,68,0,2,2,12,38,3,25,7
"6_043. Wintergatan - Marble Machine (music instrument using 2000 marbles)_noise_-15dB_sample2.wav",287,2872,55,13284,638,1639,247,337,209,254,132,1329,818,79,154051,510,516,144,162,5112,250,518,22,36,1807,94,149,18936,462,22,314,18,107,81,1552,283,713,0,2816,2029,67,51,3060,4,94,165,154,1010,13,6911,2924,88,30,92,427,71,2853,1122,374,157,160,134,127,197,185,6281,316,77,28,136,493,6977,618,2458,386,119,1130,396,71,160,48,252,33,72,1836,414,23,251,517,325,121,114,436,125,7099,926,13,516,114,834,376
"75_078. Kungs vs Cookin on 3 Burners - This Girl (Official Music Video)_noise_-15dB_sample2.wav",168,181,7,194,7,30,4219,1,6,84,8,52,24,87,137,10,5,132,4,23,4,478,22,21,190,10,2,11469,4,4,18,11,14,6,309,4,22,4,38,62,2,44,75,13,2,23,65,42,10,109,13,79,6,70,29,11,34,15,9,11,39,16,11,5,24,63,14,44,3,54,6,53,40,40,27,4,24,55,2,41,4,7,15,28,6,6,2,16,1,28,4,68,72,59,44,120,11,24,96,22,10
"99_080. Melanie Martinez - Carousel (Official Music Video)_noise_-15dB_sample1.wav",173,16,3,18,42,4,4,7,21,13,4,1,23,11,44,1,1,146,6,23,8,528,22,4,46,40,2,14983,1,1,2,12,2,4,423,3,11,1,4,66,2,42,2,2,3,2,4,12,3,7,2,0,0,15,9,1,0,20,1,4,4,33,2,1,2,5,8,1358,2,44,7,19,1,10,1,4,3,7,2,2,1,0,2,18,2,1,5,20,2,0,2,55,66,0,10,4,12,64,3,22,9
"35_036. Fall Out Boy - Centuries (Official Video)_noise_-15dB_sample1.wav",174,18,2,231,1,3,3,0,7,17,4,20,22,13,71,12,10,150,3,98,3,489,22,3,46,6,4,22814,3,5,4,11,2,12,470,773,12,0,94,70,5,67,1,2,0,10,332,10,3,43,15,4,2,6,8,11,23,7,15,8,4,15,81,4,3,2,9,53,1,59,17,40,1,9,5,3,3,3,4,3,2,6,1,13,2,13,3,10,1,4,7,69,75,2,10,6,13,37,3,26,23
"13_030. Maroon 5 - Animals_noise_-15dB_sample2.wav",167,18,7,158,1,2,2,35,2,13,0,2,22,13,38,10,4,144,12,23,3,474,22,2,44,10,60,15938,4,5,4,11,3,5,388,24,11,11,43,66,822,61,3,4,4,19,10,1,4,10,5,44,2,11,8,2,2,0,2,6,0,1,4,6,26,4,11,47,34,44,87,126,0,9,5,13,3,8,2,3,4,6,6,66,3,4,10,17,0,6,2,55,66,1,3,1,11,29,5,25,10
"5_002. Avicii - Wake Me Up (Official Video)_noise_-15dB_sample2.wav",171,4,155,9,0,0,1,25,3,13,2,6,22,11,40,12,8,140,6,25,3,528,22,0,46,8,4,22862,4,25,8,12,33,8,449,29,11,8,4,66,20,51,5,1,3,7,2,1,2,9,4,31,0,5,4,0,8,0,1,2,0,0,6,4,2,3,8,53,1,49,27,33,0,5,2,5,3,1,0,2,1,2,2,12,0,4,22,13,6,6,1,57,79,4,4,2,11,24,6,26,4
"30_Cannibal_noise_-15dB_sample2.wav",192,17,128,371,140,176,0,47,26,11,4,3,33,82,58,12,8,145,18,45,4,456,184,240,44,52,16,19725,2,11,6,20,176,272,378,54,91,0,125,66,9,58,6,9,112,5,6,1,5,32,6,1,2,213,134,1,5,88,17,6,1,52,19,33,2192,92,18,54,4,62,317,257,20,14,34,29,3,4,2,24,9,37,20,2116,36,4,240,95,6,4,1,69,66,0,104,4,12,26,65,22,29
"27_022. Major Lazer & DJ Snake - Lean On (feat. MØ) [Official Music Video]_noise_-15dB_sample1.wav",191,3,52,55,20,10,8,7,4,894,5,3,24,14,266,14,16,152,12,36,8,530,22,0,44,15,7,22334,3,4,14,20,9,55,484,8,19,0,85,67,6,58,7,1,2,14,11,5,3,109,66,8,3,37,15,4,7,8,6,2,9,30,3,5,3,15,10,55,4,54,9,127,5,13,12,3,5,4,3,1,0,7,5,13,1,9,6,5,2,4,2,58,70,3,11,9,12,47,6,25,7
"57_Numb_noise_-15dB_sample1.wav",163,10,8,99,78,5,1,4,40,12,2,3,24,11,53,10,16,138,12,25,4,485,27,18,46,8,3,22863,9,13,34,18,19,16,436,8,11,7,6,66,6,52,1,1,22,11,67,7,8,10,4,6,0,4,5,5,2,5,8,2,0,1,26,17,3,21,21,55,9,44,24,56,12,10,3,3,11,4,13,5,193,4,8,35,2,3,1227,21,3,6,3,58,68,0,8,3,15,37,13,32,7
"29_010. Katy Perry - Part Of Me (Official)_noise_-15dB_sample2.wav",159,143,31,55,962,14,8,4,4,13,6,81,22,11,41,12,9,139,6,22,6,406,22,1,46,20,1,22814,21,4,5,12,12,4,435,4,11,1,8,66,5,44,122,0,4,9,44,98,5,13,1,55,3,11,17,5,30,7,5,8,5,17,8,2,1,32,4,44,1,44,2,13,0,33,5,3,9,2,0,13,8,6,5,14,9,4,4,7,2,4,6,61,71,0,48,32,12,25,27,28,6
"64_097. Nightcore - Running With the Wolves [Lyrics]_noise_-15dB_sample1.wav",169,40,1,13,2,3,28,3,2,14,3,20,24,15,39,6,5,132,2,26,16,493,25,2,48,6,5,22814,3,2,4,14,3,7,484,4,12,8,6,67,1,55,4,3,1,8,5,3,10,7,3,2,3,48,6,21,2,4,4,3,6,16,3,2,3,16,4,55,3,49,3,346,4,6,5,4,1523,6,2,5,2,8,1,12,1,3,9,4,0,19,3,63,68,0,10,7,12,32,2,28,5
"1_028. Capital Cities - Safe And Sound_noise_-15dB_sample1.wav",168,16,11,33,23,30,5,10,11,13,4,5,56,15,45,15,12,160,30,25,3,518,23,20,46,18,4,19129,5,17,7,14,155,33,448,21,1634,3,51,76,3,95,8,9,9,17,7,2,7,17,3,1,1,21,17,4,15,13,2,9,5,11,1,13,205,20,12,55,9,49,15,41,22,18,15,15,6,13,4,20,2,23,4,18,3,6,27,15,6,4,9,59,71,5,29,1,13,31,21,31,23
"7_092. Harry Potter Medley on Marimba_noise_-15dB_sample1.wav",228,1261,42,69004,286,530,313,27,66,211,166,1377,23,70,14930,498,191,134,197,3534,10,433,220,99,726,140,49,15953,462,12,33,15,375,23,367,138,1161,6,360,117,16,70,1122,49,20,29,224,1084,7,3036,2041,55,64,71,145,37,1375,297,649,231,89,276,261,44,329,1012,154,54,171,82,207,5139,88,2541,124,173,4,22,11,103,438,118,25,106,2043,40,1,23,328,22,81,61,66,12,2803,1415,11,66,3,77,1749
"74_029. David Guetta - Hey Mama (Official Video) ft Nicki Minaj, Bebe Rexha & Afrojack_noise_-15dB_sample1.wav",176,1,3,192,1,0,2,69,14,13,12,2,23,11,43,68,5,138,32,80,2,490,23,3,46,4,27,12464,5,4,74,17,24,5,323,107,52,0,10,66,44,61,3,4,40,10,6,1,6,5,2,11,2,21,4,2,1,2,1,2,2,4,4,2,43,31,23,43,7,66,141,210,9,15,82,57,4,8,4,2,1,3,16,31,3,13,3,53,134,4,2,59,655,0,119,2,13,46,17,28,22
"6_043. Wintergatan - Marble Machine (music instrument using 2000 marbles)_noise_-15dB_sample1.wav",209,453,110,4075,562,792,75,83,244,29,49,213,33,235,7563,67,121,144,56,53,6,536,403,131,277,375,33,22476,205,34,11,99,273,1457,484,39,140,3,137,74,29,56,513,17,357,58,114,201,24,281,44,40,13,627,513,15,308,334,79,94,24,56,62,114,66,1279,54,59,20,51,191,1135,34,586,188,103,22,23,4,36,9,71,26,51,150,11,1284,306,9,9,23,66,76,52,967,119,15,89,66,112,116
"34_The Trap_noise_-15dB_sample2.wav",170,57,2,12,25,1,33,3,17,24,7,3,26,11,44,30,11,136,12,26,8,528,22,2,48,8,8,17248,6,3,3,13,2,3,484,4,11,5,11,71,2,63,12,7,1,31,1032,36,3,58,16,24,4,6,11,2,18,0,7,4,6,18,6,7,3,19,4,55,2,45,3,20,16,6,2,4,10,45,6,40,8,4,10,28,28,34,30,9,6,35,8,64,68,1,3,5,11,52,29,26,8
"51_088. Steven Universe - We Are The Crystal Gems_noise_-15dB_sample2.wav",169,8,1,15,0,1,4,3,5,11,3,4,22,11,50,12,8,140,6,25,8,534,22,1,44,6,10,13073,4,4,7,11,1,7,484,3,11,0,12,66,4,68,3,2,0,9,36,1,1,4,1,2,1,2,7,3,1,1,2,8,2,2,2,5,2,5,4,54,1,49,0,12,481,3,4,6,6,0,0,1,11,1,2,12,0,4,1,6,1,8,4,62,71,0,4,2,12,44,4,24,11
"36_072. Jessie J - Price Tag ft. B.o.B_noise_-15dB_sample2.wav",172,609,5,622,32,295,68,3,4,31,44,180,22,13,1089,49,155,146,12,26,24,518,36,4,283,34,1,12730,169,5,4,11,42,11,425,3,47,1,5,66,3,52,525,3,6,13,27,174,7,4,102,5,11,14,80,19,203,168,36,61,45,61,61,39,0,861,10,53,2,44,3,17,6,431,24,6,196,163,0,75,0,3,7,13,140,6,4,14,3,80,21,55,71,2,4342,130,11,37,2,134,38
"17_084. Thomas Rhett - Crash and Burn_noise_-15dB_sample1.wav",182,4,2,18,1,1,5,8,3,15,4,4,22,11,44,7,427,138,12,26,4,536,22,19,44,8,7,12905,14,3,6,19,24,3,437,5,11,4,8,69,5,65,6,2,41,8,29,3,2,7,1,2,8,16,6,0,4,2,8,4,1,3,6,9,25,3,5,53,7,49,2,14,11,5,3,2,20,33,4,53,2,3,2,14,10,4,2,31,7,6,2,61,66,0,6,4,12,50,11,24,8
"88_033. Fifth Harmony - Worth It (Official Video) ft. Kid Ink_noise_-15dB_sample1.wav",167,24,2,51,1,11,3,9,6,13,772,13,24,11,33,4,7,144,9,24,4,427,26,3,44,6,4,10350,4,3,5,11,10,2,353,3,12,1,11,64,1,33,10,4,4,6,21,9,7,41,5,39,5,5,9,1,3,0,4,5,12,11,2,5,3,5,14,48,6,52,4,66,2,6,4,2,5,5,1,6,0,2,2,13,4,9,1,6,2,6,2,59,66,0,4,27,13,27,8,25,4
"97_075. Lindsey Stirling - Prism (Official Video)_noise_-15dB_sample1.wav",171,3,2,359,3,2,2,1349,4,13,2,2,48,12,38,27,8,135,6,28,5,486,22,5,60,7,13,20034,8,3,39,17,27,3,472,41,11,3,17,71,67,65,4,2,16,7,16,4,19,14,3,13,7,13,11,1,2,4,5,4,3,2,9,7,25,62,12,60,62,46,59,154,8,6,47,49,4,6,4,1,39,3,1,12,1,3,38,18,79,4,4,59,76,0,46,2,13,29,8,39,76
"15_060. My OCD (Song)_noise_-15dB_sample2.wav",176,4,2,17,1,1,2,4,3,13,4,4,22,15,48,6,4,144,4,22,3,515,22,1,46,4,1,20053,4,5,6,12,4,5,484,13,11,0,10,71,4,58,8,3,0,6,4,1,4,4,4,2,5,6,6,0,8,3,0,4,0,1,9,7,3,4,9,55,1,52,3,18,1,6,3,2,6,0,1,3,0,4,2,12,1,4,1,4,2,4,8,63,80,4,4,3,13,40,7,33,6
