"42_046. Meghan Trainor - NO_clean_sample1.wav",175,3,4,4,10,4,6,47,3,1,3,1,20,6,7,1,2,2,5,1,5,16,3,3,2,5,6,9,2031,3,8,7,16,1,2,35,12,4,5,4,6,2,5,4,14,3,26,5,7,2,8,10,4,7,2,4,1,2,5,4,4,3,3,8,5,8,3,4,9,7,8,46,10,18,10,1,4,5,0,3,3,9,6,12,1,6,17,38,2,2,4,1,2,1,2,24,4,3,12,2,12
"37_063. Bastille - Pompeii (Official Music Video)_clean_sample2.wav",160,16,2,124,3,6,4,17,2,3,4,6,7,3,3,3,2,87,8,5,13,6,10,1338,2,4,7,8,1,10,2,6,6,5,3,7,2,1,7,1,3,3,2,3,6,2,13,1,2,83,5,15,2,5,3,2,10,7,1,3,2,2,4,2,5,6,6,3,6,9,1,19,1,4,6,11,9,6,5,2,11,3,3,7,3,2,16,4,6,1,2,3,2,1,12,2,8,2,3,2,2
"53_102. What_clean_sample1.wav",168,54,2,154,8,39,18,1,1,11,14,33,7,2,71,6,24,5,11,31,3,9,12,7,21,2,3,3,42,5,10,2,14,5,9,5,6,1,2,2,4,3,46,2,10,3,7,27,2,59,6,2,3,5,5,3,43,10,15,19,2,2075,34,3,77,78,2,3,9,4,2,54,2,66,6,1,1,5,1,10,5,4,5,10,18,2,8,4,7,6,10,6,3,0,66,33,13,8,9,6,14
"47_020. Warriors (ft. Imagine Dragons)  Worlds 2014 - League of Legends_clean_sample2.wav",160,7,7,70,17,3,3,15,2,3,3,5,4,6,67,16,2,51,29,39,178,16,35,14,3,8,14,8,3,11,20,8,13,3,6,36,20,1,5,8,11,11,13,3,23,9,102,14,15,70,2,61,5,27,7,3,9,11,6,50,5,19,19,4,17,38,3,6,5,6726,51,110,1,4,155,39,71,14,1,6,1,4,9,13,4,2,64,18,92,6,2,8,46,6,41,50,7,17,7,4,12
"61_045. The Black Eyed Peas - I Gotta Feeling (Official Music Video)_clean_sample1.wav",163,8,30,5,2,3,8,0,3,3,9,1,7,30,7,25,1,7,0,3,4,68,2,20,38,2,3,1,3,2,1,4,37,8,25,6,14,6,0,43,1,1,12,1,4,111,7,2,7,47,107,72,3,5,11,8,10,21,4,3,2,24,1,2,11,14,3,11,4,10,36,40,104,1,15,7,24,10,2,12,2,3,4,305,7,4552,7,6,4,23,3,5,10,2,16,2,8,28,7,2,22
"92_025. Fall Out Boy - Immortals (From Big Hero 6)_clean_sample1.wav",156,26,5,33,5,4,6,27,14,4,2,18,27,13,8,6,30,32,11,5,5,6,1,11,3,16,5,1693,27,13,11,19,33,4,6,6,4,8,9,8,1,3,11,16,57,1,5,36,3,60,3,33,18,83,3,1,13,14,2,4,3,9,3,11,19,12,4,13,15,3,12,11,0,27,2,13,27,26,4,241,15,3,4,35,2,2,15,30,7,2,17,8,5,2,9,2,3,8,16,48,7
"87_079. twenty one pilots Heathens (from Suicide Squad The Album) [OFFICIAL VIDEO]_clean_sample1.wav",157,6,28,317,16,7,2,65,5,13,1,3,12,11,36,108,0,49,13,61,0,6,190,22,6,20,43,4,2,9,125,27,86,14,3,130,87,1,33,16,11,3,23,2,49,1,6,2,6,113,7,31,0,29,30,1,20,51,3,15,1,13,8,6,88,68,8,20,17,109,324,506,1,30,190,952,7,18,1,3,18,7,19,39,15,9,26,10,278,0,4,13,28,5,101,1,3,83,9,4,64
"70_You and Me_clean_sample2.wav",275,927,8,123,153,5,8,9,5,18,6,18,8,10,115,4,9,6,9,7,5,11,19,8,170,19,12,5,93,27,13,150,560,24,100,4,13,9,178,7,24,48,12,3,11,140,550,4,72,633,4,63,160,386,17,25,8,11,3,46,12,9,5,7,62,73,10,21,11,12,8,269,566,125,31528,12,8,919,6,39,4,10,19,997,11,39,12,33,20,11,5,19,11,3,17,12,984,17,658,12,15
"60_057. Get Off The Phone Song_clean_sample1.wav",153,7,2,10,9,5,12,15,34,6,1,10,7,6,8,15,2,7,28,14,6,9,5,12,2,3,3,12,4,14,3,12,27,2,3,10,5,2,5,2,2,16,7,2382,2,2,11,5,3,2,3,4,14,12,5,0,2,4,2,1,3,17,5,12,140,7,3,5,4,3,7,67,7,2,7,1,9,9,2,3,3,20,7,37,7,4,21,6,4,4,4,4,2,2,3,3,4,0,13,116,7
"30_Cannibal_clean_sample2.wav",235,958,115,347,160,231,5,36,42,35,7,10,43,88,138,11,10,7,19,36,5,6,217,224,16,37,52,76,20,17,4,175,409,314,11,58,135,2,306,10,15,60,27,12,151,3,844,2,42,723,14,18,106,424,168,11,11,121,20,19,16,52,15,46,1990,110,21,20,2,69,507,413,106,109,777,18,6,2160,4,24,8,21,19,25222,33,6,303,107,14,15,3,59,26,17,142,9,767,86,535,8,29
"100_059. Nilla Wafer Top Hat Time  Song - Rhett & Link_clean_sample2.wav",153,6,22,22,1,0,8,2,3,2,1,4,2,2,9,7,2,22,3,27,3,6,5,3,2,2,1,2,2,4,4,9,38,2,3,2,8,1,13,2,3,8,5,2,3,7,8,1,3,21,9,3,6,61,2,3,1,0,1,2,3,3,1,1,5,1,1,3,1,3,5,15,1,2,10,11,3,17,1,1,3,2,4,12,3,4,3,2,2020,9,3,1,1,2,3,8,5,0,7,6,2
"39_051. Galantis - No Money (Official Video)_clean_sample1.wav",153,3,3,32,0,1,0,16,3,1,0,1,1,2,1,5,1,3,3,2,1,6,16,2,1,32,12,24,1,28,7,24,4,5,4,1,1,3,32,1,0,3,2,4,28,0,2,33,1,4,1,31,1,33,1,2,4,1,2,1,1,1,4,1174,4,9,0,3,12,34,15,48,0,4,29,5,6,15,0,21,0,2,4,14,1,3,43,18,1,0,1,8,4,2,2,2,7,1,4,3,12
"31_058. Rub Some Bacon on It_clean_sample2.wav",162,10,4,523,4,11,3,2,3,6,2,6,16,7,17,40,1,60,15,43,20,10,12,4,3,2,11,357,5,18,9,2,5,2931,19,411,8,2,287,9,13,2,1,2,11,6,683,3,2,5,5,4,6,14,6,6,4,3,28,3,3,9,108,2,8,28,2,11,3,17,31,60,1,3,14,31,10,60,2,6,73,5,4,7,5,11,4,3,11,3,1,16,3,1,5,7,4,124,6,1,2
"3_100. Owl City & Carly Rae Jepsen - Good Time (Official Video)_clean_sample2.wav",152,16,0,66,31,10,18,28,2,12,14,17,12,9,11,8,13,1,2,15,2,25,4,3,41,10,4,2,4,5,1,15,16,4,50,2,2,5,12,5,2,11,3284,2,1,51,20,12,5,24,11,73,28,20,37,39,6,11,37,13,23,15,0,21,12,142,1,6,5,24,2,19,9,3,19,21,2,30,2,30,3,5,44,6,6,19,14,7,3,12,27,3,2,11,438,8,4,9,31,9,2
"17_084. Thomas Rhett - Crash and Burn_clean_sample2.wav",148,124,2,33,21,5,5,2,6,4,2,12,8,5,5,2,3583,3,3,4,17,3,6,3,8,3,3,1,0,1,1,20,16,1,6,0,0,2,6,2,1,3,25,6,3,2,174,79,1,11,51,12,8,164,12,2,4,0,3,11,7,3,1,1,10,3,0,2,2,2,3,4,32,3,8,1,1,13,1,10,1,2,3,13,1,1,5,12,3,3,3,0,1,16,15,6,28,1,12,14,1
"43_098. Nightcore~ The Wolf_clean_sample1.wav",155,24,2,33,0,3,15,4,4,2,16,10,31,18,1,0,1,1,0,4,3,3,2,5,4,4,0,1,6,11,0,11,28,2,1,2,3,8,22,7,2,2,19,3,2,22,19,43,2,81,15,14,3,23,9,4,7,2,14,3,13,4,4,4,8,0,3,6,34,7,1,5,1,3,12,0,41,27,2,10,0,6,7,30,3,2,4,4,2,5,4,1,0,1,4,2434,11,2,16,4,6
"13_030. Maroon 5 - Animals_clean_sample1.wav",161,72,11,885,8,4,8,70,21,17,2,3,10,5,53,101,5,32,11,103,22,29,2,28,5,8,56,18,2,88,54,21,78,8,2,173,23,6,11,21,2316,7,6,8,69,1,1,4,14,26,4,122,4,30,5,0,1,6,4,3,8,4,10,11,129,142,8,3,16,61,108,266,16,36,175,69,6,28,3,1,242,29,23,39,12,12,37,63,628,1,6,14,56,3,89,25,2,41,32,0,29
"7_092. Harry Potter Medley on Marimba_clean_sample2.wav",166,196,7,10580,22,17,32,108,11,8,17,33,32,11,84,17,25,24,12,16,6,8,21,29,16,20,15,32,13,10,20,45,93,5,12,32,35,3,39,6,6,6,25,12,12,12,79,22,11,111,17,62,14,391,20,4,38,14,10,12,113,27,44,47,154,100,2,4,9,17,7,120,20,61,66,41,21,39,4,34,27,34,16,50,25,21,67,14,18,9,8,11,3,5,100,17,58,8,23,9,26
"71_083. My Singing Monsters - Plant Island Theme_clean_sample2.wav",185,41,20,362,12,8,31,87,27,11,12,40,12,11,14,11,39,24,2,162,1907,196,74083,20,8,7,6,28,39,38,10,121,75,36,5,24,8,4,132,11,16,74,17,30,29,4,109,12,9,13,20,21,28,20,15,13,12,7,14,35,20,7,5,47,25,65,13,17,16,111,11,39,8,16,48,201,29,59,7,30,26,13,12,45,5,97,39,24,25,43,4,14,23,4,14,12,41,4,45,9,4
"99_080. Melanie Martinez - Carousel (Official Music Video)_clean_sample2.wav",160,8,3,44,30,6,2,12,13,1,2,1,17,4,10,3,2,6,3,3,1,4,2,3,2,23,2,9,1,2,0,3,4,38,3,3,8,2,4,8,3,1,12,4,2,0,4,10,2,4,4,2,4,17,8,2,1,14,2,2,4,19,11,3,8,3,8,3158,6,2,5,37,3,5,3,3,2,6,2,2,0,1,1,12,2,5,13,13,3,2,1,5,1,0,8,2,12,33,3,4,7
"94_Banana Man_clean_sample2.wav",157,20,3,23,1,5,0,18,3,5,0,3,2,2,1,7,1,2,1,1,3,4,28,1,3,2705,3,2,6,14,5,4,4,4,5,13,2,6,5,1,1,3,2,1,13,8,10,16,2,3,2,110,8,2,1,1,2,2,0,2,1,2,5,24,4,1,1,4,3,1,2,284,1,2,4,0,9,6,2,1,14,1,2,5,0,2,23,2,1,2,1,3,1,1,4,10,16,4,2,7,11
"78_026. Katy Perry - Firework (Official Music Video)_clean_sample2.wav",157,202,1,22,53,13,6,3,5,20,1,3,5,4,9,1,7,2,3,6,4,6,29,5,8,5,4,5,1,7,2,8,4,1,3,1,2,3,1,2,2,4,81,3,4,7,35,1006,2,16,17,21,6,38,60,4,19,3,11,3,23,1,1,1,4,7,2,12,2,1,3,2,5,3,3,3,8,4,2,18,9,6,6,4,26,2,6,3,2,4,22,0,4,0,4,16,2,2,4,29,4
"6_043. Wintergatan - Marble Machine (music instrument using 2000 marbles)_clean_sample2.wav",336,2810,62,18298,515,1639,321,369,209,297,132,1190,979,135,199385,1012,516,53,479,19735,249,10,0,22,1786,104,99,20,462,22,67,20,166,162,1524,106,672,0,5060,2548,70,33,3063,2,32,228,184,1010,9,15275,3704,22,50,42,557,178,4267,1122,572,203,182,114,195,207,122,6281,465,77,22,108,913,18037,725,2357,353,65,1130,396,71,160,30,394,33,17,1935,421,6,513,154,358,115,138,356,141,6984,1121,11,512,132,897,520
"66_Cruel_Summer_clean_sample2.wav",156,17,49,12,16,8,4,205,2,2,1,6,21,6,20,9,4,15,12,23,4,18,12,20,8,126,7,8,33,9,8,30,105,15,13,118,21,4,8,6,6,8,4,6,11,36,49,4,4809,17,88,20,5,35,22,15,28,6,43,18,3,6,2,5,33,28,9,4,6,10,3,54,88,8,28,11,9,45,6,9,7,11,27,51,6,21,24,19,6,1,4,5,6,4,76,1,40,7,59,2,9
"98_021. Alan Walker - Faded_clean_sample1.wav",156,250,3,205,6,9,14,14,2,8,1,10,16,1,58,23,10,12,6,10,9,3,3,6,6,8,12,9,2,5,26,25,39,4,8,22,2,4,14,12,1,16,82,15,15,20,88,101,8,20,116,3204,18,30,36,7,11,1,20,5,18,8,0,3,33,15,1,19,3,9,33,33,14,2,15,9,3,16,2,8,2,3,43,11,24,5,5,19,33,0,9,5,2,8,9,3,32,8,10,13,1
"4_003. Lorde - Royals (US Version)_clean_sample1.wav",161,15,6,317,13,63,4,25,12,11,2,3,11,3,53,23,2,134,5831,40,20,12,1,6,11,24,33,9,8,15,17,12,94,21,11,12,9,0,3,6,6,1,1,9,22,2,9,1,46,45,11,15,1,9,5,3,17,15,5,29,12,12,37,87,20,43,15,5,18,27,83,307,0,6,14,53,66,34,1,4,8,46,2,61,12,4,23,9,41,1,4,6,32,2,48,0,18,63,6,1,24
"62_061. LEFT SCREEN ONLY Spot the Differences_clean_sample1.wav",153,12,4,24,8,4,1,1,2,1,0,0,63,7,2,0,2,3,3,1,4,8,15,4,0,2,1,6,2,5,1,3,6,0,0,5,0,0,2,3,1,3,1,1,1,0,16,0,2,9,0,1,0,16,3,1,2,1,7,5,5,6,8,4,25,15,6,0,4,8,2,11,1,8,11,1,4,4,4,2,2257,0,4,28,1,4,5,8,2,1,1,1,0,0,3,4,4,0,1,3,1
"21_085. Janji ft. Johnning - Heroes Tonight 1 HOUR_clean_sample1.wav",213,1426,22,460,298,8,15,83,6,24,44,6,19,64,22,23,51,196,10,13,13,13,62,102,58,4,12,408,42,60,25,453,823,49,76,7,20,7,249,9,21,49,28,13,1408,27,471,380,45,759,9,182,182,386,36,22,9,20,5,36,26,15,22,30,572,38,44,45,207,85,6,39,23,127,281,75,103,323,4,164,55,6,8,325,9,10,135,107,110,44,12,5,7,14,10,6,858,8,718,41,22
"51_088. Steven Universe - We Are The Crystal Gems_clean_sample2.wav",143,2,6,32,5,2,3,7,5,1,3,1,5,14,7,12,0,7,4,5,0,6,3,4,6,3,3,3,0,4,1,6,39,2,3,19,4,2,2,3,3,2,3,2,7,0,2,3,2,53,3,4,1,1,21,1,1,0,1,1,3,1,11,2,32,7,4,0,7,4,8,30,1093,3,8,8,2,1,1,7,15,8,8,5,1,6,6,6,11,2,3,2,2,1,3,6,1,6,5,1,33
"69_066. Jessie J - Bang Bang ft. Ariana Grande, Nicki Minaj_clean_sample2.wav",146,6,2,7,5,1,3,2,1,0,1,2,3,5,2,6,1,2,1,2,11,4,4,4,1,1,3,1,2,2,0,2,3,3,2,2,2,0,7,1,4,4,1,7,1,9,17,42,1,16,6,21,1,2,5,917,3,1,7,2,2,0,2,2,6,6,0,1,2,4,6,12,3,4,2,33,5,3,6,4,18,4,3,3,5,8,2,1,6,3,1,1,1,1,7,1,3,7,6,2,2
"80_077. Emeli Sandé - Hurts_clean_sample1.wav",145,1,2,13,1,3,2,2,7,12,1,3,1,7,0,1,1,15,1,20,3,5,2,3,2,2,10,1,1,13,4,8,8,1,0,15,1,8,3,3,1,4,1,2,935,13,26,1,5,2,2,5,3,15,1,4,2,23,1,1,5,1,3,2,4,63,3,2,5,4,8,22,2,5,5,80,6,8,0,1,2,2,2,6,1,2,4,4,5,2,1,5,2,0,6,1,4,1,4,2,1
"73_Turn the Lights Off_clean_sample2.wav",154,33,2,128,1,13,19,476,2,4,6,44,436,130,6,1,4,13,1,3,9,15,53,5,165,11,1,51,38,6555,11,34,21,10,165,2,3,35,12,2,5,5,41,6,87,4,55,332,7,10,60,353,157,322,60,1,3,0,15,8,20,14,9,56,41,19,4,12,44,24,5,48,8,5,0,0,9,80,8,145,3,7,14,16,59,8,122,27,2,3,30,7,13,0,2,11,4,1,18,99,6
"39_051. Galantis - No Money (Official Video)_clean_sample2.wav",152,15,6,33,2,5,1,32,5,2,1,1,44,6,14,6,1,10,1,24,1,9,23,9,5,6,6,4,3,24,10,12,283,1,4,134,14,1,1,2,10,2,1,9,11,2,15,4,8,9,4,24,3,6,4,2,3,2,1,6,2,37,27,1597,330,18,0,4,5,8,12,148,10,88,11,13,13,6,2,2,2,7,8,34,2,6,33,19,4,3,2,24,1,4,9,1,4,1,34,5,17
"85_011. Martin Garrix - Animals (Official Video)_clean_sample2.wav",153,92,9,4,10,4,0,28,11,12,0,8,25,2793,1,3,6,12,10,9,15,5,18,5,5,1,11,10,9,7,1,127,6,1,6,13,13,2,22,6,1,3,24,7,23,2,5,3,3,215,13,4,0,8,2,0,12,26,4,1,3,2,2,2,89,56,9,4,5,8,7,3,5,4,10,3,71,15,14,1,28,6,7,34,3,207,9,11,1,5,5,8,1,0,7,4,8,0,46,18,3
"99_080. Melanie Martinez - Carousel (Official Music Video)_clean_sample1.wav",154,2,12,23,16,4,3,2,21,3,0,1,9,4,7,6,1,5,4,3,6,2,3,4,3,32,12,6,1,3,2,4,6,4,2,3,8,0,5,8,2,3,3,2,2,1,2,4,4,7,1,6,3,15,9,2,1,18,0,2,3,20,3,1,25,5,9,2963,6,4,17,44,3,6,12,3,1,5,0,1,1,1,5,5,4,3,13,20,3,2,1,8,2,0,10,3,12,11,2,6,10
"22_094. Harry Potter Puppet Pals - The Mysterious Ticking Noise (Video With Lyrics)_clean_sample2.wav",185,13,5,24,7,13,8,11,6,12,4,7,25,14,133,39,4,19,14,50,5,34,5,7,36,20,45,4,12,54,7,10,139,32,26,103,88,9,64,76,22,8,13,17,23,7,38,17,9,82,27,12,6,7,12,11,25,2,4,2,7,43,7,10,359,139,5,4,12,24,19,112,10,19,11,11,149,35,3,6,8,16086,12,43,3,3,55,8,37,9,4,7,3,7,5,14,14,7,60,7,12
"54_016. Taylor Swift - Blank Space_clean_sample2.wav",173,28,6,75,7,19,8,27,2,27,17,2,7,3,71,3,12,7,2,4,2,13,6,5,20,23,9,3,3,1,0,6,16,24,20,4,11,2,5,3,2,1,30,3,11,9,12,11,3,32,6,0,3,11,10,2,25,880,8,9,2,15,7,5,22,91,2,10,12,14,6,34,12,3,5,7,4,5,1,12,2,11,3,15,12,5,4,2,4,3,7,3,3,2,40,10,7,8,15,17,4
"45_005. OneRepublic - Counting Stars_clean_sample2.wav",175,4,11,198,6,2,3,10,10,2,4,12,54,4,12,5,3,7,14,9,2,9,6,4,14,2,8,14,7,3,25,10,16,14,19,3,3,3,7,2,6,7,6,9,8,1,11,8,3,30,1,16,29,15,2,4,1,4,2,1,3,4,2,5,11,7,6,3,3153,8,28,15,3,2,9,17,2,6,2,5,36,13,5,13,2,8,9,3,5,3,22,2,12,1,2,9,5,19,12,58,3
"100_059. Nilla Wafer Top Hat Time  Song - Rhett & Link_clean_sample1.wav",182,4,11,24,4,6,3,19,8,6,3,6,12,3,98,18,4,17,2,13,24,12,2,4,12,5,9,3,2,20,2,30,26,2,12,2,18,5,109,18,15,6,14,6,4,11,16,30,1,25,19,2,6,10,5,12,14,2,2,2,8,3,4,3,55,52,4,4,3,19,11,114,104,27,94,12,6,17,4,1,3,6,3,57,3,14,10,22,4281,18,8,18,17,1,15,8,8,24,97,5,14
"70_You and Me_clean_sample1.wav",198,773,19,107,164,53,9,6,8,13,3,5,9,8,21,8,6,16,6,10,9,10,82,15,14,28,7,6,12,38,7,147,403,9,11,13,9,3,162,9,19,30,7,12,5,7,363,20,47,892,4,21,68,163,17,34,20,16,3,38,15,6,7,8,13,47,8,25,6,13,12,140,23,111,16634,20,20,380,4,9,3,8,8,778,16,18,21,10,21,7,3,4,18,1,10,174,507,12,375,6,8
"89_091. Faster Car - Anders Lystell feat. Kaliber [EPIDEMIC SOUND] (Lyrics)_clean_sample1.wav",154,203,2,19,70,8,3,194,20,2,2,37,79,9,4,2,12,2,2,2,24,12,16,4,25,20,4,12,31,56,17,33,75,8,2,2,5,6,37,4,4,11,9,10,5,1,122,5,1,64,1,7,3336,69,7,6,4,8,12,11,4,12,7,23,23,8,4,2,45,2,2,17,7,37,46,4,2,52,2,54,3,5,7,68,3,6,24,13,2,2,27,3,3,1,5,3,181,1,106,27,5
"23_048. Pharrell Williams - Happy (Official Music Video)_clean_sample2.wav",144,16,2,98,11,4,14,11,2,4,4,3,5,4,16,4,2,2,0,1,6,6,7,2,3,5,1,2,1,1,2,2,16,5,4,1,12,2,4,2,6,2,13,2,0,5,3,3,0,5,5,4,6,4,10,2,12,4,9,13,6,2,3,3,11,7,0,3,1,5,1,11,4,1,3,1,5,1,0,2,8,4,5,1,4,2,3,6,3,5,1225,0,4,1,45,10,1,10,2,2,24
"96_089. American Boy by Estelle and Kanye West_clean_sample2.wav",182,995,6,194,441,14,11,4,17,26,4,11,6,8,2,16,7,9,4,6,6,11,73,4,6,3,3,10,10,50,6,229,544,18,3,6,14,7,104,12,7,37,14,4,10,8,322,3,9,928,4,19,51,193,20,6,5,24,3,29,8,4,13,4,26,4,8,3,7,2,4,33,15,100,236,2,13,234,11,44,9,8,6,337,10,3,20,13,2,3,5,5,8,8,11,4,648,3,13076,14,6
"103_037. Calvin Harris, Rihanna - This Is What You Came For (Official Video) ft. Rihanna_clean_sample1.wav",150,54,10,286,100,173,12,25,20,11,14,33,23,36,197,23,16,15,3,48,7,5,45,10,37,40,25,21,42,3,19,12,29,187,24,57,25,1,26,31,7,5,90,2,61,7,22,34,5,37,27,28,1,130,127,3,38,71,9,15,3,24,15,36,16,78,16,9,4,34,32,278,36,66,46,37,11,21,2,18,6,12,8,9,14,9,122,24,66,5,14,8,17,2,66,33,2,20,11,3,2267
"94_Banana Man_clean_sample1.wav",148,6,3,7,2,2,2,2,1,2,1,3,4,1,3,2,2,2,1,0,12,6,1,2,0,1655,2,2,0,2,1,4,3,9,0,1,0,3,3,1,1,2,2,6,1,1,6,1,2,6,1,1,1,10,1,1,3,1,3,2,0,2,1,1,6,1,1,1,3,8,1,22,1,1,2,3,12,1,1,1,3,8,2,23,8,3,8,5,3,1,7,3,0,0,0,2,3,2,3,2,5
"77_065. Nightcore - Ghostbusters_clean_sample1.wav",161,10,10,30,9,6,4,72,19,4,7,3,30,8,12,4,3,16,14,10,22,14244,22,21,7,19,17,4,9,12,10,23,31,6,6,43,8,11,10,9,4,58,7,13,31,7,189,6,10,26,19,16,21,28,13,3,10,3,7,6,28,11,8,6,22,11,5,5,8,27,15,86,8,21,5,7,15,10,9,6,17,30,24,7,5,9,15,6,5,5,14,6,4,3,24,13,7,6,16,5,15
"15_060. My OCD (Song)_clean_sample1.wav",184,3,9,25,10,2,4,5,5,2,3,4,2676,4,25,8,3,4,6,25,7,5,8,22,15,7,7,17,14,2,15,16,26,9,16,19,8,3,4,3,33,7,1,5,26,11,31,6,6,3,3,2,6,30,5,3,2,16,8,2,4,9,2,6,17,27,3,12,4,6,8,24,2,6,7,7,7,7,2,51,2,8,6,27,7,5,44,5,4,3,1,8,3,2,10,32,4,5,6,17,8
"91_Greener_clean_sample2.wav",179,242,7,2079,6,3,40,57,4,5,27,4,7,12,13,99,6,21,2,47,5,7,4,6,3,16,31,11,16,15,86,8,712,6,4,3,15,15,22,94,11,3,4,4,86,19,221,12,2,555,8,60,5,176,5,47,3,4,6,2,24,12,538,8,15193,102,56,4,313,22,9,1231,22,61,14,65,4,11,4,88,818,4,3,160,3,106,5,10,642,31,12,5,24,87,12,36,16,83,108,4,3014
"57_Numb_clean_sample1.wav",321,156,22,1098,61,112,68,42,12,1,12,5,579,12,10,106,8,9,4,134,3,6,28,17,6,7,29,129,11,37,15,15,36,3,5,80,4552,84,15,8,15,24,2,39,41,2,103,209,24,45,1,96,27,11,9,7,7,4,45,20,98,246,101,64,21,86,53,17,119,20,50,93,4,58,15,80,4,120,29,453,7,158,10,547,9,9,30228,18,5,9,62,9,11,0,5,15,28,5,20,122,28
"82_A Lady_clean_sample1.wav",170,251,15,502,137,10,31,73,32,19,11,103,200,46,47,45,11,21,5,34,9,6,72,76,84,31,36,41,7,82,62,103,255,67,67,94,95,19,18815,13,20,23,6,15,96,9,590,55,11,457,25,86,41,164,8,5,14,6,16,6,6,115,26,43,592,38,10,11,47,146,115,123,15,60,163,381,28,153,59,143,30,32,16,158,44,12,224,37,55,21,5,44,26,25,21,13,355,62,239,13,52
"2_023. Rachel Platten - Fight Song (Official Video)_clean_sample1.wav",151,9,24,934,2,6,7,140,10,2,1,6,10,11,153,4530,4,126,12,154,2,12,6,45,3,24,231,5,2,20,475,19,155,19,3,384,27,1,40,28,77,6,10,4,149,4,15,7,24,305,12,119,8,118,3,3,20,4,2,5,3,3,10,8,235,360,41,5,52,163,604,1292,9,9,264,164,4,111,3,11,8,12,3,130,1,28,60,39,1039,6,3,66,61,1,224,6,5,122,46,2,24
"5_002. Avicii - Wake Me Up (Official Video)_clean_sample2.wav",147,18,1256,17,0,1,2,7,4,0,3,1,6,1,10,16,1,4,0,7,6,3,4,0,2,3,36,2,2,179,10,45,33,8,1,235,2,8,5,7,67,3,1,5,1,1,2,3,2,18,9,456,1,6,8,0,1,0,0,4,1,2,6,9,4,2,3,0,10,12,104,524,2,4,3,5,8,1,0,4,2,2,3,3,0,4,37,8,2,2,2,4,7,0,2,0,2,6,6,7,4
"34_The Trap_clean_sample2.wav",176,2086,4,435,154,40,13,10,31,20,7,20,26,12,198,130,19,10,11,252,19,11,44,6,20,12,6,13,9,11,4,101,196,22,23,4,14,36,59,36,15,27,361,47,18,121,25186,1659,9,365,256,305,78,194,127,9,82,17,94,167,115,3,14,9,143,221,9,74,10,46,20,460,30,39,99,9,32,257,9,26,7,8,195,262,39,16,75,11,6,32,14,14,24,9,16,17,305,33,342,71,48
"86_019. Naughty Boy - La la la ft. Sam Smith (Official Video)_clean_sample1.wav",148,11,8,22,18,1,2,4,3,1,0,31,42,2,6,4,1,16,5,32,1,4,6,9,3,4,4,5,10,24,7,10,77,10,4,26,27,1,4,7,6,7,21,3,4,4,19,3,4,5,1,41,8,24,2,2,2,0,0,7,2,4,4,15,113,14,5,9,8,5,13,197,4,12,11,5,5,7,1,21,3,12,3,20,1,1,13,1500,2,5,3,14,8,2,2,4,4,7,22,11,24
"78_026. Katy Perry - Firework (Official Music Video)_clean_sample1.wav",157,23,1,24,5,10,4,45,4,4,1,12,18,4,3,12,3,5,1,3,11,7,30,5,4,14,1,6,37,10,34,9,6,6,2,1,2,3,3,2,5,5,3,6,60,4,213,4291,15,6,5,163,15,3,4,1,5,4,4,12,7,3,12,2,4,8,3,3,20,1,6,103,5,4,2,2,6,4,1,7,3,6,5,13,3,1,14,23,2,3,3,6,1,0,2,12,5,10,18,27,1
"46_032. Katy Perry - Wide Awake (Official Video)_clean_sample1.wav",148,216,5,640,9,2725,50,2,3,44,8,24,13,4,176,41,52,9,1,8,5,8,16,3,49,2,26,5,22,3,1,7,14,5,41,3,46,3,22,10,3,9,142,7,3,44,12,53,5,15,27,4,4,3,35,9,104,142,13,63,10,30,7,34,16,176,2,15,1,2,0,18,43,77,5,4,22,27,1,33,2,6,6,17,87,27,136,1,3,57,26,6,0,1,270,21,6,32,23,60,73
"104_024. twenty one pilots Stressed Out [OFFICIAL VIDEO]_clean_sample1.wav",146,8,9,187,14,3,11,20,9,2,0,28,1,7,58,34,2,53,5,9,1,2,16,19,9,16,113,4,6,11,76,5,57,11,5,20,18,1,7,11,11,4,4,5,17,1,10,5,4,105,4,10,0,141,4,5,16,8,2,7,4,0,37,4,34,45,1794,1,72,114,43,187,1,48,29,33,2,14,5,7,33,7,4,60,1,16,16,7,41,2,1,9,18,3,46,11,5,56,10,2,165
"26_017. David Guetta - Titanium ft. Sia (Official Video)_clean_sample1.wav",147,10,6,149,17,12,12,4,9,14,1,2,3,10,112,13,13,5,4,14,9,4,22,10,29,45,13,4,0,6,1,12,19,12,21,8,13,1,43,4,11,10,12,5,9,4,27,8,2,13,9,4,10,33,14,2,31,22,27,1757,3,4,6,4,6,15,4,4,5,6,31,54,10,50,38,14,5,6,1,18,2,8,1,8,12,3,51,12,1,4,2,3,0,21,46,51,4,5,13,2,44
"11_062. Pipe Guy - HouseTranceTechno Live_clean_sample2.wav",146,6,5,11,2,1,8,34,5,1,2,2,8,16,2,3,1,4,4,8,4,17,14,5,8,5,2,3,3,6,10,5,6,2,9,6,3,8,2,2,2,9,2,2,6,1,9,3,12,7,8,3,24,3,25,2,2,2,3,1,2,4,4,4,8,11,2,3,5,7,2,18,5,9,5,3,1,6,3,4,6,9,9,4,4,5,20,8,10,3,2,4,4,3,3,2,4,3,4,1,4
"30_Cannibal_clean_sample1.wav",262,447,6,96,221,12,13,30,6,22,6,5,11,2,7,20,14,6,10,3,6,10,16,4,21,9,8,3,67,40,15,209,665,5,15,91,6,2,157,8,5,36,6,8,10,4,744,36,75,737,35,20,67,427,18,17,4,6,4,33,13,9,8,11,52,5,17,23,6,6,5,55,56,124,844,11,16,1456,4,8,5,4,11,48786,15,29,12,14,5,5,3,9,11,8,6,9,998,10,802,6,46
"69_066. Jessie J - Bang Bang ft. Ariana Grande, Nicki Minaj_clean_sample1.wav",144,43,3,5,2,1,2,3,1,3,0,19,1,2,16,1,1,18,0,5,6,2,11,10,0,2,0,6,3,1,1,3,6,17,0,0,1,1,4,0,0,4,3,1,31,2,3,3,0,9,1,9,10,56,1,408,1,0,0,3,12,8,1,1,3,0,2,2,3,10,0,22,1,4,4,13,9,2,5,3,6,2,0,2,1,2,6,8,1,0,4,3,0,0,0,3,4,4,3,9,1
"54_016. Taylor Swift - Blank Space_clean_sample1.wav",148,36,1,89,57,8,8,2,4,3,8,5,15,21,0,42,4,17,7,7,4,6,8,4,8,2,27,3,2,0,7,13,26,8,11,2,4,3,35,5,4,7,40,4,2,7,34,31,2,18,4,2,6,9,14,1,68,1395,7,11,4,6,15,1,0,49,0,1,1,9,2,27,57,11,8,2,1,11,1,21,3,4,1,13,33,3,3,3,0,12,4,9,0,0,9,2,38,1,40,1,57
"61_045. The Black Eyed Peas - I Gotta Feeling (Official Music Video)_clean_sample2.wav",191,34,60,81,17,1,3,12,4,5,1,6,58,202,10,7,8,4,6,9,15,6,258,3,10,33,51,12,2,19,5,538,12,7,7,45,123,5,4,55,8,6,4,27,2,2,11,13,4,6,55,3,3,21,10,16,9,2,4,4,19,17,3,8,12359,31,2,6,13,27,18,148,138,2,77,8,3,340,8,3,5,3,16,417,50,56372,8,4,17,3,6,18,12,2,97,4,94,32,165,4,11
"103_037. Calvin Harris, Rihanna - This Is What You Came For (Official Video) ft. Rihanna_clean_sample2.wav",153,54,14,729,142,226,12,45,38,11,14,33,8,50,160,41,16,21,11,79,0,6,55,18,21,94,33,27,42,22,50,15,55,487,9,98,30,1,33,40,4,5,46,2,73,3,4,25,7,49,30,16,1,165,148,3,38,105,9,15,5,31,15,37,30,95,18,17,5,57,90,405,8,66,75,64,3,29,3,12,5,9,9,16,20,9,240,52,113,0,2,14,55,6,110,33,6,40,14,4,1820
"9_034. Pitbull - Timber (Official Video) ft. Ke$ha_clean_sample2.wav",144,12,6,2,3,1,1,11,1,2,1,2,7,1,2,18,2,2,1,1,2,4,2,1,3,2,0,0,3,8,1203,5,4,4,4,26,25,3,11,8,0,2,5,4,23,2,2,3,4,6,5,68,1,14,2,0,3,1,2,4,2,6,2,8,10,8,1,1,4,2,1,9,1,1,3,20,1,24,3,0,1,2,7,34,2,2,8,12,3,6,3,1,4,23,1,0,2,3,5,3,1
"27_022. Major Lazer & DJ Snake - Lean On (feat. MØ) [Official Music Video]_clean_sample2.wav",148,88,2,28,4,4,7,13,4,2088,1,5,12,8,1,8,4,9,5,4,3,6,1,3,6,3,19,2,5,2,1,6,3,1,6,18,0,1,18,3,4,4,8,4,15,13,32,101,2,48,6,12,3,12,8,4,4,10,5,4,8,1,0,2,6,19,1,3,2,4,8,5,4,2,1,4,3,7,6,1,9,1,4,2,8,9,3,8,1,2,3,5,1,1,1,21,1,3,8,15,2
"58_039. OMFG - Hello_clean_sample1.wav",151,8,4,3,2,4,2,4,2,0,1,5,16,2,74,1,1,1,3,3,3,2,5,0,2,3,0,0,0,1,0,4,4,2,3,0,4,10,25,4,3,4,6,3,1,11,5,0,7,32,12,3,6,5,6,0,12,0,0,1,3,3,1,0,27,4,3,1,0,2,3,19,3,2,10,1,1,5,0,0,0,6,5,4,7,0,1,4,9,2,1,1,0,933,1,1,4,2,1,2,3
"32_086. Olly Murs - Grow Up (Official Video)_clean_sample1.wav",151,74,9,229,15,24,50,42,4,13,8,26,39,5,87,2,16,6,0,6,4,9,2,6,56,13,16,2,22,16,5,17,8,3,55,2,36,7,1,2,3,1,47,7,10,22,17,69,3,16,7,22,21,5,13,4,17,18,8,12,8,9,11,8,18,43,8,15,6,90,1,1,2,22,6,8,10,44,2,3757,4,7,20,14,11,9,10,18,1,51,15,2,1,27,51,131,20,13,7,167,11
"33_076. Galantis - Firebird (Official Audio)_clean_sample2.wav",156,449,3,69,4,18,8,4,12,8,7,12,47,53,3,14,5,18,16,17,4,37,19,13,16,5,4,11,8,6,3,10,12,4,20,5,127,10,7,4,2,10,109,11,38,9,132,185,13,12,32,169,10,86,19,17,11,5,8,11,14924,5,7,2,9,12,6,8,39,6,4,24,19,3,7,4,7,11,2,12,4,11,55,44,14,28,201,8,6,12,5,7,1,9,12,11,22,1,5,4,4
"66_Cruel_Summer_clean_sample1.wav",148,17,2,10,8,9,5,4,5,3,2,5,11,15,13,24,4,3,14,7,4,6,6,20,28,8,8,2,33,4,3,20,48,2,3,26,19,2,8,4,9,8,2,3,11,54,140,4,5877,13,10,20,14,171,5,11,3,2,4,6,4,5,4,5,33,5,7,3,10,10,2,59,4,8,44,11,10,84,5,2,2,8,4,50,2,2,62,8,6,2,1,8,8,3,5,15,40,6,18,24,2
"19_054. Owl City - When Can I See You Again (From Wreck it Ralph)_clean_sample2.wav",145,9,28,90,33,8,1,13,14,7,2,6,28,8,392,15,4,7,12,25,6,4,35,12,29,65,117,19,3,5,8,42,9,3,29,6,22,2,126,42,20,2,22,1,52,34,10,2,17,93,18,6,1,77,23,0,43,70,12,31,12,0,3,10,40,199,19,21,9,2,1554,108,22,16,7,41,15,3,0,3,2,16,2,21,13,22,7,34,9,1,5,11,3,6,78,3,3,28,8,0,56
"18_044. tony igy-stop in my mind_clean_sample1.wav",165,57,25,310,13,15,14,15,12,7,4,9,20,32,9,8,6,39,22,14,11,19,120,10,20,26,13,9,12,9,7,14226,348,36,8,6,9,5,33,19,7,71,31,8,52,4,107,8,13,95,4,14,53,106,7,8,50,23,6,12,28,7,19,13,24,59,8,10,10,5,23,83,11,35,52,21,21,48,20,6,14,14,22,41,11,7,28,106,3,11,7,8,3,38,57,16,94,41,88,78,11
"81_013. Passenger  Let Her Go (Official Video)_clean_sample1.wav",147,13,14,222,12,17,3,26,2,21,4,7,16,9,15,60,1,18,3,5,6,9,18,9,5,22,17,3,1,15,6,9,38,49,6,28,12,3,9,12,15,12,14,1,6,26,4,4,1,8,4,24,8,12,5,6,4,7,1,5,3,14,2134,17,11,13,3,4,9,22,31,146,0,24,16,18,6,8,1,1,12,10,20,11,10,16,18,10,7,1,3,3,2,14,3,5,32,6,9,3,5
"14_099. Sheppard Geronimo - [International Version] (Official music Video)_clean_sample2.wav",145,3,21,19,3,6,4,36,3,6,3,2,13,13,3,15,2,20,3,5,9,14,12,2,18,5,2328,7,7,7,9,10,10,9,16,8,2,1,2,10,5,6,7,4,28,4,46,13,6,122,49,33,14,16,10,3,4,11,3,2,2,4,1,4,9,52,2,5,4,4,5,13,7,13,1,2,10,1,4,8,4,10,4,26,5,6,2,8,0,3,2,6,2,4,8,4,2,19,4,132,4
"93_015. Lukas Graham - 7 Years [Official Music Video]_clean_sample2.wav",144,24,5,11,3,1,4,2,1,2,3,2,1,2,11,3,2,6,0,5,0,4,6,1,2,3,4,1,0,0,0,2,3,2,2,13,2,2,13,2,1,2,3,0,0,2,5,1,1,20,1166,5,2,1,3,1,1,4,1,1,3,2,1,1,1,9,0,3,1,16,1,29,1,1,2,3,1,5,0,2,2,3,2,7,3,2,4,2,6,2,2,1,0,0,5,8,3,4,3,2,2
"76_073. Lindsey Stirling - Crystallize (Dubstep Violin Original Song)_clean_sample1.wav",147,691,37,417,24,49,19,69,11,44,20,5,9,142,381,59,12,26,2,21,22,10,7,60,152,35,30,1,3,9,68,12,27,14,150,61,20,2,8,21,24,6,132,4,21,11,29,77,58,158,87,80,7,32,73,10,9,64,6,9,41,36,15,24,23,7628,22,16,15,88,42,471,121,42,127,25,129,78,4,14,116,10,8,72,31,23,29,14,37,39,11,29,14,2,326,6,6,31,103,23,30
"76_073. Lindsey Stirling - Crystallize (Dubstep Violin Original Song)_clean_sample2.wav",153,11,208,396,99,160,10,139,83,39,0,2,25,103,197,257,11,113,20,103,14,6,265,24,181,93,150,85,8,35,228,59,93,121,167,197,83,3,72,65,56,3,16,6,119,8,25,20,102,119,58,148,2,197,126,2,53,140,9,21,18,14,17,98,220,7304,79,26,75,84,393,642,18,26,153,78,7,89,11,2,15,19,8,184,28,32,107,57,301,4,3,42,45,8,105,32,13,105,93,4,26
"67_090. Josh Groban - You Raise Me Up (Official Music Video) [HD Remaster]_clean_sample2.wav",156,11356,6,1368,63,92,38,8,25,16,21,130,125,14,1035,33,54,13,23,102,48,11,90,132,111,38,8,11,97,28,60,17,588,13,118,347,83,4,47,4,3,19,172,57,55,24,40,115,28,187,8,17,7,199,24,4,169,65,19,38,21,33,36,30,671,190,3,8,15,43,30,208,44,320,37,25,90,30,5,13,27,17,10,353,124,6,82,102,60,18,12,19,0,7,294,121,4,37,358,19,53
"46_032. Katy Perry - Wide Awake (Official Video)_clean_sample2.wav",149,26,9,663,33,2392,6,2,69,7,4,5,14,26,28,10,1,10,55,27,15,9,19,6,3,21,6,46,2,5,3,16,35,165,4,11,11,2,20,11,1,8,14,4,38,5,12,3,6,45,3,13,2,41,43,2,18,26,14,5,3,4,21,60,6,126,11,9,3,14,51,153,3,5,15,33,3,5,0,4,4,26,4,11,8,2,78,62,24,6,5,6,3,5,34,14,4,4,18,2,4
"79_095. Alan Walker - Alone_clean_sample1.wav",148,103,4,105,3,9,11,6,5,5,3,3,8,6,206,8,13,2,3,44,5,9,6,2,13,4,5,2,2,7,3,4,6,16,14,5,4,1,12,12,3,4,24,2,3,27,72,130,1,64,71,15,9,4,15,6,20,7,1829,5,24,1,4,2,4,15,2,6,1,4,4,48,19,3,14,37,14,5,1,10,2,5,6,3,51,14,6,30,9,11,2,11,3,1,4,3,1,5,4,6,10
"62_061. LEFT SCREEN ONLY Spot the Differences_clean_sample2.wav",147,14,7,30,3,2,2,0,0,2,1,0,102,7,1,0,2,4,5,1,13,12,6,8,0,2,2,6,2,5,4,5,4,1,3,7,2,0,2,2,0,5,1,1,1,0,9,1,1,2,1,12,1,15,2,2,2,3,6,3,4,5,11,7,32,7,2,1,6,5,2,18,0,8,11,5,1,5,6,4,2277,0,5,41,1,8,6,11,3,0,0,2,0,3,7,0,4,2,1,1,4
"88_033. Fifth Harmony - Worth It (Official Video) ft. Kid Ink_clean_sample1.wav",150,11,0,10,7,2,8,1,2,3,1026,1,2,5,24,4,24,3,1,2,2,7,9,1,28,1,6,6,3,0,6,6,6,0,21,1,3,4,7,3,2,4,1,2,43,9,24,8,1,2,12,6,2,37,6,3,1,15,1,3,14,8,3,0,6,5,8,1,3,0,2,500,1,5,3,4,19,4,4,5,3,5,12,4,2,11,1,1,11,3,2,13,1,7,5,1,2,53,9,5,5
"59_014. Avicii - Hey Brother (Lyric)_clean_sample2.wav",158,67,13,585,8,9,7,4,9,17,5,3,65,16,583,489,3,2,18,768,2,5,7,5,683,15,38,1,8,10,3,6,10,142,2901,17,54,3,57,20,7,6,9,1,4,43,178,11,3,625,369,21,1,6,39,11,145,182,69,14,21,6,11,3,10,19,24,27,2,11,48,617,61,14,93,22,16,56,4,11,2,4,21,292,9,98,7,6,8,4,18,9,1,28,29,8,15,56,51,3,39
"33_076. Galantis - Firebird (Official Audio)_clean_sample1.wav",150,35,3,101,17,22,10,1,19,10,4,3,8,28,9,3,4,5,40,7,17,28,12,21,21,13,12,12,3,0,4,11,31,22,18,2,8,5,3,4,1,6,124,7,17,10,49,44,16,25,15,235,2,32,19,19,36,25,7,41,6591,1,6,2,6,34,8,7,2,7,7,48,21,45,13,7,11,2,3,25,1,6,2,15,8,24,36,12,6,20,5,20,1,26,61,7,6,13,7,4,5
"97_075. Lindsey Stirling - Prism (Official Video)_clean_sample2.wav",150,15,35,33,9,3,2,2778,3,0,2,28,4,2,6,0,0,5,3,1,8,5,3,2,1,21,2,4,41,33,26,91,3,1,4,6,9,1,56,4,53,3,1,7,69,0,55,78,25,138,2,88,7,110,2,1,0,0,1,0,3,1,4,15,8,111,2,2,20,98,8,142,327,4,283,2,15,2,0,1,12,7,4,180,1,6,42,17,51,2,1,2,5,1,44,7,9,2,258,2,3
"92_025. Fall Out Boy - Immortals (From Big Hero 6)_clean_sample2.wav",146,7,17,66,33,7,1,17,10,6,1,3,6,14,18,7,1,9,6,9,0,7,6,9,9,11,2,912,2,4,6,16,10,20,4,8,24,1,4,23,3,3,10,2,19,0,8,3,10,45,1,4,2,14,12,2,55,44,1,7,7,12,4,5,11,45,6,4,7,3,13,60,9,13,3,20,1,10,1,1,0,3,2,35,6,4,9,26,1,1,0,8,2,6,37,0,1,6,4,2,4
"83_004. Katy Perry - Roar_clean_sample1.wav",147,41,5,56,3,3,2,1,2,1,2,3,3,4,40,10,4,0,1,29,2,9,2,6,5,2,0,1,0,1,4,4,6,1,4,13,4,1,33,2,2,1,3,1,0,12,21,9,2,20,15,6,15,1,8,1,1350,0,6,4,4,7,5,2,4,9,3,2,3,2,6,40,4,3,2,4,10,9,4,4,1,2,2,11,2,5,3,3,2,0,3,2,0,4,1,2,3,4,4,1,3
"63_087. Anaconda - Nicki Minaj  The Fitness Marshall  Dance Workout_clean_sample1.wav",144,1,0,9,5,3,5,2,0,1,2,3,8,6,16,2,2,5,1,34,0,2,8,4,1,3,2,9,1,6,2,8,16,3,1,11,1,0,11,1,4,3,2,1,0,6,10,6,1,4,1,8,4,9,9,2,3,3,3,0,1,4,4,1,8,5,3,1,1,1,0,14,1,4,6,0,14,9,1032,11,0,8,2,6,1,1,3,2,3,1,2,0,1,0,4,0,12,0,10,2,6
"16_038. P!nk - Just Give Me A Reason ft. Nate Ruess_clean_sample1.wav",146,38,2,88,9,3,5,14,3,2,2,3,11,3,56,8,2,28,5,4,6,7,4,2,19,7,3,7,1,2,10,6,70,3,25,10,3,2,4,14,3,3,4,4,6,15,5,0,2,72,2,4,3,33,11,0,3,3,1,12,4,9,61,3,61,19,5,7,39,6,7,88,4,3018,3,5,3,2,1,22,66,1,4,24,3,3,12,9,66,1,1,5,0,1,18,2,9,12,3,2,81
"95_053. Avicii - Hey Brother_clean_sample1.wav",148,15,2,427,25,8,7,28,40,7,2,18,63,11,1601,95,3,8,33,561,2,11,2,2,4685,17,222,4,5,2,2,10,14,232,2165,8,27,2,172,219,16,6,23,1,3,62,257,5,18,600,443,7,2,16,70,10,270,3,50,7,22,6,12,4,7,37,44,14,8,8,64,774,60,69,43,3,31,56,23,2,1,11,2,31,25,39,2,82,12,2,4,8,3,24,54,5,13,36,12,12,86
"11_062. Pipe Guy - HouseTranceTechno Live_clean_sample1.wav",146,157,3,172,6,20,9,6,3,11,8,11,9,23,80,7,13,5,4,4,9,29,4,5,12,10,6,2,2,6,2,7,26,10,16,3,4,4,17,5,4,19,28,5,4,15,56,88,6,15,12,36,6,13,19,6,15,25,8,5,15,16,4,7,8,50,2,11,2,6,3,52,8,3,9,4,13,9,1,19,22,4,12,28,13,7,6,17,12,30,7,3,4,3,48,6,8,6,6,26,6
"22_094. Harry Potter Puppet Pals - The Mysterious Ticking Noise (Video With Lyrics)_clean_sample1.wav",149,10,7,30,12,4,6,6,7,7,2,7,24,11,13,9,2,6,17,11,9,20,5,9,21,11,9,7,6,6,7,7,120,22,21,26,81,8,5,5,9,4,18,20,11,4,40,6,5,17,4,15,2,6,6,10,4,3,5,2,3,46,2,5,239,33,2,3,10,8,11,29,18,15,14,5,64,27,4,7,5,7918,6,44,7,4,56,6,23,9,5,9,3,3,9,19,8,4,68,4,6
"45_005. OneRepublic - Counting Stars_clean_sample1.wav",154,26,31,3278,8,6,84,94,20,1,182,73,387,32,51,86,2,45,26,132,5,90,3,37,639,24,431,87,33,39,124,151,332,5,691,61,98,97,65,55,47,20,31,55,250,2,93,127,33,349,11,278,52,75,11,7,7,15,6,7,41,164,250,117,313,118,111,36,21439,204,355,1670,18,39,87,40,5,35,34,390,308,26,26,569,1,53,189,81,514,11,65,18,51,0,39,20,8,130,97,77,2411
"13_030. Maroon 5 - Animals_clean_sample2.wav",145,9,13,35,4,1,2,15,5,2,2,2,11,3,8,14,1,8,4,25,0,7,5,14,2,15,8,4,7,80,4,24,98,2,3,39,8,1,15,9,1784,9,3,6,4,1,14,1,4,13,4,62,5,44,5,1,2,2,1,5,6,9,2,11,972,6,10,1,21,13,83,152,5,26,9,43,2,2,0,29,2,20,3,18,1,5,17,5,5,2,3,3,20,7,16,1,2,26,12,1,9
"5_002. Avicii - Wake Me Up (Official Video)_clean_sample1.wav",146,2,1162,17,38,4,6,3,41,10,2,2,15,10,29,11,2,47,18,4,1,3,15,40,12,22,4,5,27,13,0,7,43,8,10,7,14,1,1,3,1,4,18,5,20,2,11,2,4,26,5,22,1,3,4,1,1,25,2,14,16,5,1,11,3,9,6,8,2,3,31,14,16,90,10,41,5,2,2,3,2,1,3,9,12,4,37,5,8,1,1,18,1,5,16,2,7,14,20,1,3
"63_087. Anaconda - Nicki Minaj  The Fitness Marshall  Dance Workout_clean_sample2.wav",144,9,2,10,3,1,2,0,1,3,0,1,3,4,2,1,1,2,0,4,0,5,2,1,0,3,4,0,2,2,0,3,11,0,0,4,2,0,1,1,2,3,1,1,1,0,1,4,9,4,3,11,1,8,1,1,1,0,1,1,2,2,0,1,6,3,0,0,3,3,8,22,0,2,5,1,1,0,710,0,0,4,1,5,0,2,1,3,1,1,2,1,0,1,1,1,3,0,16,2,2
"85_011. Martin Garrix - Animals (Official Video)_clean_sample1.wav",149,19,2,51,3,4,8,8,8,6,4,7,17,7885,116,9,3,45,6,38,8,6,10,19,12,6,11,2,8,21,2,19,26,4,11,19,4,2,42,4,3,8,3,3,11,17,48,6,9,83,25,11,9,7,15,4,17,4,9,5,37,7,11,4,42,9,4,4,14,13,11,58,9,28,15,9,8,9,16,8,6,31,2,7,5,14,5,10,11,7,6,8,9,6,4,15,14,11,23,4,6
"89_091. Faster Car - Anders Lystell feat. Kaliber [EPIDEMIC SOUND] (Lyrics)_clean_sample2.wav",158,137,1,80,43,7,3,6,11,4,0,3,11,9,9,2,4,4,5,9,5,6,24,4,8,4,2,2,3,20,3,81,413,3,8,21,5,1,81,2,3,12,28,6,11,20,109,186,5,66,5,56,4292,277,25,11,7,4,4,4,21,3,2,4,26,10,3,6,3,6,3,15,8,37,99,3,11,249,2,3,1,10,4,84,2,2,10,36,12,2,3,4,4,10,11,4,152,3,89,19,3
"58_039. OMFG - Hello_clean_sample2.wav",145,50,2,11,1,3,1,5,6,0,2,129,5,4,19,3,7,1,1,3,10,3,10,21,50,4,8,3,1,0,1,9,4,2,16,2,18,1,14,4,2,22,1,3,1,4,3,7,8,8,4,1,12,4,1,0,3,1,0,2,3,5,0,0,3,13,1,6,2,44,0,10,5,0,3,2,1,3,0,1,14,5,4,5,4,8,7,1,1,1,6,0,0,2645,1,2,4,0,2,0,0
"96_089. American Boy by Estelle and Kanye West_clean_sample1.wav",166,583,7,60,101,2,5,7,14,4,2,4,4,2,9,2,6,7,5,4,4,8,28,6,2,5,8,5,4,5,3,89,278,16,1,3,6,3,115,19,4,36,3,4,6,2,252,2,1,401,6,5,55,140,13,6,1,4,1,30,5,2,4,4,2,15,2,3,3,1,4,51,3,42,105,12,6,134,2,3,3,3,4,158,4,1,19,3,4,6,2,2,6,3,2,7,334,5,3769,4,6
"67_090. Josh Groban - You Raise Me Up (Official Music Video) [HD Remaster]_clean_sample1.wav",152,4924,8,2086,18,97,121,33,1,40,25,30,2,33,3,11,4,23,2,1,2,7,18,9,16,12,2,2,3,10,297,22,66,3,18,3,2,72,7,2,2,8,1312,30,22,155,1210,2662,1,15,436,674,50,364,352,209,75,1,30,30,87,38,3,10,269,18,0,298,1,11,1,12,60,1,15,0,11,4,22,558,10,8,296,11,116,1,1,2,4,133,9,0,0,647,4,71,3,1,440,20,4
"0_096. Nightcore - Mad World_clean_sample1.wav",147,4,1,7,2,3,3,3,3,0,11,2,5,15,2,10,1,110,70,1,2749,11,58,6,12,6,25,3,1,0,1,26,26,5,8,4,0,4,3,11,4,8,4,4,9,1,7,5,2,20,10,13,4,5,3,4,21,6,0,1,3,1,6,1,5,3,4,3,3,9,11,70,4,7,2,1,166,6,1,4,4,2,2,3,1,4,1,6,7,2,3,1,2,1,5,1,5,1,3,4,8
"105_101. Yann Tiersen - Comptine d`un autre ete - l`apres-midi_clean_sample2.wav",183,61,128,1177,148,308,62,571,136,25,23,12,96,87,210,510,21,364,35,276,10,85,159,51,66,505,77,126,70,286,39,110,219,344,60,405,84,32,125,110,350,87,132,28,231,20,92,23,56,2047,481,2253,21,138,208,7,74,223,99,39,49,179,339,99,187,131,24,16,100,45,225,92136,484,66,138,134,507,99,13,131,13,37,33,96,60,83,792,150,90,35,35,167,79,2,232,60,36,59,223,99,66
"31_058. Rub Some Bacon on It_clean_sample1.wav",223,33,525,19341,3064,3052,22,317,319,142,6,4,45,1223,1967,128,1,177,159,226,6,16,1746,189,47,1914,92,512,9,135,26,460,585,28509,40,201,824,21,208,125,84,5,3,28,1112,3,105,3,24,622,100,118,13,5582,1532,3,135,1015,93,55,22,6,61,1064,20,1299,121,91,155,24,351,6183,44,110,716,110,15,60,7,9,4,176,33,111,110,64,2959,1336,28,25,2,156,44,78,1211,110,22,79,50,2,396
"90_064. Eurythmics, Annie Lennox, Dave Stewart - Sweet Dreams (Are Made Of This) (Official Video)_clean_sample1.wav",147,2,1,16,2,4,2,6,2,1,1,8,8,1,10,5,4,8,0,5,0,11,4,1,4,2,7,23,0,2,4,6,5,3,4,6,2,1,3,1,2,4,2,6,2,0,27,2,2,3,19,0,5,3,1,1,3,3,4,2,2,9,0,10,7,1,1,0,3,2,1,11,22,3,3,0,24,5,0,11,1,9,2,7,1,3,7,1,3,1348,0,1,2,1,3,5,9,0,3,2,0
"84_001. Anna Kendrick - Cups_clean_sample1.wav",146,13,36,47,4,2,2,3,2062,6,2,4,3,2,80,3,8,5,3,6,4,15,6,5,3,4,5,2,3,2,3,7,12,11,4,2,3,0,13,5,2,15,7,8,4,8,8,3,0,20,5,20,6,7,13,2,9,8,11,1,6,3,8,6,5,38,3,5,4,3,12,20,2,3,6,1,46,4,4,4,1,5,5,5,4,5,6,10,4,2,5,1,2,2,5,1,6,5,3,5,5
"83_004. Katy Perry - Roar_clean_sample2.wav",145,50,2,11,3,0,7,0,1,0,1,3,8,7,14,2,4,3,2,1,0,2,1,0,6,1,3,3,1,1,2,3,2,1,6,3,0,0,5,0,12,6,15,1,1,4,6,4,0,3,2,5,2,0,2,1,1037,1,3,1,3,4,4,1,11,3,1,1,2,3,3,12,2,6,0,4,1,2,2,5,0,5,3,3,3,3,1,3,3,0,3,1,3,0,1,2,1,2,1,1,3
"74_029. David Guetta - Hey Mama (Official Video) ft Nicki Minaj, Bebe Rexha & Afrojack_clean_sample1.wav",150,3,3,282,1,5,1,29,3,3,2,5,8,7,28,68,2,16,4,80,2,4,14,6,4,17,23,1,2,22,74,13,43,11,2,107,14,7,7,32,11,1,6,2,40,9,9,2,6,40,3,48,6,21,8,1,5,3,12,4,1,7,3,2,43,26,14,6,27,127,141,279,3,3,180,87,5,8,2,4,15,6,1,10,1,14,7,53,226,1,2,12,1552,1,125,2,1,56,75,4,12
"87_079. twenty one pilots Heathens (from Suicide Squad The Album) [OFFICIAL VIDEO]_clean_sample2.wav",147,11,33,256,58,110,11,55,60,1,10,4,7,30,132,77,2,59,10,100,3,3,234,23,7,66,45,46,1,21,92,24,88,110,8,129,105,1,67,12,25,4,31,4,149,2,4,3,9,71,18,24,2,60,79,0,20,105,14,16,7,40,3,10,114,190,28,1,148,104,124,412,3,30,136,2560,10,20,6,4,3,20,7,25,30,21,91,58,268,6,1,40,86,0,125,30,2,154,27,3,20
"81_013. Passenger  Let Her Go (Official Video)_clean_sample2.wav",150,3,10,1476,22,16,63,15,14,6,2,6,21,32,6,9,3,10,30,24,0,8,22,3,14,44,26,21,1,3,0,9,8,55,13,40,33,8,5,45,6,16,1,7,26,3,159,3,16,15,2,30,0,2,2,12,5,13,4,4,1,30,15061,164,6,94,30,26,80,27,60,231,0,16,2,41,23,0,5,1,14,7,5,136,10,9,64,72,211,1,8,15,1,0,6,39,27,56,4,4,66
"102_018. Shawn Mendes - Stitches (Official Music Video)_clean_sample1.wav",150,650,2,1155,30,127,63,131,2,31,39,4465,4,3,955,5,83,3,4,19,2,11,26,10,188,10,2,3,162,23,1,25,106,3,55,11,147,8,0,6,1,7,275,2,13,42,20,269,2,29,12,8,26,2,29,8,302,110,36,60,40,60,61,220,64,356,30,20,5,18,3,20,3,512,2,3,5,4,0,350,5,30,5,2,184,24,70,2,4,8,17,19,1,2,499,148,2,14,2,27,38
"102_018. Shawn Mendes - Stitches (Official Music Video)_clean_sample2.wav",175,14,114,113,18,2,44,11,1,8,4,86431,56,4,22,2,15,10,18,19,15,176,2,3,77,2,143,46,20,2,5,7,41,6,10,13,5,30,94,64,1,79,1,11,23,15,27,3,1,8,44,6,4,17,76,15,11,16,3,11,2,39,88,4,12,12,0,3,425,1364,5,8,1,1,12,365,15,131,4,91,954,6,0,4,11,1,44,12,17,19,3,12,1,65,11,2,3,0,28,14,3
"40_052. Lindsey Stirling - Moon Trance (Official Music Video)_clean_sample2.wav",149,7,5,76,4,4,2,6,5,1,16,2,1,8,55,11,3,2,1,2605,4,2,14,3,1,1,10,4,2,5,3,5,9,1,3,16,32,16,5,2,4,1,1,4,12,1,10,0,4,14,2,0,0,31,5,3,8,6,2,2,5,174,7,9,10,70,3,2,4,19,6,29,0,7,10,17,5,7,4,2,1,17,6,57,5,3,156,17,2,2,0,2,1,3,9,2,2,22,2,0,18
"6_043. Wintergatan - Marble Machine (music instrument using 2000 marbles)_clean_sample1.wav",148,2,3,68,3,3,3,6,8,8,2,4,176,13,2371,6,3,3,3,4,9,1,15,15,11,3,45,13,3,10,7,7,13,3,15,10,11,9,17,4,4,2,6,7,4,1,6,4,4,25,3,2,28,37,1,0,1,1,4,1,2,18,11,19,41,11,4,8,33,8,9,88,3,4,4,3,3,4,3,9,86,7,2,31,2,4,4,5,11,1,18,12,2,4,2,25,6,5,3,2,66
"48_027. MAGIC! - Rude (Official Video)_clean_sample1.wav",142,5,0,9,1,3,1,0,2,5,1,9,7,5,1,2,4,2,2,2,4,8,1,4,1,2,2,2,1,2,3,1,6,5,1,1,1,1479,2,0,0,1,6,1,7,1,38,1,1,12,1,21,1,9,3,3,4,2,2,0,7,4,18,3,4,1,0,3,1,1,2,23,1,2,11,1,11,12,4,1,1,2,2,20,1,3,1,10,2,2,4,2,0,0,0,2,6,1,2,6,1
"14_099. Sheppard Geronimo - [International Version] (Official music Video)_clean_sample1.wav",151,5,4,4,1,4,3,26,3,6,4,11,7,5,40,9,3,6,0,2,0,13,3,3,8,10,1075,9,9,3,10,22,3,1,10,5,30,3,0,1,5,2,1,1,7,2,16,14,2,90,4,14,16,7,15,1,6,7,1,3,6,1,7,3,7,14,8,6,5,5,1,35,6,8,16,2,2,3,1,16,6,7,13,20,4,7,15,15,1,2,3,1,3,2,17,3,4,37,6,103,3
"41_The Bidding_clean_sample2.wav",169,173,6,215,41,8,5,4,3,10,5,4,1,6,5,5,5,11,4,2,4,16,20,3,7,5,2,1,3,7,2,54,258,7,6,6,10,2,44,12,3,13,19,1,4,3,371,2,10,69,1,14,75,235,4,17,3,7,4,4,8,2,6,6,7,11,4,3,4,2,2,34,3,22,176,11,7,166,17,6,1,8,7,161,20,2,14,5,4,6,2,5,2,9,7,6,7179,1,69,3,7
"0_096. Nightcore - Mad World_clean_sample2.wav",141,9,3,6,2,4,22,2,3,0,1,36,9,10,6,2,1,7,1,7,4853,13,58,4,15,2,2,6,5,3,3,6,4,16,10,9,18,1,6,3,1,5,3,3,3,7,29,3,4,30,3,3,6,26,7,3,5,2,1,15,1,4,8,1,4,35,1,8,4,30,3,10,11,2,14,6,5,24,1,6,7,6,2,6,2,4,14,18,11,3,6,3,3,3,2,3,5,1,2,5,13
"101_070. Eminence - Knock Me Out (feat. Anna Cyzon) [Monstercat Official Music Video]_clean_sample2.wav",325,2232,5,283,596,3,18,14,11,54,6,28,282,7,27,9,30,50,10,15,9,7,115,69,14,15,9,38,15,17,27,220,35157,9,33,111,47,7,363,6,9,69,4,44,62,5,1301,6,15,2414,10,13,535,726,23,8,3,24,6,49,14,83,12,24,550,18,5,5,13,17,16,80,20,507,526,10,22,527,11,168,9,17,8,718,7,41,65,38,11,4,48,24,17,15,17,7,1946,7,1773,7,97
"9_034. Pitbull - Timber (Official Video) ft. Ke$ha_clean_sample1.wav",148,396,8,1603,5,2,59,175,13,1,4,1,76,18,171,513,3,175,15,224,1,16,5,69,4,27,295,7,11,19,4304,37,246,9,4,533,47,9,45,42,90,5,7,10,183,2,328,11,13,371,4,156,14,160,3,67,5,2,7,1,48,20,30,35,305,354,59,3,79,220,916,1607,2,17,338,290,7,134,1,145,33,22,13,198,2,33,19,90,894,42,3,76,136,161,336,1,7,160,151,26,121
"7_092. Harry Potter Medley on Marimba_clean_sample1.wav",166,174,8,53180,12,12,8,431,20,1,8,6,42,65,505,432,25,246,87,267,26,15,1509,212,11,83,2000,3,8,47,800,170,1972,23,8,392,106,4,50,114,154,34,8,11,182,12,135,15,17,1620,19,219,7,373,26,16,4,13,5,12,10,21,839,33,976,399,231,4,631,677,728,8201,32,88,451,224,4,137,66,6,2098,76,26,521,8,107,12,197,1533,6,17,75,125,2,181,33,33,462,55,4,8039
"43_098. Nightcore~ The Wolf_clean_sample2.wav",145,22,4,327,3,13,21,1,2,10,13,6,24,16,65,1,7,2,3,1,7,10,14,5,3,2,3,3,5,8,1,8,13,6,4,1,3,0,11,1,3,11,8,1,4,4,6,24,3,8,0,3,2,10,27,9,12,3,21,44,1,16,38,8,22,10,14,4,2,2,2,12,1,11,19,23,2,5,1,13,2,5,1,3,30,5,7,6,2,3,2,1,0,3,12,2144,2,31,4,1,14
"104_024. twenty one pilots Stressed Out [OFFICIAL VIDEO]_clean_sample2.wav",142,3,0,2,1,2,0,0,2,2,0,0,6,3,5,1,1,1,1,0,1,2,1,0,2,1,1,2,4,4,0,2,4,1,1,0,2,0,0,1,2,1,2,0,3,0,3,1,0,3,0,0,2,4,1,2,2,2,1,0,2,0,4,2,28,0,876,0,0,2,1,4,7,1,2,0,2,13,0,1,3,1,2,1,0,13,0,3,1,0,1,0,5,0,3,0,3,0,2,3,22
"97_075. Lindsey Stirling - Prism (Official Video)_clean_sample1.wav",141,8,10,154,0,3,3,1638,3,1,6,32,38,2,1,6,0,34,9,8,0,15,4,7,2,33,26,4,3,29,6,22,27,3,0,2,1,5,40,1,4,2,7,0,25,1,3,29,14,79,1,32,16,4,1,2,1,0,1,0,2,0,9,28,25,35,16,1,4,6,5,66,5,1,3,0,4,2,4,44,39,8,3,24,1,13,37,14,21,1,5,8,2,0,1,0,11,5,1,1,132
"105_101. Yann Tiersen - Comptine d`un autre ete - l`apres-midi_clean_sample1.wav",180,73,115,429,180,396,16,543,162,25,149,28,96,200,129,106,45,74,50,102,18,54,167,52,34,494,102,158,70,281,40,193,256,435,37,492,99,20,70,50,350,32,82,36,291,22,117,20,70,234,94,1256,37,163,262,3,74,273,99,41,16,1607,111,70,33,152,63,18,40,46,225,108140,388,72,163,135,1223,23,28,24,12,44,33,33,157,78,865,171,103,85,11,121,62,1,315,70,36,45,223,7,58
"77_065. Nightcore - Ghostbusters_clean_sample2.wav",145,25,27,22,5,19,12,66,7,5,7,10,41,15,30,8,4,48,2,22,17,11730,13,11,32,13,27,4,19,7,10,12,20,11,36,57,10,18,15,6,12,8,8,14,10,10,153,7,4,23,44,21,26,11,20,5,8,6,29,5,4,12,6,15,17,13,24,4,14,15,8,45,13,17,15,3,23,18,4,11,4,37,16,14,2,14,21,17,4,5,4,6,6,4,66,8,18,8,72,8,7
"44_Sacred Beast_clean_sample1.wav",254,668,8,275,477,21,10,12,18,18,15,14,10,22,17,30,8,17,16,12,15,15,34,6,16,36,20,6,27,47,8,140,912,12,15,60,9,5,235,25,60,91,12,6,16,7,1266,4,51,862,7,14,169,762,39,10,4,21,9,22,12,12,9,5,10,30,17,21,4,12,16,60,7,214,977,15,39,48179,2,19,14,5,32,2854,14,16,8,9,12,9,6,7,12,7,8,31,1149,20,586,10,7
"68_055. Madness - Our House (Official 4K Video)_clean_sample1.wav",142,3,6,5,3,1,9,14,2,7,0,2,8,5,4,5,2,3,4,4,9,35,0,8,5,3,8,3,2,3,0,2,3,3,5,3,2,5,0,2,2,7,1,0,2,1,3,1,6,4,30,1,2,1,6,2,0,4,7,3,3,2,1,5,5,1,1,2,15,3,1,41,2,3,4,1,7,2,1,4,2,11,2134,0,4,3,3,4,3,1,2,2,1,0,8,2,1,2,9,4,2
"29_010. Katy Perry - Part Of Me (Official)_clean_sample2.wav",146,77,29,64,2485,2,31,29,4,2,1,5,6,18,1,4,1,5,0,2,5,9,8,2,3,9,4,8,0,1,1,5,9,1,11,33,1,5,1,1,1,5,11,2,1,32,11,13,4,48,45,13,3,5,68,1,9,1,20,11,5,23,6,1,6,5,1,2,5,12,2,8,11,2,4,1,1,11,3,7,1,2,4,4,8,3,8,15,3,1,1,2,1,0,8,9,4,1,8,7,3
"88_033. Fifth Harmony - Worth It (Official Video) ft. Kid Ink_clean_sample2.wav",143,5,3,9,3,1,2,72,2,1,1311,2,5,3,10,12,2,23,19,6,4,7,5,1,4,5,9,11,1,3,4,23,9,1,4,3,6,8,2,1,3,2,5,12,7,3,81,22,2,60,3,9,29,16,3,1,4,14,0,6,19,15,2,12,27,20,3,1,8,2,1,21,2,1,49,6,5,8,1,9,0,4,42,6,0,2,19,41,0,4,6,2,1,2,3,1,19,8,11,471,6
"35_036. Fall Out Boy - Centuries (Official Video)_clean_sample2.wav",149,32,2,1037,11,12,5,3,11,38,8,30,11,28,107,5,2,9,15,107,27,19,3,2,6,11,10,40,2,4,6,10,9,17,20,17345,21,1,478,17,18,7,3,5,22,8,2501,4,4,82,30,15,3,6,8,20,28,12,57,16,17,79,167,4,8,20,8,41,2,2,31,885,4,6,8,21,116,9,2,7,10,11,1,13,2,15,6,3,21,13,7,12,1,4,19,5,20,21,10,7,50
"53_102. What_clean_sample2.wav",145,54,20,302,10,45,23,4,4,23,14,33,20,15,98,15,32,18,22,23,3,5,11,29,48,10,18,6,73,17,4,28,88,10,19,49,29,1,26,6,4,3,46,19,7,27,21,27,5,23,14,3,3,11,42,3,47,18,18,21,1,4441,47,21,40,163,6,4,12,16,7,62,8,66,17,11,23,4,4,23,30,13,8,15,25,13,22,13,4,17,8,25,4,9,66,67,10,11,16,5,60
"90_064. Eurythmics, Annie Lennox, Dave Stewart - Sweet Dreams (Are Made Of This) (Official Video)_clean_sample2.wav",139,6,2,22,3,11,10,0,1,2,2,1,8,4,2,7,17,1,2,10,0,6,6,2,10,4,7,2,0,0,1,5,6,3,13,3,6,1,2,2,2,6,1,1,3,10,29,1,1,10,9,6,2,3,4,1,11,2,4,46,9,2,3,1,3,3,0,1,2,3,1,26,25,3,4,3,4,18,3,2,4,8,2,3,1,3,5,3,1,981,0,1,1,2,8,13,3,1,3,2,5
"93_015. Lukas Graham - 7 Years [Official Music Video]_clean_sample1.wav",160,1166,51,763,25,162,75,567,38,56,28,43,45,16,585,147,43,371,32,860,3,79,0,5,199,766,198,22,10,16,8,27,103,84,110,361,15,1,78,73,18,66,397,23,10,143,211,3152,62,607,48929,315,23,188,362,20,164,54,388,53,127,103,56,35,248,226,49,68,7,8,143,440,479,55,10,5,14,171,35,51,19,33,115,92,52,68,153,22,15,11,43,44,4,30,208,42,4,48,150,93,67
"38_082. Smoke and Mirrors_clean_sample2.wav",144,74,24,495,5,8,48,5,4,12,3,32,21,27,348,29,0,1,10,297,2,18,12,5,107,8,24,1,0,5,1,12,62,2,115,9,26,3,73,29,3,5,9,5,5,5,4,4,2,3746,127,36,2,4,26,3,52,18,33,12,5,19,6,8,6,18,9,4,6,4,167,270,3,3,14,1,0,20,3,9,2,8,6,50,96,17,3,2,1,32,2,12,0,3,23,29,15,39,18,3,30
"23_048. Pharrell Williams - Happy (Official Music Video)_clean_sample1.wav",148,16,1,510,5,8,6,10,5,2,1,37,394,7,22,1,32,8,0,4,6,5,21,21,21,24,1,41,14,10,8,37,17,3,29,4,1,16,4,3,2,2,12,5,15,4,70,176,0,18,21,317,31,123,7,3,2,2,9,3,3,9,3,15,33,36,2,15,49,4,1,1,2,2,6,5,7,6,2,61,5,4,4,31,1,2,102,42,1,0,1725,1,0,3,4,11,5,2,8,12,2
"28_074. American Authors - Best Day Of My Life_clean_sample2.wav",148,7,48,110,19,23,5,160,9,5,1,2,20,4,22,75,6,3586,6,32,4,16,67,17,23,27,35,10,7,12,79,26,86,42,11,63,15,3,6,6,10,6,2,6,16,6,2,0,12,17,6,16,28,23,12,2,12,10,7,2,1,3,1,31,148,103,60,4,7,26,110,220,3,5,50,52,15,12,5,7,4,12,4,42,8,13,82,29,104,1,2,7,33,3,31,19,86,30,12,2,33
"28_074. American Authors - Best Day Of My Life_clean_sample1.wav",145,17,28,78,35,66,6,27,38,2,2,1,8,18,20,131,1,2293,6,8,1,7,32,12,20,38,39,28,12,13,2,12,55,190,16,84,17,1,18,5,13,6,20,10,49,1,6,0,1,36,10,86,1,124,48,3,23,55,1,11,5,15,7,58,21,44,5,11,23,41,58,462,3,20,54,20,2,7,1,4,4,9,10,18,20,9,48,36,5,1,2,14,7,3,55,30,3,37,24,4,19
"18_044. tony igy-stop in my mind_clean_sample2.wav",156,48,3,440,5,7,6,39,10,33,5,21,54,162,10,10,8,17,16,9,41,45,159,8,19,10,22,28,8,8,19,9543,165,6,15,28,6,6,50,9,30,69,10,17,23,9,66,11,12,214,17,18,16,105,8,12,11,20,2,21,6,9,5,13,8,108,7,13,10,5,7,10,7,10,105,6,26,94,22,36,21,8,12,64,7,6,22,30,12,5,9,9,11,8,33,5,53,15,89,108,3
"44_Sacred Beast_clean_sample2.wav",260,630,9,269,423,17,14,19,20,27,5,16,9,19,55,18,10,24,16,55,12,11,36,8,32,25,21,9,23,56,7,147,861,16,18,59,11,4,250,28,19,69,9,8,13,5,1215,6,64,940,50,16,156,673,26,20,19,15,6,35,16,6,10,9,15,27,17,18,4,7,8,68,9,217,923,18,35,59851,6,8,11,4,21,2603,11,9,15,7,5,6,5,6,11,3,9,29,1375,20,507,9,11
"50_006. Wiz Khalifa - See You Again ft. Charlie Puth [Official Video] Furious 7 Soundtrack_clean_sample2.wav",146,183,15,199,28,46,24,41,3,12,22,77,4,10,238,13,15,15,24,7,8,6,3,3,93,38,65,11,26,2,1,11,12,73,107,22,18,1,13,14,1,7,118,4,1,23,50,165,3,30,217,63,8,72,4807,15,69,47,45,12,30,10,10,30,8,198,5,22,5,7,109,168,6,93,8,31,67,70,2,33,5,14,35,9,37,4,6,12,5,21,18,9,2,2,198,29,8,84,8,65,85
"49_050. Carly Rae Jepsen - I Really Like You_clean_sample1.wav",142,54,5,18,6,32,19,3,4,10,6,3,68,17,11,141,22,4,2,19,2,7,1,3,24,11,103,1,2,4,2,6,4,22,37,15,15,1,104,14,5,14,89,2,3,31,59,19,2,30,8,11,4,5,29,3,43,31,22,49,13,17,23,1,16,12,7,1,1,12,3,76,163,6,4,3,6,35,1,61,2,7,4,18,1399,155,4,3,1,9,2,26,4,5,5,5,7,3,102,4,48
"37_063. Bastille - Pompeii (Official Music Video)_clean_sample1.wav",147,11,36,349,49,40,3,56,85,1,2,1,4,22,44,196,6,97,3,88,20,3,8,1993,14,60,63,11,3,12,195,17,77,66,8,200,46,0,6,11,11,8,20,6,52,2,19,2,3,32,3,27,3,51,15,2,4,29,8,33,6,16,2,24,74,95,9,11,13,96,310,363,2,130,123,112,3,26,0,6,1,3,2,34,4,5,59,29,281,2,4,14,60,7,143,11,4,42,19,4,19
"74_029. David Guetta - Hey Mama (Official Video) ft Nicki Minaj, Bebe Rexha & Afrojack_clean_sample2.wav",149,9,4,609,4,2,3,67,2,1,3,8,6,7,46,56,1,27,4,118,2,9,10,6,1,2,49,2,1,31,119,22,122,1,2,102,43,0,7,9,11,6,1,3,39,3,14,2,7,122,3,21,9,18,3,1,1,1,0,1,3,2,6,4,117,139,24,1,20,174,145,314,2,6,206,112,2,26,8,4,21,6,16,21,1,41,5,77,484,2,1,16,2288,3,127,10,14,155,17,3,92
"4_003. Lorde - Royals (US Version)_clean_sample2.wav",149,4,13,660,32,64,2,26,35,13,1,7,42,33,51,32,8,19,3778,7,11,13,52,11,25,48,37,44,5,18,2,17,34,140,14,21,26,2,89,15,4,10,24,9,34,9,18,0,32,232,12,3,2,16,30,3,59,54,6,17,5,16,42,87,4,97,15,9,16,5,74,138,9,30,18,21,11,11,4,9,10,21,3,19,117,9,27,34,19,4,2,12,1,5,88,107,7,28,54,7,14
"29_010. Katy Perry - Part Of Me (Official)_clean_sample1.wav",143,31,12,132,2398,16,18,36,5,4,5,27,7,10,83,9,12,22,5,14,23,11,5,8,56,12,3,6,22,0,4,8,23,9,17,5,8,5,0,3,1,1,95,12,4,2,11,20,5,86,3,129,1,10,9,2,42,10,8,10,4,7,9,3,8,39,3,1,1,3,1,14,11,44,30,4,7,2,3,19,8,8,19,1,17,8,4,3,4,4,23,2,1,0,71,27,2,2,116,5,8
"42_046. Meghan Trainor - NO_clean_sample2.wav",144,5,5,28,9,3,3,14,13,2,2,16,79,7,6,10,4,3,1,2,1,3,1,7,14,5,10,18,2566,12,16,15,24,1,14,1,2,18,8,1,3,4,5,7,32,7,49,19,40,10,5,49,38,47,21,8,2,1,3,9,8,16,8,6,14,2,4,6,20,2,2,35,18,3,55,0,11,34,2,52,3,11,3,51,5,4,11,14,3,3,3,4,4,0,1,5,72,9,11,12,4
"2_023. Rachel Platten - Fight Song (Official Video)_clean_sample2.wav",147,55,28,999,55,90,3,61,41,3,3,2,23,20,120,2976,2,119,21,9,2,7,33,69,9,101,23,75,2,11,27,11,58,394,8,20,16,2,13,19,12,15,4,9,96,4,17,3,4,32,11,10,4,102,62,2,11,80,10,11,6,5,20,21,23,205,19,9,6,18,76,215,43,20,39,21,1,79,6,12,2,31,25,13,26,42,161,82,51,4,8,25,23,35,55,75,3,19,9,4,17
"49_050. Carly Rae Jepsen - I Really Like You_clean_sample2.wav",143,77,2,121,9,17,8,1,2,10,3,8,6,3,66,10,1,3,0,26,1,3,6,5,2,1,3,1,1,1,1,5,5,1,4,2,1,5,8,10,1,9,57,8,5,12,26,113,2,41,28,37,7,11,20,3,16,0,4,6,11,2,2,2,12,3,3,22,1,2,3,34,11,2,10,1,3,10,1,4,7,1,20,6,1357,2,4,3,4,3,2,2,4,1,2,3,2,7,3,4,10
"36_072. Jessie J - Price Tag ft. B.o.B_clean_sample1.wav",142,18,2,11,4,2,1,9,2,5,2,1,8,0,2,4,1,2,2,3,7,5,4,1,5,4,3,3,1,3,1,5,4,2,3,3,4,1,5,3,2,5,3,1,6,8,9,3,2,13,9,4,4,6,3,1,3,2,1,2,4,1,6,2,5,6,1,2,1,1,1,9,3,6,6,1,3,7,0,1,0,1,6,28,3,9,3,3,2,4,1,6,2,1,1088,2,9,5,2,5,8
"52_007. Katy Perry - Dark Horse ft. Juicy J_clean_sample1.wav",142,118,2,17,17,12,1,2,4,3,3,24,4,12,2,2,2,3,2,1,3,3,11,2,2,5,4,3,2,12,2,8,7,3,2,6,4,1,10,0,1,2,15,3,11,11,40,228,1,2,23,50,34,27,14,4,10,4,8,3,17,3,1,7,2,27,2,10,4,6,1,6,11,2,6,0,7,4,9,52,2,3,9,5,3,1,8,8,1,3,14,1,3,5,1,6,2,1,3,1921,0
"24_047. Girls Talk Boys (from the Ghostbusters Original Motion Picture Soundtrack)_clean_sample2.wav",143,13,4,25,5,12,5,11,11,8,13,5,24,6,8,6,3,24,6,5,2,4,30,5,11,17,46,6,5,2,4,6,3,32,8,9,6,2,9,2,3,8,13,1,13,3,14,1,3,31,6,5,1,30,6,2,2,12,1,9,16,7,3,6,3,12,3,3,5,14,22,80,2,12,12,4,5,7,2,3,3,6,6,6,9,3,10,11,3,2,3,3265,1,2,8,3,4,2,12,13,10
"16_038. P!nk - Just Give Me A Reason ft. Nate Ruess_clean_sample2.wav",142,38,2,88,9,3,5,14,3,2,2,1,11,3,56,8,1,59,5,5,6,7,4,9,19,7,3,7,3,2,10,4,70,3,25,10,3,2,4,14,3,4,4,4,6,15,5,0,2,72,2,4,3,33,11,0,3,3,2,12,4,9,61,3,61,19,5,7,39,6,7,88,4,3687,3,5,9,25,2,22,66,1,4,24,7,2,15,4,66,2,1,5,0,1,18,2,9,12,3,2,81
"50_006. Wiz Khalifa - See You Again ft. Charlie Puth [Official Video] Furious 7 Soundtrack_clean_sample1.wav",145,27,4,120,7,7,12,39,3,5,9,36,63,15,387,10,6,1,3,16,17,10,15,4,86,12,45,10,8,5,2,19,36,10,43,4,28,1,120,167,6,5,16,3,8,42,23,13,2,200,70,6,5,16,2627,3,40,5,10,24,20,15,20,9,6,18,24,8,1,3,17,40,55,12,33,6,9,25,1,4,2,11,8,41,6,28,5,18,15,12,18,3,13,1,38,76,40,50,25,4,18
"79_095. Alan Walker - Alone_clean_sample2.wav",144,37,7,55,11,19,8,8,4,25,7,29,9,5,219,5,4,5,2,33,4,11,2,7,16,8,2,2,13,3,1,5,6,3,10,4,9,1,11,12,4,2,33,3,8,57,5,56,5,57,31,28,3,30,46,7,48,18,4801,5,26,8,1,2,16,229,2,9,4,21,10,92,4,38,13,28,3,6,1,8,0,9,10,4,17,5,24,2,1,8,4,5,2,7,164,17,1,69,51,7,28
"8_081. The Beach Boys - I Get Around_clean_sample2.wav",148,11,118,165,13,12,15,27,12,7,26,36,15,8,15,39,15,206,5,6,11,15,191,12,7,4,13,3,4,4,5,96,114,12,6,5,9,3,24,6,4,11337,14,18,7,48,125,18,18,204,56,45,19,88,21,17,5,3,5,22,27,14,8,7,16,17,2,6,3,5,2,40,45,18,84,8,8,71,4,20,7,18,20,52,20,5,35,4,6,17,9,2,6,17,6,5,62,5,106,4,17
"64_097. Nightcore - Running With the Wolves [Lyrics]_clean_sample2.wav",143,92,4,7,11,6,14,6,6,15,6,5,20,26,94,18,13,804,50,13,226,77,45,8,15,7,16,7,1,3,7,33,22,60,16,36,2,15,55,25,8,5,5,2,49,27,194,2,8,23,10,4,6,12,18,45,52,6,8,9,18,9,5,24,5,10,9,8,2,186,33,247,8,37,15,82,13266,23,2,6,30,57,16,16,13,11,4,40,12,8,2,5,24,2,8,6,27,10,23,11,5
"27_022. Major Lazer & DJ Snake - Lean On (feat. MØ) [Official Music Video]_clean_sample1.wav",145,96,3,9,2,9,11,11,5,3582,2,11,14,8,2,3,3,6,8,10,4,8,7,3,2,9,9,3,4,1,1,6,3,1,2,15,1,1,14,3,5,4,10,4,11,13,27,110,2,35,8,25,4,12,11,1,8,12,3,2,11,2,2,2,3,15,0,40,2,4,3,24,11,3,2,9,15,1,6,4,4,5,8,2,9,5,3,6,2,5,2,5,4,1,1,23,2,1,8,24,10
"82_A Lady_clean_sample2.wav",180,1209,42,676,392,26,37,22,14,60,13,10,527,30,138,281,10,28,33,75,5,12,21,13,92,24,169,29,12,21,11,91,502,8,92,488,19,3,27289,24,12,49,97,6,42,24,2988,120,9,569,76,197,87,150,35,24,46,33,80,222,28,47,276,21,277,21,14,31,25,36,187,206,226,120,174,33,6,177,8,138,5,23,8,246,123,38,60,596,10,26,14,21,7,1,11,23,520,18,567,55,78
"3_100. Owl City & Carly Rae Jepsen - Good Time (Official Video)_clean_sample1.wav",152,1282,6,1291,120,377,129,56,17,56,73,801,52,24,2113,7,196,4,3,24,11,8,5,2,625,8,4,6,296,6,2,4,35,9,329,1,143,3,9,14,1,16,6072,18,1,79,159,1668,5,72,180,232,18,77,273,11,836,300,56,86,36,75,84,36,12,1230,9,91,3,9,6,32,126,1113,17,18,35,29,6,94,2,41,106,46,275,9,4,25,3,15,25,24,3,28,1479,225,4,23,22,108,104
"32_086. Olly Murs - Grow Up (Official Video)_clean_sample2.wav",144,9,3,28,9,3,14,35,1,2,5,23,65,4,71,2,6,10,2,5,2,8,2,6,23,2,4,2,3,4,1,2,10,5,24,3,7,3,4,2,1,1,15,5,4,8,10,7,1,7,1,14,15,2,3,3,6,4,6,5,6,4,3,14,29,8,1,15,5,4,4,61,8,2,7,6,3,22,1,2108,6,5,3,14,30,7,6,4,4,15,2,6,4,1,24,48,44,9,6,5,5
"91_Greener_clean_sample1.wav",160,30,3,7,10,9,9,34,3,6,2,15,2,2,6,2,11,27,9,6,3,7,96,8,7,7,6,3,2,17,3,10,13,5,6,5,3,6,2,3,4,6,30,4,12,10,31,3,5,150,3,12,24,57,10,4,4,1,9,3,8,3,3,67,11232,4,8,12,3,11,3,21,1,2,9,37,14,10,3,22,1,3,4,10,5,7,7,4,8,4,6,2,1,1,4,4,1,18,2,3,6
"48_027. MAGIC! - Rude (Official Video)_clean_sample2.wav",235,6,0,11,1,2,2,9,2,1,0,0,2,5,4,3,1,2,1,0,4,7,1,4,1,4,1,1,3,1,6,8,3,2,2,2,2,1029,1,2,0,4,8,1,5,2,3,1,0,4,6,10,19,2,1,1,0,2,1,4,3,1,4,1,6,3,0,1,2,2,1,14,0,0,1,1,1,3,2,8,0,8,3,2,2,2,9,1,3,1,1,0,0,0,4,9,2,2,1,1,0
"47_020. Warriors (ft. Imagine Dragons)  Worlds 2014 - League of Legends_clean_sample1.wav",230,8,6,48,3,8,8,2,3,9,1,2,10,3,4,7,1,6,4,7,15,18,2,25,8,12,33,14,3,13,7,9,53,7,10,136,8,5,5,3,6,4,2,4,60,8,7,1,8,14,8,2,4,32,7,4,5,2,3,3,8,32,27,12,572,9,1,3,12,4780,37,71,4,8,11,15,8,12,3,4,2,4,3,59,2,13,17,8,25,6,2,9,8,3,7,11,9,14,6,13,7
"60_057. Get Off The Phone Song_clean_sample2.wav",221,7,2,6,1,1,1,5,1,2,2,2,3,5,3,2,1,2,0,3,1,2,21,2,2,2,1,2,1,0,4,2,4,2,1,1,1,6,3,0,1,2,0,1605,1,2,4,2,2,10,1,0,0,12,2,7,2,3,1,5,1,2,1,5,2,1,1,1,1,1,2,0,3,3,2,2,4,3,6,1,4,2,0,2,1,2,8,2,2,7,1,1,1,5,3,11,2,0,6,2,2
"41_The Bidding_clean_sample1.wav",172,269,6,214,84,3,4,4,5,2,1,2,3,6,7,4,5,2,2,2,3,16,27,4,7,5,1,2,4,15,2,54,268,15,6,6,5,2,66,2,10,7,3,5,3,4,406,2,10,130,3,20,103,206,2,16,3,4,4,11,3,2,6,3,2,6,4,3,4,7,15,17,8,21,126,11,2,152,13,6,1,10,7,196,19,1,12,3,4,1,2,4,2,2,4,3,6715,3,165,2,3
"35_036. Fall Out Boy - Centuries (Official Video)_clean_sample1.wav",147,3,4,821,3,8,4,2,4,8,1,10,7,10,160,8,1,3,15,157,0,14,3,2,5,4,5,1,2,2,0,1,9,5,5,2400,5,1,326,19,7,1,2,4,1,1,649,3,1,128,53,1,4,2,9,6,31,1,38,10,2,8,159,8,3,7,9,0,1,3,35,72,5,5,5,20,5,4,2,4,8,4,2,9,2,5,2,10,2,1,9,3,7,8,3,3,3,18,4,3,31
"95_053. Avicii - Hey Brother_clean_sample2.wav",171,42,6,309,10,28,36,10,5,11,21,29,20,98,204,21,22,36,6,3,12,12,5,20,4333,29,17,5,10,11,1,9,12,4,2249,4,90,1,51,11,2,23,78,1,8,29,41,46,1,58,19,75,4,12,67,5,17,24,21,63,10,17,4,4,35,101,3,13,13,4,4,18,31,25,9,6,27,24,1,26,1,8,10,17,35,4,1,22,1,24,14,13,2,14,130,42,8,14,12,13,16
"84_001. Anna Kendrick - Cups_clean_sample2.wav",148,3,2,7,0,5,1,1,580,1,1,1,4,2,1,2,3,1,4,2,8,2,11,1,3,4,0,2,2,2,6,5,6,1,1,3,0,2,0,1,1,3,1,2,3,3,9,2,3,18,1,2,4,5,3,1,3,1,2,2,0,2,7,3,1,1,3,1,1,0,2,0,0,11,2,3,0,1,1,1,3,2,0,2,1,6,1,1,2,0,2,0,3,1,1,6,2,0,1,8,4
"73_Turn the Lights Off_clean_sample1.wav",152,8,6,29,1,4,10,78,7,7,10,81,43,70,9,4,2,2,11,2,33,4,4,5,88,27,19,14,18,6329,14,11,44,10,88,52,2,8,39,8,5,2,27,9,26,7,31,79,6,25,32,56,7,6,32,2,5,4,5,3,28,15,15,93,25,9,2,2,59,8,14,89,7,9,2,9,18,40,4,146,1,5,19,19,103,7,52,29,1,2,2,8,8,3,8,7,3,5,3,2,17
"57_Numb_clean_sample2.wav",631,205,159,3299,924,1664,82,52,120,29,23,3,61,520,454,132,9,32,43,309,2,11,352,80,11,291,73,250,12,228,55,67,272,3426,12,701,6067,32,126,4,123,41,13,69,559,11,289,12,14,246,42,577,14,1455,864,5,17,532,53,54,256,312,228,298,8,596,65,12,70,40,438,2581,15,50,263,71,2,93,26,39,8,100,26,904,49,6,72841,230,7,10,2,32,51,13,563,49,31,45,160,4,133
"71_083. My Singing Monsters - Plant Island Theme_clean_sample1.wav",175,55,4,646,40,12,14,41,25,4,16,15,12,46,15,11,16,23,5,13,68,4,35987,10,15,12,15,11,2,12,25,296,646,4,5,9,5,6,84,7,27,37,16,20,19,17,155,30,62,76,7,9,34,285,12,6,4,17,2,13,12,6,12,43,11,97,9,10,16,111,7,168,4,8,100,15,7,273,16,17,19,20,7,83,3,272,25,15,12,12,11,54,8,15,20,22,74,14,274,12,2
"1_028. Capital Cities - Safe And Sound_clean_sample1.wav",155,10,4,46,4,4,6,13,14,1,6,4,83,6,45,17,2,16,6,34,4,5,5,19,11,4,15,2,3,22,18,23,314,2,10,93,2977,3,9,15,7,5,8,4,15,1,18,1,1,9,1,7,6,10,4,2,4,10,3,4,4,13,16,9,376,17,4,13,35,12,22,194,14,18,20,36,7,9,1,2,6,43,3,13,7,26,54,6,22,3,5,14,5,1,10,1,5,21,43,2,389
"80_077. Emeli Sandé - Hurts_clean_sample2.wav",153,14,115,908,121,89,4,124,51,56,35,7,45,54,116,90,3,46,28,42,5,29,54,52,2,67,90,70,12,31,76,158,86,440,3,84,98,20,31,57,11,5,42,12,4830,5,24,17,52,827,19,113,8,103,71,3,295,189,4,17,21,15,9,43,23,355,36,160,19,37,269,364,1,19,52,57,29,6,142,11,1,12,6,46,32,45,256,93,160,3,8,54,49,59,853,63,16,509,11,4,33
"86_019. Naughty Boy - La la la ft. Sam Smith (Official Video)_clean_sample2.wav",150,22,5,1,14,2,4,6,3,4,9,7,8,1,4,2,8,1,2,4,1,6,2,5,6,2,1,7,6,5,2,14,6,2,7,3,11,1,8,1,2,2,3,3,11,15,6,4,1,20,2,1,12,5,2,4,1,0,1,5,5,3,1,3,20,2,3,2,5,6,1,2,0,1,5,1,6,9,1,54,19,0,4,7,2,2,12,2322,1,2,2,4,2,2,2,21,7,2,2,58,7
"36_072. Jessie J - Price Tag ft. B.o.B_clean_sample2.wav",149,11,5,20,1,4,1,7,2,3,2,3,11,2,11,6,1,2,1,3,1,4,8,4,27,5,2,2,0,7,3,8,9,18,20,5,4,0,7,6,2,8,2,1,1,2,19,2,2,44,1,4,4,5,0,1,2,34,4,3,2,1,2,2,2,10,1,4,3,6,0,29,3,4,22,1,7,4,0,2,1,1,2,34,3,22,3,7,1,1,4,1,3,3,1113,1,10,8,9,3,4
"26_017. David Guetta - Titanium ft. Sia (Official Video)_clean_sample2.wav",149,45,2,6,10,57,42,3,6,0,4,6,4,3,29,5,2,3,7,21,13,2,67,3,29,2,3,4,0,8,1,10,16,8,13,1,6,4,6,2,15,3,9,2,4,36,17,54,10,44,0,1,2,7,46,3,9,5,1,2327,4,14,6,0,2,26,1,1,5,3,3,3,2,12,17,1,21,13,0,16,1,1,4,6,8,2,0,6,4,7,7,5,1,4,16,1,14,4,37,3,22
"1_028. Capital Cities - Safe And Sound_clean_sample2.wav",160,132,11,48,46,23,3,4,7,2,2,8,309,2,124,3,3,5,18,104,2,2,6,130,5,38,10,10,0,20,1,14,714,2,13,159,3676,1,40,4,5,6,1,34,58,1,20,3,28,4,2,4,4,10,35,5,2,1,5,6,3,55,15,22,759,77,9,4,10,46,30,197,53,65,8,33,3,11,1,24,2,155,4,212,5,188,84,39,31,3,1,108,6,12,5,1,10,10,254,1,345
"19_054. Owl City - When Can I See You Again (From Wreck it Ralph)_clean_sample1.wav",153,7,11,63,7,5,3,23,5,3,0,2,11,3,208,38,2,5,25,11,4,6,3,21,12,16,42,4,2,61,4,49,21,5,12,6,13,1,25,24,13,9,8,8,13,6,15,2,2,22,13,70,2,44,4,1,12,8,3,5,6,1,12,26,47,46,3,6,44,63,2390,227,3,23,23,12,6,5,2,1,2,15,1,22,1,15,16,81,3,1,2,11,36,3,20,1,7,21,11,3,7
"24_047. Girls Talk Boys (from the Ghostbusters Original Motion Picture Soundtrack)_clean_sample1.wav",157,12,7,32,7,2,3,8,16,10,3,7,14,8,8,7,2,21,6,3,3,3,46,6,16,9,4,7,5,4,4,5,6,26,11,12,13,4,5,2,3,18,13,2,12,1,14,1,3,27,12,4,1,24,6,2,4,17,2,6,19,7,6,6,2,10,3,7,3,17,13,62,1,9,10,10,3,7,0,2,1,1,2,3,9,3,7,6,3,4,3,2553,2,2,20,8,4,5,12,9,13
"38_082. Smoke and Mirrors_clean_sample1.wav",164,44,32,473,17,33,34,95,31,6,20,7,6,9,22,14,3,17,9,33,9,10,14,6,63,22,94,13,4,1,13,21,30,33,57,27,21,4,18,10,13,7,11,2,76,24,63,7,6,3407,8,63,4,28,24,2,19,29,9,6,4,12,42,3,15,344,18,3,36,5,11,563,45,50,30,17,6,21,3,8,25,16,15,13,13,12,20,21,11,2,3,10,35,2,34,11,1,17,9,1,23
"98_021. Alan Walker - Faded_clean_sample2.wav",158,798,5,497,27,6,56,14,14,20,14,4,15,38,31,16,149,1,6,6,5,12,107,4,51,50,2,5,5,22,78,90,21,22,49,1,5,6,14,0,7,4,91,6,21,62,458,427,1,46,22,5574,10,903,20,28,19,2,13,6,67,14,4,69,73,21,10,16,4,18,1,69,23,0,34,4,5,29,29,90,2,3,29,32,9,9,4,28,8,48,26,1,1,84,54,20,2,4,169,27,6
"52_007. Katy Perry - Dark Horse ft. Juicy J_clean_sample2.wav",149,7,1,20,7,3,3,4,4,7,3,4,7,6,6,6,1,1,1,2,4,12,4,4,16,25,8,2,5,5,27,21,8,6,15,2,2,1,5,3,3,2,5,1,3,3,11,10,3,5,11,108,4,11,8,2,4,5,3,1,3,2,4,3,4,4,2,1,2,3,6,70,1,3,1,2,7,5,3,3,8,2,6,30,2,4,8,40,5,2,6,6,2,1,4,1,3,6,2,3811,5
"75_078. Kungs vs Cookin on 3 Burners - This Girl (Official Music Video)_clean_sample2.wav",147,44,9,176,17,10,4803,2,4,1,6,18,55,3,2,5,11,4,7,2,2,4,25,4,10,9,5,5,2,3,1,4,7,20,10,3,6,2,91,3,2,6,85,25,2,16,21,43,5,36,33,7,5,10,5,5,12,9,5,5,8,22,9,2,7,37,1,1,6,6,2,41,34,34,10,3,3,108,8,27,2,6,2,22,27,19,16,4,6,20,4,2,1,2,4,5,10,5,6,2,10
"34_The Trap_clean_sample1.wav",201,578,6,86,146,6,13,12,18,14,10,8,13,19,15,26,26,7,4,50,35,13,51,10,10,5,4,10,19,31,9,133,361,4,8,29,5,4,227,9,3,47,15,7,7,33,41575,20,34,371,4,40,52,327,13,10,6,16,3,31,10,4,4,3,46,33,6,12,6,6,2,24,45,99,567,5,10,403,20,40,2,6,3,423,8,2,16,8,4,5,4,3,9,3,8,15,935,3,398,12,8
"10_012. Calvin Harris - I Need Your Love (Official Video) ft. Ellie Goulding_clean_sample2.wav",167,50,53,21,3,6,5,9,12,4,4,6,54,12,0,11,5,20,2,10,2,15,2,2,48,7,12,0,6,12,1,6,6,10,52,3,28,3,12,60,5,5,50,3,5,14808,26,4,39,16,22,164,3,18,20,17,70,16,14,14,9,15,0,3,6,21,1,3,2,2,24,12,20,8,13,72,12,37,0,18,1,8,4,14,7,423,1,5,3,7,2,3,0,9,12,5,11,23,168,6,8
"59_014. Avicii - Hey Brother (Lyric)_clean_sample1.wav",170,30,3,9,18,6,19,1,8,32,111,25,37,38,16,41,10,13,19,2,11,20,33,1,980,2,33,2,2,4,5,4,7,11,2573,2,10,3,29,11,2,4,26,2,2,20,11,6,4,79,64,7,3,20,12,1,16,14,8,18,12,9,12,9,22,73,1,9,412,7,3,237,60,5,7,5,14,22,1,15,12,15,3,13,41,20,4,9,3,3,3,18,3,2,20,1,3,12,43,2,20
"40_052. Lindsey Stirling - Moon Trance (Official Music Video)_clean_sample1.wav",168,58,30,551,13,4,3,232,4,1,2,13,51,8,233,200,3,138,18,6367,1,47,5,41,24,24,58,7,7,57,218,32,330,16,12,404,101,6,50,41,114,3,2,22,68,3,44,3,25,146,25,30,17,49,8,1,2,1,11,2,6,31,16,30,1738,85,14,2,19,309,337,1874,25,52,589,303,6,26,21,7,2,78,32,201,4,9,93,52,808,1,0,26,132,2,455,1,13,50,297,3,59
"10_012. Calvin Harris - I Need Your Love (Official Video) ft. Ellie Goulding_clean_sample1.wav",166,50,52,21,3,6,4,9,11,4,3,6,54,9,3,11,6,21,2,14,2,9,2,2,48,3,12,1,2,12,0,5,8,10,52,3,28,3,12,57,8,7,50,3,5,15327,26,4,58,23,22,181,3,27,20,15,59,4,49,14,9,15,2,3,6,21,1,1,4,1,24,12,31,8,13,33,12,37,0,17,3,8,9,16,7,400,1,6,2,5,2,3,0,9,12,17,11,21,165,6,8
"17_084. Thomas Rhett - Crash and Burn_clean_sample1.wav",152,8,2,44,3,8,23,1,13,24,14,2,24,2,4,52,2415,1,8,26,6,12,1,3,23,4,46,2,3,9,1,7,10,2,17,1,15,3,13,5,14,8,21,1,8,4,10,28,1,5,26,19,2,5,17,15,36,5,19,20,24,4,5,1,3,1,1,1,11,44,0,150,30,4,7,1,21,99,1,9,2,10,4,3,18,9,5,23,1,10,3,7,1,6,5,3,3,1,37,10,41
"51_088. Steven Universe - We Are The Crystal Gems_clean_sample1.wav",154,44,15,21,4,2,51,4,8,2,4,0,119,7,2,14,9,3,1,1,5,3,8,10,7,66,3,40,1,3,2,34,4,3,55,9,32,1,8,3,1,13,8,10,2,3,44,23,1,14,67,85,2,32,16,25,3,38,6,9,32,32,1,21,9,92,2,9,5,44,1,206,6542,4,11,4,2,127,0,22,11,2,84,767,132,23,98,510,10,2,1,1,3,161,9,2,5,1,10,1,3
"15_060. My OCD (Song)_clean_sample2.wav",160,24,34,28,6,6,6,19,8,9,7,7,2269,66,11,12,1,35,10,8,3,7,8,90,20,5,19,18,9,21,15,118,12,3,26,4,15,8,9,15,25,3,7,19,51,2,19,33,8,186,5,8,30,6,10,2,115,65,5,2,13,3,5,19,8,216,23,39,14,2,33,11,2,2,5,40,4,3,15,26,4,8,2,56,8,18,18,23,4,4,28,6,40,4,327,8,3,50,6,56,6
"25_035. Alan Walker - Sing Me To Sleep_clean_sample2.wav",157,22,10,96,2,5,3,27,5,17,5,1,23,8,77,75,9,14,9,70,1,4,4,6,33,6,23,5,3,18,27,3,13,6,27,20,6,1,39,18,18,7,10,8,44,32,42,1,3,35,12,17,3,25,12,1,13,20,5,5,4,8,4,1,23,29,8,13,15,17,33,136,46,9,24,17,11,14,2,6,2,7,4,53,3,103,2,20,143,9,2,8,16,1,17,3,2,2507,28,11,13
"25_035. Alan Walker - Sing Me To Sleep_clean_sample1.wav",152,113,48,153,42,55,6,59,8,73,4,8,30,9,53,25,12,15,35,15,5,2,29,21,39,19,94,39,8,5,8,52,41,49,67,8,50,1,8,14,2,3,33,2,49,24,11,11,11,268,5,3,5,9,21,12,256,78,15,12,14,25,33,7,63,388,35,27,44,69,40,167,3,11,19,20,9,81,1,4,33,2,4,32,74,11,44,10,33,7,4,9,4,4,229,19,3,1232,11,23,53
"8_081. The Beach Boys - I Get Around_clean_sample1.wav",159,9,8,47,7,6,8,4,9,1,4,4,14,19,7,15,5,40,4,5,3,8,16,17,9,9,6,79,7,3,7,36,71,10,17,26,5,1,10,6,4,9082,37,11,14,9,30,4,4,65,8,17,10,23,5,6,4,5,2,4,13,3,11,2,16,9,5,9,28,5,3,152,18,18,23,20,6,24,4,9,7,5,4,28,6,3,26,7,5,7,3,3,3,31,4,5,20,3,26,14,7
"20_Never Meant to Know_clean_sample1.wav",207,649,10,182,403,7,10,16,4,38,6,11,12,8,29,51,208,21,4,21,6,8,26,9,11,18,27,19,10,29,52,69,584,24,12,42,6,4,174,7,22,28,10,6,15,3,490,10,26,1274,10,94,91,12160,9,10,13,19,2,51,10,6,14,6,27,33,6,3,59,16,66,66,19,112,342,48,3,310,3,7,2,8,8,677,19,18,32,10,103,3,29,15,15,2,19,12,830,23,587,10,9
"75_078. Kungs vs Cookin on 3 Burners - This Girl (Official Music Video)_clean_sample1.wav",156,27,9,176,17,11,3842,1,1,2,4,18,42,9,1,6,12,4,10,1,2,2,20,4,9,9,6,5,2,5,2,7,6,25,9,3,8,2,127,3,2,9,95,24,2,16,17,52,8,36,33,8,5,7,7,3,12,9,7,7,5,22,13,2,4,30,1,2,5,6,1,41,34,41,8,4,6,146,8,31,3,12,2,22,21,17,23,4,9,25,3,1,0,3,8,7,10,4,8,1,18
"21_085. Janji ft. Johnning - Heroes Tonight 1 HOUR_clean_sample2.wav",268,2528,5,373,793,6,22,7,6,43,1,8,57,18,11,16,13,5,4,6,4,4,68,4,28,2,6,10,5,88,14,396,1618,29,35,9,8,6,288,9,15,51,7,13,16,6,733,9,7,2578,3,29,170,391,19,10,8,24,3,41,13,3,9,4,8,9,3,5,12,7,2,19,24,265,491,4,36,444,8,5,4,3,5,702,10,8,50,3,5,10,3,8,10,16,16,11,1592,9,1361,9,5
"101_070. Eminence - Knock Me Out (feat. Anna Cyzon) [Monstercat Official Music Video]_clean_sample1.wav",313,1371,63,531,995,44,21,414,16,67,7,47,171,11,123,67,13,27,27,67,11,37,105,195,29,238,13,67,5,37,6,637,64658,77,13,283,163,14,1022,33,46,104,27,40,72,7,1523,9,99,7525,54,35,378,750,86,26,60,40,97,115,13,126,10,83,1822,78,7,5,47,98,56,175,312,486,909,48,48,1211,7,77,8,79,27,892,53,5,165,68,32,15,5,72,50,28,206,33,2836,28,2585,20,66
"55_009. Taylor Swift - Shake It Off_clean_sample2.wav",149,38,10,250,19,1,3,44,3,8,1,1,9,3,53,113,1,36,5,42,2,3,4,12,5,10,60,4,0,10,86,6,48,6,3,60,11,0,19,2064,41,4,3,1,42,2,14,0,13,35,32,28,2,21,14,1,14,1,3,1,2,6,22,5,57,64,10,4,12,52,110,300,4,5,108,32,2,32,4,3,7,15,3,48,1,17,2,6,266,3,3,21,32,2,39,3,15,33,13,0,29
"64_097. Nightcore - Running With the Wolves [Lyrics]_clean_sample1.wav",152,16,2,13,7,3,3,9,2,4,26,5,19,5,121,14,7,29,2,37,13,16,9,2,24,1,4,6,2,1,2,16,4,3,21,106,3,11,34,53,11,22,6,2,22,36,213,4,14,49,10,15,3,6,12,14,46,3,4,1,4,80,2,7,4,16,4,8,8,9,9,695,4,9,12,2,4154,14,2,2,0,9,7,9,11,7,6,18,108,11,6,4,3,2,11,7,6,18,3,3,5
"55_009. Taylor Swift - Shake It Off_clean_sample1.wav",156,79,17,72,48,32,28,239,15,22,12,23,403,20,2340,42,9,13,15,120,6,6,5,14,106,48,48,29,26,4,3,57,11,11,106,12,24,1,794,5406,41,4,75,5,78,36,40,31,14,1089,165,44,2,22,178,2,309,47,11,18,12,1,9,16,12,100,71,33,5,9,66,261,111,142,21,60,48,9,14,5,10,121,8,8,63,97,10,116,18,6,6,34,12,8,135,55,6,98,51,4,49
"20_Never Meant to Know_clean_sample2.wav",220,485,19,137,219,11,7,7,14,8,3,7,21,6,8,4,13,21,4,8,3,7,67,7,13,4,7,2,18,96,5,161,940,25,17,7,13,2,191,20,10,37,9,5,16,6,472,9,53,924,2,10,287,26702,15,13,6,6,11,39,9,5,5,8,12,8,10,3,7,6,4,12,16,141,384,4,4,448,4,33,19,4,12,464,6,17,8,9,11,5,2,16,16,2,17,10,651,9,576,23,15
"68_055. Madness - Our House (Official 4K Video)_clean_sample2.wav",151,6,16,6,17,4,27,23,4,1,5,1,4,5,1,8,1,3,4,3,2,19,0,4,18,11,5,3,8,2,4,8,23,4,4,4,1,1,4,1,1,3,2,2,1,8,58,16,12,20,15,15,4,50,11,1,3,1,4,8,2,0,5,7,5,12,1,1,6,4,0,40,28,3,3,0,9,2,6,1,3,11,1787,2,1,5,4,14,3,1,2,1,1,0,10,2,1,4,15,2,3
