"79_095. Alan Walker - Alone_noise_-10dB_sample1.wav",228,3,52,4,2,5,11,2,2,1,2,2,2,6,33,1,11,173,113,77,1,55,44,3,73,2,1,2,6,0,11,11,44,6,4,3,1,1,3,7,0,2,6,1,2,3,104,2,1,6,3,11,11,16,4,2,7,26,179,4,2,0,1,2,1,1,0,13,0,2,2,4,0,6,48,17,1,18,2,8,3,17,1,6,2,34,4,1,3,1,1,2,1,2,69,2,54,20,8,2,8
"42_046. Meghan Trainor - NO_noise_-10dB_sample2.wav",202,3,48,4,1,2,12,1,2,0,2,2,1,1,3,3,13,173,138,77,3,66,48,2,66,2,1,0,181,2,11,11,44,2,4,4,1,0,4,1,2,2,0,1,4,3,104,4,5,2,1,11,11,2,1,0,0,22,0,1,0,6,0,3,2,1,0,13,2,0,2,6,0,0,52,11,0,14,2,4,0,15,3,6,1,25,2,3,3,1,0,1,1,1,77,2,52,4,2,2,2
"46_032. Katy Perry - Wide Awake (Official Video)_noise_-10dB_sample2.wav",217,0,44,4,0,58,11,0,1,1,3,1,4,1,26,0,11,179,99,67,3,46,44,3,46,5,0,4,2,0,11,11,28,4,12,3,0,0,26,2,0,6,0,1,2,1,97,0,0,1,1,11,12,8,0,0,0,22,0,0,0,6,6,6,0,0,0,11,0,1,0,0,0,3,52,15,4,21,1,6,0,15,2,3,0,40,5,6,6,1,3,2,1,2,57,1,51,4,6,0,6
"102_018. Shawn Mendes - Stitches (Official Music Video)_noise_-10dB_sample1.wav",201,2,26,4,1,14,5,1,0,0,1,159,1,6,4,1,9,157,42,62,0,37,27,4,35,6,0,0,4,1,3,11,38,6,5,5,0,0,0,0,0,2,6,0,2,5,51,5,0,28,1,11,9,12,1,0,3,19,3,4,1,6,1,0,2,3,0,5,0,2,0,0,3,14,26,9,0,14,4,8,1,13,3,5,2,28,0,2,0,2,0,0,1,3,39,1,34,6,7,3,1
"59_014. Avicii - Hey Brother (Lyric)_noise_-10dB_sample2.wav",189,233,48,5,2,4,45,1,1,2,5,1,60,66,18,4,11,173,120,77,2,56,48,2,2589,3,60,1,2,3,11,11,26,31,3676,3,25,0,4,0,2,6,57,1,2,8,94,9,1,160,1,57,11,8,39,1,4,52,4,18,15,3,2,6,10,74,4,12,1,0,2,1,2,4,58,17,1,32,1,4,1,21,14,102,49,31,3,3,3,206,0,2,2,4,138,1,55,9,9,17,2
"71_083. My Singing Monsters - Plant Island Theme_noise_-10dB_sample1.wav",182,51,52,162,1,3,11,34,2,2,2,2,4,8,3,1,11,149,83,71,141,47,2543,8,48,6,2,1,1,0,11,11,24,41,4,12,2,0,4,1,0,3,2,2,1,0,88,0,5,47,1,11,11,2,0,0,4,26,0,2,1,33,2,1,8,178,4,12,0,1,3,10,0,6,48,30,0,11,3,12,48,15,2,171,1,51,4,2,10,2,0,5,1,13,61,0,46,8,10,3,1
"31_058. Rub Some Bacon on It_noise_-10dB_sample1.wav",185,2,84,1279,60,124,12,21,7,12,0,2,3,0,88,4,15,161,136,77,3,65,48,6,80,91,1,25,2,3,11,30,30,1155,6,7,52,0,0,8,1,2,1,0,57,0,100,1,4,3,13,13,11,273,73,1,1,28,0,1,0,2,13,131,2,23,1,12,14,1,7,133,0,3,59,21,0,15,18,16,0,17,9,39,2,31,26,110,2,2,0,8,2,5,77,2,57,5,14,1,8
"1_028. Capital Cities - Safe And Sound_noise_-10dB_sample2.wav",185,3,50,2,0,4,11,1,0,1,0,2,2,1,3,5,12,166,107,77,2,64,62,5,63,3,0,1,3,1,11,11,34,3,6,5,29,0,0,1,2,2,2,2,1,0,92,0,0,0,1,11,11,7,0,0,2,23,0,2,1,4,2,2,0,0,1,13,1,1,3,2,2,3,56,21,0,14,2,5,0,17,0,1,1,31,4,1,1,1,2,2,2,2,72,1,63,5,16,1,2
"81_013. Passenger  Let Her Go (Official Video)_noise_-10dB_sample1.wav",180,0,46,5,0,5,11,0,2,2,0,1,0,1,1,0,11,179,121,74,6,58,44,4,67,4,1,5,3,0,11,11,32,4,6,2,1,0,2,0,1,3,1,0,3,0,113,0,0,0,0,11,11,16,1,0,0,28,0,4,0,6,168,2,1,1,0,13,0,1,2,2,0,6,54,17,2,12,2,12,1,17,1,2,1,28,2,0,4,2,2,2,4,4,75,3,56,5,5,2,55
"30_Cannibal_noise_-10dB_sample1.wav",189,45,54,556,28,8,29,108,25,3,0,2,24,1,48,14,10,154,110,81,0,33,771,34,1136,27,445,0,2,10,49,16,34,78,967,32,31,2,36,18,32,16,9,3,3,3,310,0,36,488,113,11,16,4354,27,8,4,22,9,16,0,218,6,7,104,988,131,45,50,66,21,1367,2,28,58,21,3,48,5,7,16,18,0,24486,45,145,60,142,8,1,7,61,23,8,52,2,48,8,16,3,43
"40_052. Lindsey Stirling - Moon Trance (Official Music Video)_noise_-10dB_sample1.wav",176,3,58,335,0,4,13,55,50,0,0,2,6,3,54,6,14,157,132,532,0,66,46,31,78,3,5,2,2,28,25,11,32,12,3,75,6,0,21,2,14,4,0,2,24,0,94,0,0,52,0,11,15,175,2,3,3,37,0,8,8,4,7,4,185,1,4,14,23,165,18,42,5,6,48,23,1,17,5,22,21,18,0,111,0,25,156,1,4,2,0,21,14,5,77,1,56,14,7,0,10
"6_043. Wintergatan - Marble Machine (music instrument using 2000 marbles)_noise_-10dB_sample1.wav",178,60,46,35,34,2,21,8,2,4,4,7,4,0,1061,3,13,170,132,73,6,65,49,4,74,6,2,7,3,5,11,11,43,4,7,4,35,1,4,3,0,2,56,1,4,6,110,4,0,3,1,11,11,33,11,2,1,94,1,13,4,13,1,4,20,54,0,11,0,1,2,10,2,2,53,19,0,15,0,17,0,16,0,7,2,31,6,5,2,1,13,2,6,3,85,2,56,5,8,37,5
"10_012. Calvin Harris - I Need Your Love (Official Video) ft. Ellie Goulding_noise_-10dB_sample2.wav",178,2,48,4,3,4,11,0,2,1,3,1,4,1,1,6,11,163,117,72,2,44,44,4,61,4,0,2,2,0,11,11,32,14,20,3,1,0,8,0,1,7,1,2,0,125,90,1,0,1,1,11,11,8,1,0,1,25,0,4,1,2,2,1,1,8,1,12,2,1,4,0,0,3,52,17,0,12,1,12,0,13,0,4,8,34,2,1,5,2,1,1,6,3,57,0,54,2,6,0,4
"25_035. Alan Walker - Sing Me To Sleep_noise_-10dB_sample2.wav",183,0,44,7,1,4,18,0,0,2,0,1,0,0,6,0,13,143,132,77,3,60,44,5,69,2,1,0,1,1,11,11,37,6,1,5,0,0,8,0,2,1,0,1,2,0,106,1,0,9,0,11,11,8,0,0,0,25,0,2,0,2,7,2,1,1,1,12,2,2,2,7,0,3,60,23,0,15,2,8,2,19,0,3,3,31,6,6,5,1,0,2,12,5,77,2,53,205,16,0,21
"43_098. Nightcore~ The Wolf_noise_-10dB_sample1.wav",201,4,44,10,0,6,10,1,2,2,1,1,1,2,1,2,12,161,106,72,2,55,38,6,48,4,1,1,1,0,10,11,31,2,5,11,0,0,0,0,1,2,5,4,2,1,88,1,0,2,1,11,11,7,0,2,1,24,0,11,0,10,2,2,0,0,2,9,0,2,6,1,0,7,64,27,1,13,4,8,2,21,0,5,0,31,7,0,2,2,0,4,2,4,50,130,54,12,26,1,2
"86_019. Naughty Boy - La la la ft. Sam Smith (Official Video)_noise_-10dB_sample1.wav",201,2,45,3,1,4,8,2,2,2,0,1,1,1,6,1,14,158,83,74,3,48,30,4,52,3,1,5,4,23,16,11,32,5,11,12,2,1,0,2,2,1,2,1,2,2,122,0,0,1,2,11,11,4,1,0,0,24,1,1,0,2,1,9,1,13,7,12,16,2,12,1,1,12,48,27,2,10,4,29,1,16,2,27,3,28,7,190,2,1,1,0,4,2,55,1,56,4,24,2,2
"40_052. Lindsey Stirling - Moon Trance (Official Music Video)_noise_-10dB_sample2.wav",183,1,48,5,1,3,11,1,3,2,1,2,2,1,0,0,12,146,104,98,3,56,44,6,67,3,1,0,2,2,11,11,34,4,2,4,0,0,4,0,0,2,0,1,1,11,103,0,0,1,0,11,11,4,3,0,2,28,0,2,0,2,2,1,1,0,1,11,0,0,2,0,0,3,48,17,0,12,2,12,0,13,0,1,3,31,6,2,1,0,0,1,9,3,68,0,46,12,9,0,2
"89_091. Faster Car - Anders Lystell feat. Kaliber [EPIDEMIC SOUND] (Lyrics)_noise_-10dB_sample1.wav",202,5,48,8,0,1,12,0,1,1,0,1,8,1,1,0,12,143,129,77,0,43,64,4,67,4,0,11,3,1,15,11,34,4,6,3,0,0,2,0,0,0,0,1,4,1,103,1,0,0,0,11,201,4,1,0,1,25,0,2,1,3,2,0,1,0,0,11,0,1,0,0,3,3,64,17,1,14,1,7,0,18,0,9,1,28,4,2,1,0,2,0,2,2,77,1,59,4,8,1,2
"34_The Trap_noise_-10dB_sample1.wav",195,13,46,2,4,5,11,0,1,0,2,1,1,1,12,2,13,167,132,66,3,66,44,3,58,3,1,2,2,1,11,11,26,3,6,5,4,3,2,1,0,3,3,0,3,16,991,21,0,5,1,11,11,7,3,0,1,25,5,6,1,2,2,0,2,2,1,11,0,3,4,1,2,3,60,13,1,13,1,4,0,16,3,7,3,28,4,1,2,3,1,2,2,2,77,1,56,8,9,1,3
"71_083. My Singing Monsters - Plant Island Theme_noise_-10dB_sample2.wav",215,51,40,207,2,4,7,13,1,1,0,1,4,15,20,0,8,147,46,66,2,51,1486,7,32,10,6,0,2,15,6,24,20,3,9,7,9,0,5,5,5,4,0,1,9,0,54,0,0,9,1,11,8,6,1,0,0,21,0,2,0,21,4,20,14,169,4,7,0,0,9,13,0,6,28,16,3,11,3,16,10,9,0,24,1,47,2,4,9,16,1,6,3,1,49,0,44,7,23,1,1
"64_097. Nightcore - Running With the Wolves [Lyrics]_noise_-10dB_sample1.wav",169,1,44,6,0,3,11,0,2,2,0,2,3,9,2,0,12,163,120,73,3,52,46,5,67,5,0,2,4,1,11,11,32,4,12,3,0,0,4,1,1,4,0,5,1,0,90,0,1,0,0,11,11,14,0,0,0,22,0,2,1,6,1,0,6,0,0,11,0,0,4,1,1,6,57,21,137,16,1,28,2,18,0,4,1,28,4,0,1,2,2,2,5,3,65,2,71,4,14,1,4
"9_034. Pitbull - Timber (Official Video) ft. Ke$ha_noise_-10dB_sample1.wav",205,3,44,6,1,4,12,0,2,1,4,4,2,1,3,3,11,177,105,67,0,43,66,3,62,4,3,2,2,2,356,11,34,6,9,4,0,0,0,2,1,1,0,1,2,0,96,3,0,1,0,11,11,15,1,1,1,22,1,2,0,4,1,2,2,8,0,11,1,1,2,0,0,3,58,21,12,15,2,14,0,16,0,12,1,34,6,26,2,1,0,0,2,2,58,0,56,4,12,10,2
"105_101. Yann Tiersen - Comptine d`un autre ete - l`apres-midi_noise_-10dB_sample1.wav",171,1,52,104,3,1,12,0,2,11,0,2,6,1,34,7,13,173,138,77,0,66,60,13,77,4,139,2,2,2,37,11,37,21,15,12,6,1,135,24,14,1,1,0,15,0,102,0,0,8,3,11,11,1564,10,14,0,29,2,2,0,9,9,5,1,13,39,13,18,107,20,10406,0,1,56,17,0,14,2,14,0,15,1,684,6,53,4,86,1,0,4,105,4,4,77,1,52,12,4,1,13
"51_088. Steven Universe - We Are The Crystal Gems_noise_-10dB_sample2.wav",177,3,44,6,0,4,7,2,0,1,1,1,1,1,2,1,7,143,61,68,1,41,24,6,32,3,3,2,2,1,5,11,19,3,12,12,1,0,7,0,0,2,2,1,2,0,71,3,0,1,0,11,6,7,0,0,1,14,0,3,1,3,3,2,6,10,6,6,1,3,2,0,264,6,34,19,2,7,2,8,2,12,0,1,2,34,4,1,3,2,0,1,3,1,39,0,38,8,15,0,2
"104_024. twenty one pilots Stressed Out [OFFICIAL VIDEO]_noise_-10dB_sample2.wav",173,3,52,36,0,6,12,3,2,1,0,9,6,2,1,8,11,164,104,72,0,33,48,4,61,3,32,0,2,3,15,11,33,23,6,8,9,0,6,3,6,4,0,5,3,0,80,1,3,1,0,11,12,357,0,1,1,37,0,5,1,7,2,2,1,15,525,13,4,3,10,46,0,6,50,19,1,11,3,15,1,15,0,52,0,34,2,6,5,1,1,5,14,6,61,1,48,11,11,1,16
"32_086. Olly Murs - Grow Up (Official Video)_noise_-10dB_sample2.wav",167,18,44,10,1,5,19,0,0,1,0,5,1,2,2,3,12,167,140,77,2,66,44,3,72,3,0,2,2,0,11,11,27,2,6,3,1,1,7,0,0,2,4,3,2,1,108,65,0,2,22,16,11,3,3,0,8,25,8,4,5,4,0,4,0,1,1,11,0,0,6,0,2,0,56,11,1,16,1,197,5,15,2,1,2,34,2,5,9,2,1,2,2,3,77,1,55,4,2,3,6
"63_087. Anaconda - Nicki Minaj  The Fitness Marshall  Dance Workout_noise_-10dB_sample2.wav",216,8,52,8,16,11,12,6,9,1,6,10,29,12,13,6,13,163,112,67,1,66,46,10,67,9,8,6,3,1,11,11,31,8,6,12,3,2,1,4,4,8,4,1,10,2,90,7,0,11,2,11,13,4,0,0,14,33,3,14,7,8,3,8,0,5,4,13,6,15,14,3,2,3,52,19,5,15,73,15,4,22,8,0,17,28,4,3,8,3,3,10,11,6,75,6,59,10,17,23,9
"79_095. Alan Walker - Alone_noise_-10dB_sample2.wav",308,2,48,5,6,5,11,3,2,2,2,3,2,13,25,1,11,153,106,76,0,38,50,5,65,4,1,2,2,1,13,11,31,4,6,8,0,0,4,4,0,2,5,1,1,2,86,43,0,58,0,11,11,2,5,0,1,25,199,2,6,2,2,2,1,27,1,13,0,1,2,3,0,6,52,19,1,13,2,2,0,17,1,2,7,31,4,1,1,2,2,0,2,2,69,2,48,8,16,3,1
"47_020. Warriors (ft. Imagine Dragons)  Worlds 2014 - League of Legends_noise_-10dB_sample1.wav",270,4,9,4,1,3,7,0,2,4,0,3,0,2,0,0,8,143,33,49,5,35,15,4,22,5,0,0,3,2,3,11,12,3,7,4,0,0,0,0,1,5,2,0,1,0,38,0,0,3,1,11,6,3,0,1,0,3,0,2,0,4,1,4,7,0,0,2,2,407,5,1,0,4,22,7,0,10,1,2,1,9,0,4,1,31,2,2,1,3,0,0,3,2,26,0,17,5,5,2,4
"38_082. Smoke and Mirrors_noise_-10dB_sample1.wav",192,2,40,321,6,5,16,21,17,2,55,44,539,0,957,454,44,165,93,2645,8,65,42,43,1647,7,28,0,2,18,9,11,27,1384,1078,3,55,0,11,0,9,4,3,4,6,1481,104,1,0,6366,20,11,11,79,22,5,1,20,22,10,1,5,2,2,143,14,28,11,1,66,15,27,6,13,66,12,0,493,2,22,4,26,11,156,33,255,100,1,3,5,2,6,4,5,66,0,45,88,5,1,22
"33_076. Galantis - Firebird (Official Audio)_noise_-10dB_sample2.wav",180,3,48,5,2,4,12,0,1,4,1,4,2,2,0,3,12,173,133,74,3,68,72,2,69,4,1,0,3,1,11,11,28,3,5,2,1,1,2,1,0,3,2,2,1,6,116,1,0,0,1,11,12,7,0,0,1,27,0,12,223,4,5,0,1,0,1,12,0,2,2,0,1,0,68,12,2,16,2,4,0,17,3,4,1,26,4,3,3,0,0,2,2,3,77,1,61,4,4,2,6
"18_044. tony igy-stop in my mind_noise_-10dB_sample2.wav",168,1,44,4,0,5,13,0,2,1,1,2,3,2,1,4,11,173,104,69,0,48,48,5,58,3,0,2,2,0,11,480,28,2,6,9,0,0,1,0,0,1,0,1,2,1,78,1,0,2,2,11,11,8,0,0,1,22,0,6,0,4,3,2,0,0,0,11,0,0,2,0,1,3,54,23,1,13,2,2,0,22,0,0,2,31,2,1,2,0,0,0,2,2,58,1,52,5,22,1,3
"36_072. Jessie J - Price Tag ft. B.o.B_noise_-10dB_sample2.wav",203,88,53,57,5,3,13,1,1,2,9,3,3,4,55,0,12,181,134,77,4,66,50,2,213,13,1,2,3,0,11,11,34,4,160,2,9,1,0,1,2,1,70,2,2,5,114,14,2,17,4,11,11,14,39,2,2,161,4,24,2,2,10,2,2,107,1,15,2,2,4,0,6,6,57,12,1,22,1,6,2,15,2,5,11,35,9,3,4,4,1,2,2,5,1351,2,61,4,6,67,4
"66_Cruel_Summer_noise_-10dB_sample1.wav",310,1,50,6,3,2,4,9,1,1,1,2,2,2,2,3,13,143,64,67,0,56,34,5,37,4,1,2,8,0,5,12,16,8,3,5,1,2,2,1,2,2,4,0,2,1,67,2,211,7,1,11,13,5,3,0,2,11,1,7,0,2,1,1,3,2,2,6,0,1,4,42,2,3,31,15,1,13,3,13,3,11,2,0,2,31,4,1,2,1,2,2,2,2,29,0,26,9,3,2,2
"98_021. Alan Walker - Faded_noise_-10dB_sample1.wav",295,74,44,6,1,5,15,2,2,2,0,1,1,2,2,0,13,163,107,67,3,41,52,3,69,8,1,4,4,1,13,11,30,6,72,10,1,1,6,1,1,4,26,2,3,5,86,75,0,32,2,849,13,4,28,1,0,25,1,2,7,4,1,4,3,17,1,11,1,0,4,0,1,6,61,19,1,16,3,6,0,19,3,3,1,28,4,2,1,1,1,2,4,3,57,2,58,4,14,4,2
"98_021. Alan Walker - Faded_noise_-10dB_sample2.wav",265,4,50,3,1,3,11,15,2,4,2,1,1,20,3,3,13,174,132,66,2,66,44,2,58,4,8,0,2,0,11,11,28,8,5,3,1,1,3,0,0,1,5,5,2,4,89,34,0,9,26,215,13,39,0,2,6,31,0,6,2,4,0,0,3,3,6,14,3,1,0,13,0,3,52,15,1,14,2,8,4,13,0,18,1,25,4,0,1,2,0,1,1,6,63,0,50,4,4,1,0
"75_078. Kungs vs Cookin on 3 Burners - This Girl (Official Music Video)_noise_-10dB_sample2.wav",198,3,48,3,2,1,157,1,1,2,1,3,1,1,8,1,12,173,135,77,3,65,46,3,70,4,2,0,2,1,13,11,28,19,6,3,2,0,4,0,0,1,1,0,1,18,100,0,0,6,23,11,13,2,1,0,1,31,3,4,2,4,2,0,1,2,0,12,1,1,8,0,1,5,56,17,1,13,1,8,4,15,1,2,1,28,4,1,0,0,2,8,9,4,77,2,56,4,8,1,2
"80_077. Emeli Sandé - Hurts_noise_-10dB_sample1.wav",247,1,33,53,9,29,12,2,3,3,0,4,36,5,11,7,10,173,65,66,3,48,45,4,50,7,0,12,3,21,7,11,24,42,8,5,20,0,3,1,1,2,1,2,495,2,95,1,2,2,0,11,10,27,21,0,1,16,1,2,0,4,8,11,1,3,2,202,4,1,6,18,1,5,44,13,2,16,4,2,1,13,2,15,1,28,4,12,2,6,1,2,4,5,52,1,56,6,6,31,3
"69_066. Jessie J - Bang Bang ft. Ariana Grande, Nicki Minaj_noise_-10dB_sample1.wav",237,1,52,5,0,2,7,1,2,2,1,4,1,1,2,0,12,170,59,66,5,65,25,3,34,3,1,0,4,0,3,11,18,8,9,4,1,2,1,0,1,1,0,0,3,1,51,3,0,5,1,11,19,5,0,49,3,13,5,14,0,4,1,6,0,7,1,5,1,0,2,0,0,5,31,11,1,14,4,8,0,11,3,3,9,29,1,2,9,6,0,2,1,1,50,2,32,7,9,2,2
"100_059. Nilla Wafer Top Hat Time  Song - Rhett & Link_noise_-10dB_sample2.wav",229,3,44,4,0,3,17,0,1,2,0,2,1,0,1,0,12,171,104,68,3,64,44,7,66,4,0,0,5,5,11,11,38,11,2,12,0,1,60,1,5,2,1,1,2,0,103,0,0,2,0,11,11,17,0,1,2,40,0,6,0,1,2,2,0,0,0,12,1,2,2,0,1,5,49,17,0,15,8,2,2,17,1,11,2,28,6,1,222,1,0,1,1,7,77,2,59,4,12,0,2
"103_037. Calvin Harris, Rihanna - This Is What You Came For (Official Video) ft. Rihanna_noise_-10dB_sample1.wav",225,2,32,14,3,3,8,6,1,3,0,2,1,1,23,1,13,173,84,69,1,58,39,5,60,4,1,2,4,2,9,11,45,10,15,7,8,0,0,4,2,2,1,2,2,1,101,1,0,23,9,11,10,4,0,1,1,22,0,2,1,3,4,8,26,6,0,8,0,5,9,10,1,3,51,19,1,17,2,8,1,17,0,26,1,28,4,16,2,1,1,2,4,4,63,1,49,3,9,1,338
"96_089. American Boy by Estelle and Kanye West_noise_-10dB_sample2.wav",201,3,44,6,0,5,11,3,1,3,0,3,1,3,3,2,12,173,94,77,2,46,48,5,50,6,1,4,1,1,11,11,26,8,8,9,2,4,5,6,1,1,2,4,2,1,76,1,0,3,5,11,11,3,1,1,2,25,2,1,1,4,3,1,2,2,1,13,4,1,1,1,3,4,60,23,2,16,4,15,1,21,4,0,3,34,2,2,3,1,5,1,3,2,55,4,62,5,189,3,2
"30_Cannibal_noise_-10dB_sample2.wav",204,53,52,627,50,4,58,125,16,4,1,2,27,1,19,14,11,153,60,96,2,44,821,51,1487,33,205,0,2,2,20,19,30,83,1340,38,97,1,26,18,54,16,17,0,2,3,772,1,39,1008,105,11,16,993,31,8,4,16,9,26,0,286,6,5,7,1164,99,45,19,50,74,807,2,50,42,26,2,107,5,10,13,13,1,18651,102,204,28,263,1,2,3,36,1,17,45,2,30,4,11,2,91
"9_034. Pitbull - Timber (Official Video) ft. Ke$ha_noise_-10dB_sample2.wav",205,0,54,2,0,2,9,3,2,2,1,3,2,0,1,0,11,143,63,67,1,45,32,5,34,3,6,0,0,1,72,11,21,3,5,4,1,0,1,0,1,2,0,2,3,0,58,0,0,0,0,11,11,2,0,0,1,11,0,1,0,2,1,6,1,0,0,10,0,1,4,4,1,2,36,17,0,9,1,16,0,20,2,4,0,35,6,2,1,3,0,2,1,2,40,0,32,3,14,0,3
"7_092. Harry Potter Medley on Marimba_noise_-10dB_sample2.wav",199,0,44,5302,7,2,17,19,5,2,4,2,5,14,9,31,11,161,114,77,3,64,53,25,71,2,56,2,1,14,97,11,43,7,14,6,5,0,163,17,13,2,0,2,1,0,100,0,2,0,0,11,11,944,0,0,0,22,2,1,0,3,44,2,11,0,63,11,90,12,6,114,0,5,50,36,0,13,2,20,70,13,0,69,0,34,11,6,26,0,3,2,26,3,69,1,54,9,12,7,43
"34_The Trap_noise_-10dB_sample2.wav",211,16,44,21,1,2,12,1,1,2,1,2,2,3,0,6,11,167,122,74,3,66,44,3,81,2,2,1,1,0,14,11,24,5,6,2,0,2,3,1,4,4,1,3,2,1,292,1,1,3,1,11,15,8,3,4,1,28,2,4,4,4,0,4,1,5,0,11,1,0,2,1,0,6,52,11,0,15,2,5,0,15,2,3,1,28,4,3,2,2,3,4,2,3,77,2,48,4,1,3,4
"73_Turn the Lights Off_noise_-10dB_sample2.wav",211,3,44,6,0,5,9,1,1,2,1,4,0,0,5,1,11,163,68,73,2,55,32,2,34,3,0,4,3,305,5,11,20,3,4,9,2,3,8,1,1,0,4,0,2,0,57,1,0,7,1,11,7,24,1,0,1,11,2,3,0,6,1,2,1,3,1,5,2,2,2,5,1,15,32,17,2,15,3,4,0,15,0,6,0,28,4,0,1,1,3,0,6,1,53,0,38,4,12,0,3
"100_059. Nilla Wafer Top Hat Time  Song - Rhett & Link_noise_-10dB_sample1.wav",211,3,46,57,0,7,11,37,2,3,1,2,0,1,92,33,13,153,128,77,6,65,44,5,78,4,19,2,4,29,51,11,54,3,4,199,7,1,3,8,4,1,2,2,10,1,90,2,2,7,2,11,11,11,2,1,2,25,1,1,1,9,3,5,1,20,9,12,3,73,43,61,4,3,52,38,2,20,3,12,8,17,0,5,1,31,3,3,575,2,0,13,28,3,73,2,52,22,18,1,18
"25_035. Alan Walker - Sing Me To Sleep_noise_-10dB_sample1.wav",327,2,44,67,1,3,8,2,0,3,2,4,3,3,42,5,12,145,90,66,4,62,34,4,50,3,1,1,4,2,8,11,26,10,6,4,2,2,1,2,2,2,1,0,3,1,73,1,0,2,1,10,15,10,0,0,1,25,2,6,3,4,2,2,1,26,4,9,1,2,2,11,2,7,58,16,2,13,2,8,4,15,1,8,2,28,4,2,10,2,1,2,7,5,67,3,48,197,12,1,4
"32_086. Olly Murs - Grow Up (Official Video)_noise_-10dB_sample1.wav",313,73,44,11,1,4,18,14,2,2,8,4,1,30,1,3,11,173,121,77,9,58,52,3,64,3,11,3,4,5,11,11,26,4,12,7,38,11,3,1,1,3,2,1,3,4,103,8,0,4,3,11,13,10,6,0,5,23,4,2,2,6,22,2,3,8,2,11,1,1,2,0,0,3,55,21,2,19,2,916,27,16,4,3,6,26,6,1,2,104,4,1,2,2,75,2,56,3,13,1,10
"43_098. Nightcore~ The Wolf_noise_-10dB_sample2.wav",327,3,48,6,0,21,14,0,3,2,0,5,0,1,2,1,13,171,135,77,3,66,46,4,78,2,0,0,2,0,11,11,30,4,8,6,2,0,14,0,3,2,3,1,1,1,111,0,0,33,2,11,15,6,5,1,4,29,1,9,5,8,2,1,0,2,0,12,0,1,0,0,0,6,61,19,5,15,2,16,2,19,3,0,3,25,4,1,2,1,2,2,12,4,77,210,50,6,12,2,4
"52_007. Katy Perry - Dark Horse ft. Juicy J_noise_-10dB_sample2.wav",290,3,54,3,0,5,8,1,0,1,0,2,0,1,2,3,9,162,87,72,6,51,38,6,65,4,1,0,2,1,8,11,36,8,5,8,0,1,0,0,0,2,2,2,3,0,79,6,0,1,3,11,11,2,3,0,2,30,1,5,2,4,3,4,1,0,0,15,0,2,2,0,0,4,42,19,0,8,4,13,0,13,0,0,1,28,3,2,1,3,0,0,0,3,53,1,54,8,16,68,2
"15_060. My OCD (Song)_noise_-10dB_sample1.wav",328,3,48,4,3,13,12,2,1,2,0,5,217,7,117,4,13,164,123,77,1,57,52,3,80,35,0,10,1,0,11,13,42,20,3,2,2,2,2,3,1,6,5,2,7,6,108,1,0,12,1,11,11,9,2,0,2,24,1,8,0,6,5,2,0,19,0,11,0,2,4,6,1,6,54,14,1,16,2,15,3,15,2,11,2,28,26,3,2,2,0,5,2,2,75,0,54,8,6,1,7
"52_007. Katy Perry - Dark Horse ft. Juicy J_noise_-10dB_sample1.wav",342,33,48,3,2,4,13,0,0,1,0,4,2,38,2,2,13,173,132,75,12,66,44,2,77,2,0,0,3,0,13,11,34,8,3,7,1,1,2,1,1,2,8,2,1,0,104,4,0,48,1,11,13,4,1,0,2,34,1,2,0,6,2,2,1,15,1,11,1,4,4,1,7,3,56,17,0,17,3,11,0,15,0,0,0,28,5,1,3,1,3,2,1,4,77,10,63,2,8,242,2
"42_046. Meghan Trainor - NO_noise_-10dB_sample1.wav",305,0,58,5,0,4,5,2,0,2,2,1,0,0,0,0,12,164,69,66,2,66,34,5,38,5,1,5,57,0,4,12,22,6,10,10,1,0,0,0,1,1,0,0,2,0,66,2,4,0,0,11,14,10,3,0,1,22,0,10,0,10,1,1,2,1,0,11,2,1,2,9,0,7,35,14,0,11,3,20,0,16,1,9,0,26,2,0,0,2,0,0,8,7,57,2,44,7,11,1,4
"54_016. Taylor Swift - Blank Space_noise_-10dB_sample1.wav",316,3,36,7,0,6,11,1,2,2,0,4,0,0,3,5,10,172,81,68,1,50,47,5,52,9,3,0,2,0,10,11,34,16,5,15,2,0,0,5,2,4,3,2,2,2,85,1,0,12,1,11,14,7,1,1,2,170,3,7,2,5,2,1,0,2,1,9,1,4,4,5,2,5,63,20,2,13,4,6,0,18,1,4,3,41,3,3,3,1,1,2,2,1,56,1,50,7,24,1,4
"101_070. Eminence - Knock Me Out (feat. Anna Cyzon) [Monstercat Official Music Video]_noise_-10dB_sample2.wav",362,0,47,3,3,2,17,0,3,1,1,2,35,0,32,2,11,166,112,73,1,62,40,9,59,2,3,1,5,53,10,11,2348,12,8,8,52,1,0,3,1,2,2,2,2,0,93,0,15,3,2,11,13,5,1,0,0,33,0,4,0,65,4,21,462,1,1,15,1,7,0,1,5,9,50,17,2,15,5,25,0,15,3,105,1,28,2,13,1,1,2,4,3,7,77,0,48,6,8,0,12
"88_033. Fifth Harmony - Worth It (Official Video) ft. Kid Ink_noise_-10dB_sample2.wav",326,13,48,16,1,3,11,0,1,1,317,3,6,1,24,0,11,170,105,67,0,44,46,3,55,2,1,1,3,1,12,11,31,3,10,7,4,0,4,1,1,2,8,1,1,3,91,1,0,0,1,11,11,8,6,1,4,30,2,6,3,4,1,0,2,6,0,13,0,1,4,1,0,4,50,17,2,14,3,4,0,17,0,2,1,28,6,1,4,2,0,7,2,2,55,1,60,4,12,9,4
"94_Banana Man_noise_-10dB_sample1.wav",304,3,48,92,14,54,14,6,1,2,0,5,2,2,33,0,12,163,134,77,3,66,50,2,72,345,9,16,1,1,13,12,34,160,18,5,15,0,4,5,1,5,1,3,18,0,104,0,0,2,3,11,11,64,101,0,2,24,1,2,1,6,2,29,1,6,3,12,0,1,7,69,2,12,69,15,2,16,2,8,0,17,3,27,2,28,12,13,4,1,2,4,6,2,81,1,64,6,6,1,2
"36_072. Jessie J - Price Tag ft. B.o.B_noise_-10dB_sample1.wav",182,8,48,6,6,3,11,2,2,4,2,7,1,50,12,3,12,176,137,77,0,66,76,4,66,4,3,0,2,1,11,11,34,4,14,3,1,0,0,0,1,4,6,3,4,1,106,70,0,59,0,11,11,7,20,0,1,25,0,2,1,6,3,4,4,27,0,12,0,0,6,0,3,4,60,13,8,16,1,4,0,21,2,4,2,25,4,1,3,2,2,5,2,1,225,2,54,6,3,5,0
"0_096. Nightcore - Mad World_noise_-10dB_sample1.wav",174,2,44,4,6,4,7,1,3,0,0,2,2,6,0,0,11,149,59,66,1323,71,50,6,30,3,0,1,3,0,6,11,13,6,6,6,4,1,2,0,0,2,1,0,3,0,81,0,0,11,2,11,11,3,0,1,2,10,0,3,1,2,3,0,8,9,0,8,1,0,4,0,0,4,30,18,0,12,3,24,96,15,4,0,0,25,6,2,2,2,2,6,0,3,51,1,30,5,17,1,1
"92_025. Fall Out Boy - Immortals (From Big Hero 6)_noise_-10dB_sample2.wav",191,5,44,69,14,49,12,2,1,1,1,3,18,12,34,4,11,158,132,75,6,66,46,8,74,9,0,495,3,4,12,12,142,104,4,16,12,1,5,1,1,2,0,2,19,1,103,140,0,2,0,11,15,364,42,2,1,32,1,6,2,3,4,16,60,17,2,12,17,4,4,32,1,6,57,29,2,16,5,9,6,29,3,21,1,37,35,8,2,2,48,2,1,3,75,2,60,4,34,2,2
"64_097. Nightcore - Running With the Wolves [Lyrics]_noise_-10dB_sample2.wav",229,1,44,5,2,3,13,3,0,3,0,1,0,1,2,1,11,149,97,66,1,66,44,2,49,2,2,4,4,0,11,11,28,14,2,6,1,0,0,0,1,1,2,2,1,1,86,0,0,0,0,11,13,3,2,0,0,37,0,2,1,6,0,1,9,0,0,11,1,1,4,0,0,6,50,13,39,13,5,4,0,16,0,2,1,31,4,2,0,0,2,1,5,7,59,0,48,4,4,1,3
"95_053. Avicii - Hey Brother_noise_-10dB_sample2.wav",199,1,44,88,0,6,11,0,1,2,33,27,240,1,418,174,21,173,88,941,3,39,49,5,834,4,10,0,2,4,11,11,32,591,532,2,26,0,2,7,1,4,2,1,1,542,82,0,0,1488,1,11,11,8,15,0,1,22,13,1,1,2,2,4,2,6,0,11,2,1,7,14,7,6,56,19,1,146,0,9,0,15,6,2,18,93,2,2,3,2,2,3,2,2,55,2,52,51,12,0,15
"82_A Lady_noise_-10dB_sample2.wav",190,3,44,378,8,7,12,31,29,5,1,2,1,2,14,6,11,143,93,69,3,52,98,39,150,10,8,2,3,17,9,23,25,59,151,17,17,3,2270,0,14,5,1,5,4,0,84,1,3,37,2,29,15,88,3,0,0,31,2,12,0,4,10,21,374,0,6,11,16,88,14,12,3,8,48,25,1,13,4,3,4,25,3,103,0,34,85,20,3,4,2,5,5,7,63,2,56,11,28,2,4
"48_027. MAGIC! - Rude (Official Video)_noise_-10dB_sample1.wav",205,2,52,7,1,3,22,6,2,5,4,3,3,0,1,6,13,173,132,74,0,66,46,2,73,3,0,0,2,1,11,12,36,6,6,3,0,182,0,1,1,1,1,1,2,1,105,1,1,4,2,11,15,7,3,0,0,31,2,4,0,4,2,4,0,0,0,11,2,2,4,0,1,6,56,15,1,16,1,8,0,16,1,8,1,34,2,3,1,0,0,0,1,5,78,2,54,4,4,1,8
"19_054. Owl City - When Can I See You Again (From Wreck it Ralph)_noise_-10dB_sample2.wav",183,4,48,12,1,6,13,1,2,2,0,2,1,4,2,0,11,153,116,76,1,55,50,6,63,4,16,0,4,5,11,11,36,9,81,9,1,0,3,0,2,2,0,0,3,2,94,1,1,32,3,11,11,15,2,0,1,24,0,12,0,0,2,2,15,2,0,12,0,3,245,24,0,6,58,23,0,15,4,6,3,20,2,13,3,28,10,15,1,2,0,2,0,6,75,0,52,14,18,0,8
"41_The Bidding_noise_-10dB_sample2.wav",221,4,56,5,2,3,11,5,1,0,1,3,2,2,1,3,12,163,88,66,5,66,44,6,72,3,2,1,2,1,13,11,29,4,12,2,2,2,0,2,2,2,2,3,7,1,76,2,0,5,2,11,11,7,1,4,2,30,0,6,1,8,4,2,1,2,1,12,2,1,2,0,1,4,52,13,1,15,2,12,2,21,2,6,1,25,2,2,4,2,2,2,4,4,77,5,132,3,5,4,2
"20_Never Meant to Know_noise_-10dB_sample1.wav",284,24,54,28,54,20,9,21,43,10,21,6,17,25,21,13,21,162,90,80,12,42,66,23,50,13,24,27,8,2,26,11,50,16,39,19,24,25,61,14,21,6,29,23,11,41,105,13,0,18,22,18,19,390,9,16,49,34,32,18,34,43,18,12,10,15,11,13,12,16,23,7,14,11,61,25,16,10,17,20,8,16,17,16,22,91,2,18,14,27,25,12,22,7,55,25,58,23,18,13,31
"73_Turn the Lights Off_noise_-10dB_sample1.wav",201,12,44,13,1,8,12,2,4,2,0,1,1,2,18,1,11,181,110,70,2,48,56,3,63,4,1,0,3,202,11,11,26,2,14,5,2,2,4,3,2,2,9,4,2,2,81,21,0,2,1,23,18,7,0,0,0,22,0,2,6,2,4,2,3,6,0,11,6,4,2,11,1,6,66,16,6,18,2,7,2,16,4,4,2,28,2,2,2,2,4,1,3,3,63,4,68,6,10,1,2
"87_079. twenty one pilots Heathens (from Suicide Squad The Album) [OFFICIAL VIDEO]_noise_-10dB_sample2.wav",186,1,52,35,4,8,6,0,1,1,0,2,0,1,14,2,14,158,83,70,1,47,28,4,42,16,2,0,1,3,4,12,25,5,4,5,1,1,3,0,1,1,2,0,3,0,61,1,0,3,0,11,10,15,3,1,1,17,0,3,2,2,3,1,4,8,1,7,3,1,4,7,2,3,37,66,0,13,2,11,1,14,1,40,3,34,8,4,5,2,1,4,1,4,51,0,40,4,10,0,4
"26_017. David Guetta - Titanium ft. Sia (Official Video)_noise_-10dB_sample1.wav",186,6,51,20,10,3,14,0,2,2,2,2,1,3,3,0,16,173,143,77,3,62,46,6,77,5,0,0,2,6,11,11,28,8,6,7,1,3,2,0,0,1,5,1,4,3,98,5,4,6,1,11,17,6,6,0,0,34,1,363,0,3,4,1,1,4,0,12,1,0,2,5,0,6,52,23,0,15,6,21,0,24,0,5,6,31,2,2,1,3,5,2,2,7,79,0,48,11,16,3,18
"67_090. Josh Groban - You Raise Me Up (Official Music Video) [HD Remaster]_noise_-10dB_sample1.wav",191,2466,52,15,1,3,36,0,3,3,2,2,1,29,10,1,16,164,144,77,3,55,46,7,92,4,0,0,2,0,13,11,31,9,93,4,1,3,98,0,0,4,60,5,1,4,110,68,0,2,8,504,71,16,4,9,1,59,1,14,75,12,2,2,1,13,0,13,10,1,2,11,0,12,50,19,1,14,2,12,0,23,0,14,1,28,4,2,1,1,2,2,4,3,81,4,62,4,12,18,0
"26_017. David Guetta - Titanium ft. Sia (Official Video)_noise_-10dB_sample2.wav",193,22,49,3,1,4,15,1,2,0,4,2,1,2,54,5,14,173,138,77,0,66,70,3,72,3,1,0,4,0,11,11,40,3,6,2,6,0,1,5,0,2,0,1,2,2,118,0,3,15,2,11,11,15,4,1,0,28,3,387,3,0,3,2,2,0,0,12,0,2,1,5,2,1,60,15,0,16,1,10,0,14,2,9,2,25,2,25,0,1,0,4,0,3,77,0,52,6,7,0,2
"38_082. Smoke and Mirrors_noise_-10dB_sample2.wav",196,2,53,4,1,2,15,17,2,0,0,4,15,0,1,0,13,176,140,67,0,65,44,3,74,9,1,1,3,0,11,11,34,10,4,6,2,0,0,3,0,2,1,1,2,0,86,1,2,190,1,11,15,1,1,0,0,37,0,4,0,2,0,2,4,4,1,12,1,0,4,4,1,6,48,19,0,14,3,13,0,17,2,1,4,25,7,7,6,2,0,0,0,7,70,0,51,7,12,1,2
"62_061. LEFT SCREEN ONLY Spot the Differences_noise_-10dB_sample2.wav",186,1,48,4,0,4,11,0,3,2,4,2,1,4,0,1,12,153,123,73,96,40,46,2,58,4,0,0,8,0,11,11,26,2,2,4,1,0,0,0,2,6,1,2,1,0,78,1,0,0,0,11,11,8,1,1,0,24,0,0,1,4,1,2,7,21,0,11,0,0,2,0,0,4,61,17,2,12,1,4,1107,15,0,0,0,40,4,2,2,1,0,2,2,5,58,0,52,4,8,2,2
"96_089. American Boy by Estelle and Kanye West_noise_-10dB_sample1.wav",186,2,44,7,0,4,11,2,1,2,3,3,0,1,2,3,11,149,120,74,0,49,46,2,64,3,2,0,3,2,11,11,26,3,5,8,3,1,0,3,1,2,0,2,1,0,114,4,0,1,3,11,11,6,0,0,1,28,1,4,1,6,6,1,4,4,0,12,3,1,4,1,2,3,60,15,0,17,1,6,2,18,1,1,0,34,4,3,5,1,3,1,3,8,71,2,54,4,191,3,4
"37_063. Bastille - Pompeii (Official Music Video)_noise_-10dB_sample2.wav",181,3,44,23,1,2,14,4,4,4,1,2,1,0,5,3,12,156,117,72,0,44,44,153,66,6,1,2,2,0,11,11,32,14,14,3,1,1,0,1,1,2,1,2,3,3,93,1,0,1,1,11,11,6,0,0,1,24,0,6,1,4,2,2,0,19,0,11,0,0,4,1,1,1,54,21,1,18,2,23,0,24,0,3,1,34,2,6,5,1,0,6,3,4,59,2,66,6,10,1,2
"50_006. Wiz Khalifa - See You Again ft. Charlie Puth [Official Video] Furious 7 Soundtrack_noise_-10dB_sample1.wav",206,41,44,35,4,3,15,4,1,2,12,3,7,12,156,12,13,160,126,77,2,59,48,6,70,4,9,4,1,0,11,11,33,82,5,6,4,0,4,9,3,5,2,2,1,4,104,2,0,18,6,11,11,7,641,0,5,25,6,2,3,6,0,2,4,9,1,11,0,0,4,44,1,7,68,19,0,17,2,4,0,24,1,2,3,31,8,3,2,93,3,4,6,2,77,5,79,6,12,2,4
"7_092. Harry Potter Medley on Marimba_noise_-10dB_sample1.wav",206,10,44,25427,3,2,7,209,139,0,0,1,13,45,23,80,11,143,78,388,2,58,660,568,48,23,40,0,6,121,7,11,21,512,2,22,48,0,216,3,201,15,5,7,20,0,62,3,2,93,2,11,11,777,1,44,2,21,0,0,1,4,27,12,3826,4,35,12,739,1023,38,446,12,3,36,133,0,19,9,15,106,77,5,2343,0,34,2425,10,96,0,0,28,133,2,70,0,40,10,25,3,20
"47_020. Warriors (ft. Imagine Dragons)  Worlds 2014 - League of Legends_noise_-10dB_sample2.wav",210,0,48,33,2,2,17,2,0,1,1,1,1,1,6,1,14,165,120,74,2,66,44,6,66,4,1,1,2,2,11,11,23,13,3,26,1,1,0,1,3,2,3,1,5,2,93,1,1,1,1,11,15,27,0,1,1,34,1,8,4,5,2,2,19,3,1,11,1,280,5,3,1,6,56,17,3,13,2,4,1,15,2,28,2,32,30,3,1,2,2,2,2,6,77,1,52,5,10,3,2
"22_094. Harry Potter Puppet Pals - The Mysterious Ticking Noise (Video With Lyrics)_noise_-10dB_sample2.wav",193,6,42,19,1,4,8,4,3,3,2,1,1,4,1,0,13,161,70,70,6,57,65,5,61,8,0,1,4,0,8,11,29,20,8,5,9,0,4,2,4,4,1,3,3,0,100,1,0,2,1,11,13,21,1,0,1,19,1,9,3,9,4,2,78,10,3,8,1,22,2,1,3,15,55,13,2,13,3,18,2,391,1,47,1,31,20,2,2,1,1,2,3,3,61,1,52,7,8,1,3
"60_057. Get Off The Phone Song_noise_-10dB_sample2.wav",201,7,44,5,10,7,17,4,4,2,1,5,2,4,3,4,12,171,91,71,3,52,45,7,65,3,4,8,2,3,11,11,22,4,4,10,3,3,1,2,5,2,6,215,36,4,82,2,0,4,2,12,11,11,2,3,2,20,3,8,5,7,6,2,1,4,2,10,2,2,3,1,3,6,48,21,3,17,3,4,3,18,4,4,3,28,3,2,2,23,3,4,3,8,71,9,48,5,14,3,5
"95_053. Avicii - Hey Brother_noise_-10dB_sample1.wav",191,1,48,9,6,4,14,1,3,1,8,2,2,7,24,2,12,153,94,71,2,36,62,4,154,3,2,2,4,1,11,11,23,3,107,6,2,4,0,1,3,4,1,1,3,6,78,3,0,123,2,11,11,8,2,1,1,27,1,3,5,8,2,0,2,16,0,11,2,6,6,6,6,6,63,17,1,12,2,8,1,19,1,16,2,28,4,3,5,2,0,1,2,5,60,3,56,7,11,3,4
"53_102. What_noise_-10dB_sample2.wav",199,8,92,27,1,5,14,14,3,2,1,2,5,9,20,1,13,157,123,76,5,45,48,3,72,4,6,2,4,6,15,11,28,8,9,5,4,2,4,2,11,8,3,15,3,2,108,2,3,16,1,11,13,26,2,2,2,30,2,4,2,692,4,3,5,33,10,14,2,3,29,29,2,3,73,18,3,20,3,17,1,17,1,74,2,34,4,2,4,2,1,4,2,4,67,4,60,6,10,4,4
"97_075. Lindsey Stirling - Prism (Official Video)_noise_-10dB_sample2.wav",196,9,48,88,2,2,12,258,4,4,0,4,28,0,1,5,12,164,132,77,3,66,52,4,72,6,0,4,2,5,11,11,36,2,4,7,1,3,11,5,2,5,1,1,2,0,124,0,2,0,0,13,11,4,0,0,0,25,0,0,6,4,9,1,5,52,4,12,21,35,4,7,1,0,56,17,1,13,2,17,12,15,3,11,0,34,13,3,3,0,0,2,8,5,77,1,53,4,6,1,25
"84_001. Anna Kendrick - Cups_noise_-10dB_sample2.wav",211,1,48,10,0,4,14,0,0,1,0,2,0,0,0,0,12,149,72,72,0,49,36,4,55,2,0,0,1,0,8,11,23,2,4,6,0,0,0,0,0,1,1,1,1,0,101,0,0,0,2,11,11,2,2,0,0,22,0,4,0,2,0,2,0,0,0,11,0,0,4,0,0,4,50,16,0,10,2,11,0,15,0,0,2,34,4,1,5,1,0,1,4,1,51,0,42,5,10,0,6
"66_Cruel_Summer_noise_-10dB_sample2.wav",189,3,48,5,1,5,11,7,2,2,0,5,2,0,4,2,11,161,112,71,0,45,44,6,70,9,0,1,2,2,11,11,30,4,5,6,1,3,0,5,1,4,1,3,14,1,96,0,60,1,0,11,11,7,1,0,1,24,0,3,1,3,2,7,7,2,1,12,3,3,6,2,1,6,56,25,0,13,1,19,4,25,1,5,0,31,7,1,4,2,0,1,2,2,61,1,58,6,20,1,4
"78_026. Katy Perry - Firework (Official Music Video)_noise_-10dB_sample2.wav",192,6,56,6,0,4,3,0,1,0,0,3,1,19,2,0,6,143,55,61,3,35,26,13,36,5,1,0,1,1,4,11,19,12,6,10,0,1,8,0,0,2,4,3,2,4,65,281,0,0,0,11,11,1,0,3,2,32,0,10,1,2,5,1,0,2,0,9,0,0,3,0,0,10,30,13,0,9,6,12,0,11,0,2,2,46,1,2,2,2,1,2,0,4,40,1,42,6,13,0,4
"69_066. Jessie J - Bang Bang ft. Ariana Grande, Nicki Minaj_noise_-10dB_sample2.wav",182,3,47,6,0,6,13,0,1,2,2,1,2,2,0,3,14,173,131,77,3,62,46,7,86,4,0,0,2,0,11,11,34,5,4,8,1,4,1,0,2,2,1,1,2,0,111,0,0,0,2,11,11,4,0,117,1,28,0,4,1,6,2,2,1,0,1,11,0,4,2,0,2,5,63,29,0,18,2,18,2,19,0,6,2,31,10,1,2,2,3,0,0,1,83,1,58,12,26,1,2
"19_054. Owl City - When Can I See You Again (From Wreck it Ralph)_noise_-10dB_sample1.wav",187,4,42,2,1,5,4,4,2,0,1,2,0,8,36,1,6,143,55,65,1,48,29,5,33,4,1,1,0,3,3,12,19,4,6,11,0,1,8,2,1,6,1,1,1,5,59,0,3,2,3,11,9,5,2,0,1,18,2,3,1,8,2,10,1,0,0,8,0,0,246,11,1,7,40,22,0,8,3,5,0,10,2,1,1,28,2,2,2,2,0,2,0,3,36,1,40,5,16,0,3
"91_Greener_noise_-10dB_sample1.wav",179,5,51,5,0,2,11,0,2,1,1,1,0,2,2,0,12,153,117,72,0,53,46,7,61,2,2,2,3,1,11,11,28,11,6,6,3,0,0,0,4,2,0,1,1,0,84,0,0,0,0,11,12,5,1,0,0,28,0,2,2,0,0,3,162,2,2,14,1,0,7,1,0,5,56,14,2,14,5,21,1,17,0,0,1,35,1,1,3,1,0,2,8,4,61,1,46,4,8,0,6
"23_048. Pharrell Williams - Happy (Official Music Video)_noise_-10dB_sample1.wav",179,3,48,4,1,1,21,0,1,0,0,2,1,9,3,0,13,163,112,72,3,66,44,4,73,5,0,0,2,1,11,11,24,4,28,10,0,2,0,2,1,2,0,1,5,5,82,6,0,5,1,11,11,2,3,11,2,24,0,5,0,3,0,4,1,1,1,24,0,2,2,5,1,7,48,16,0,13,3,9,2,14,0,0,3,31,2,4,1,2,278,0,2,2,77,9,50,6,15,2,6
"37_063. Bastille - Pompeii (Official Music Video)_noise_-10dB_sample1.wav",182,3,44,8,2,6,20,1,3,3,1,3,2,2,4,5,12,149,92,66,3,65,42,118,44,4,5,1,4,3,21,11,42,6,3,3,2,1,22,1,1,3,0,2,13,2,87,2,0,2,2,11,11,27,1,1,2,18,0,3,2,2,1,5,1,3,11,10,5,3,9,0,4,5,65,16,0,15,1,9,2,15,8,8,2,40,4,12,5,3,1,1,2,3,67,2,50,3,10,3,7
"3_100. Owl City & Carly Rae Jepsen - Good Time (Official Video)_noise_-10dB_sample2.wav",201,3,52,11,0,5,12,0,0,1,2,5,0,0,1,0,13,150,122,77,0,56,46,5,69,2,3,0,2,1,11,11,48,4,8,9,2,0,1,2,0,4,180,2,1,11,90,17,0,12,17,11,11,26,4,0,0,28,1,2,6,8,2,2,2,5,3,12,2,2,0,1,0,12,56,22,1,15,4,13,1,17,2,4,1,28,1,1,4,2,0,0,2,3,85,3,67,6,18,2,2
"91_Greener_noise_-10dB_sample2.wav",184,5,44,4,1,3,7,1,4,0,3,3,2,1,3,6,15,171,75,66,1,47,45,7,42,6,3,3,2,0,7,11,22,4,11,7,7,0,0,0,1,0,1,2,3,1,74,1,0,2,2,11,11,8,0,0,2,22,2,3,0,1,2,4,82,3,0,11,2,0,4,3,1,2,45,21,1,11,5,6,4,21,1,0,3,34,4,4,4,3,0,0,3,2,55,1,44,10,18,5,3
"35_036. Fall Out Boy - Centuries (Official Video)_noise_-10dB_sample2.wav",176,2,52,7,1,4,12,1,4,3,1,6,2,5,2,3,14,179,111,75,3,66,44,3,69,2,13,3,2,0,14,11,105,4,15,922,6,1,10,5,5,6,3,3,14,4,76,2,0,2,1,11,11,132,1,0,3,26,4,2,2,4,2,4,1,1,14,11,5,51,6,20,2,1,37,14,3,17,2,8,3,17,4,23,4,31,4,5,3,2,4,2,6,2,77,1,50,2,2,2,2
"87_079. twenty one pilots Heathens (from Suicide Squad The Album) [OFFICIAL VIDEO]_noise_-10dB_sample1.wav",184,3,44,12,1,3,11,7,2,1,0,2,12,1,20,2,12,173,126,76,4,43,54,3,67,2,14,1,2,2,11,11,46,2,2,34,3,0,1,1,3,2,0,2,1,0,103,0,1,2,3,11,11,4,1,0,1,22,0,1,0,5,2,4,1,12,7,11,6,14,10,16,1,6,64,155,0,14,2,5,0,15,1,21,1,25,4,2,2,1,0,3,6,4,73,0,54,9,10,1,4
"8_081. The Beach Boys - I Get Around_noise_-10dB_sample2.wav",182,24,52,10,3,4,14,13,2,1,2,2,3,1,3,3,13,173,123,75,0,57,54,5,72,7,0,1,3,1,11,11,24,4,6,3,0,14,8,0,0,499,1,1,1,1,104,7,0,13,0,12,11,9,3,0,1,27,0,1,2,3,2,4,2,10,2,12,47,5,0,5,1,6,56,19,2,13,3,12,1,16,1,1,1,40,43,4,6,1,2,0,0,4,71,1,52,4,10,0,8
"21_085. Janji ft. Johnning - Heroes Tonight 1 HOUR_noise_-10dB_sample2.wav",184,1,44,2,0,2,10,1,2,2,4,3,1,4,1,0,12,173,116,71,3,66,54,1,60,3,0,0,4,0,10,11,30,4,8,1,1,1,1,0,3,4,2,2,2,0,106,0,1,2,0,11,11,11,0,0,0,22,0,4,0,6,4,0,2,0,0,11,0,1,2,1,0,0,53,11,1,18,0,1,0,16,0,8,3,28,4,2,2,5,0,0,3,4,76,5,64,9,3,2,3
"53_102. What_noise_-10dB_sample1.wav",204,6,41,107,0,2,4,8,3,2,3,2,1,4,1,3,4,150,52,64,1,33,64,5,24,5,15,0,1,0,3,11,15,5,18,8,0,0,0,1,1,7,0,3,4,0,72,0,2,36,3,11,5,2,2,0,3,20,0,1,0,488,3,1,3,82,2,7,0,1,4,106,0,4,36,14,4,5,5,12,4,13,1,151,4,31,4,0,5,2,4,3,1,1,33,1,26,4,9,0,4
"45_005. OneRepublic - Counting Stars_noise_-10dB_sample1.wav",195,3,48,6,0,4,11,3,2,1,0,2,0,1,1,3,11,163,129,78,6,54,44,4,64,4,1,0,4,0,11,11,30,4,3,11,0,0,0,2,2,2,0,0,1,0,97,1,0,3,0,11,11,17,0,1,1,24,0,2,2,0,4,2,5,2,2,12,77,0,1,0,0,9,56,19,3,13,4,4,0,21,0,0,1,31,3,1,3,1,0,2,4,2,69,2,62,6,16,0,4
"90_064. Eurythmics, Annie Lennox, Dave Stewart - Sweet Dreams (Are Made Of This) (Official Video)_noise_-10dB_sample1.wav",198,8,44,13,0,4,13,0,2,2,0,2,3,3,1,6,11,155,132,76,6,59,48,6,74,3,1,2,2,1,11,11,34,4,6,6,8,1,8,1,1,8,4,2,1,0,114,0,0,0,2,11,11,4,1,2,3,22,0,1,0,3,4,1,3,7,2,11,0,1,4,0,0,3,67,19,1,18,1,9,0,24,0,3,0,31,7,0,4,114,0,4,12,6,71,2,63,7,16,0,3
"74_029. David Guetta - Hey Mama (Official Video) ft Nicki Minaj, Bebe Rexha & Afrojack_noise_-10dB_sample2.wav",230,2,48,4,2,6,15,1,1,4,4,6,1,0,1,1,13,156,135,77,3,62,49,6,79,8,1,4,2,0,11,11,33,6,16,4,2,0,0,2,2,4,2,4,1,0,114,1,0,2,0,11,13,5,0,0,1,26,0,6,1,6,4,2,0,14,3,11,1,4,8,0,1,6,68,21,2,15,1,16,0,27,0,12,1,55,4,3,5,1,0,2,92,3,77,1,60,6,11,0,4
"24_047. Girls Talk Boys (from the Ghostbusters Original Motion Picture Soundtrack)_noise_-10dB_sample2.wav",213,2,48,4,0,11,11,8,0,0,0,2,2,2,30,19,13,173,150,77,2,66,51,11,76,7,8,0,3,3,21,11,38,2,6,50,7,0,0,1,2,2,0,0,1,0,116,0,0,2,4,11,11,8,2,0,2,26,0,0,1,6,4,1,0,3,4,13,0,9,32,20,2,12,63,33,2,18,4,21,0,28,0,2,3,37,4,3,2,3,0,107,4,4,85,1,58,22,34,1,1
"104_024. twenty one pilots Stressed Out [OFFICIAL VIDEO]_noise_-10dB_sample1.wav",188,13,44,56,1,3,13,1,5,2,0,6,6,0,4,16,11,161,127,77,1,66,46,6,64,3,84,6,2,4,28,12,32,19,6,6,3,0,11,1,7,2,1,0,4,2,118,1,0,2,1,11,11,528,2,2,1,25,2,10,0,9,4,5,3,11,674,11,9,13,18,125,1,6,55,12,0,16,2,1,8,22,1,371,1,45,4,23,7,4,2,2,10,5,75,2,50,13,4,2,2
"27_022. Major Lazer & DJ Snake - Lean On (feat. MØ) [Official Music Video]_noise_-10dB_sample1.wav",197,7,38,11,0,3,8,0,1,462,2,1,1,2,1,2,11,140,67,66,1,55,50,4,59,4,4,2,2,1,9,11,31,6,5,10,1,0,5,0,1,2,2,2,2,5,88,16,0,10,1,11,11,5,1,2,3,22,0,6,1,2,2,2,1,2,1,9,0,1,2,1,1,7,42,20,2,11,2,8,4,16,1,4,1,25,2,2,1,2,2,3,3,4,69,2,48,6,16,1,1
"89_091. Faster Car - Anders Lystell feat. Kaliber [EPIDEMIC SOUND] (Lyrics)_noise_-10dB_sample2.wav",198,0,52,4,0,7,12,102,0,0,2,2,2,1,6,3,23,153,105,71,6,54,52,7,68,4,1,1,4,1,11,11,40,4,10,13,1,2,0,1,2,2,2,1,3,1,106,0,0,0,0,11,388,7,1,0,1,29,0,1,0,2,3,1,4,0,1,11,2,1,4,0,1,18,58,25,1,15,3,8,1,23,1,3,1,31,4,3,1,3,0,0,2,2,75,1,52,2,26,3,4
"46_032. Katy Perry - Wide Awake (Official Video)_noise_-10dB_sample1.wav",196,2,60,62,1,297,10,0,1,1,0,1,1,2,6,1,15,151,108,66,0,66,44,4,64,5,0,4,9,0,11,11,30,25,10,10,1,0,4,1,3,2,0,0,4,2,118,4,1,2,0,11,17,6,4,0,2,61,1,13,0,4,0,3,4,2,0,12,0,0,4,0,1,11,56,13,1,14,6,17,1,43,3,6,2,31,15,13,4,4,0,1,6,14,67,1,52,10,4,1,11
"60_057. Get Off The Phone Song_noise_-10dB_sample1.wav",180,3,48,8,0,4,14,1,0,4,0,3,2,2,2,1,12,153,85,76,0,52,40,6,44,4,0,0,3,0,11,11,26,5,4,7,0,1,4,1,3,2,1,203,2,1,72,7,0,10,0,11,11,4,0,1,1,23,0,1,1,2,3,2,1,2,1,12,4,4,6,0,2,4,55,23,0,12,2,13,0,17,1,5,1,31,2,2,4,1,2,2,6,4,55,2,50,3,18,2,2
"10_012. Calvin Harris - I Need Your Love (Official Video) ft. Ellie Goulding_noise_-10dB_sample1.wav",190,1,52,11,8,3,22,0,0,12,20,3,16,6,24,12,12,149,128,75,4,64,46,6,65,6,1,0,2,2,11,11,40,52,20,7,12,2,0,0,5,4,5,5,1,521,112,22,0,44,70,11,13,11,4,0,4,28,1,4,3,27,4,4,1,6,1,22,1,0,19,8,1,9,72,21,0,13,2,20,0,28,1,2,14,30,3,0,4,0,2,8,2,3,77,3,62,6,18,2,4
"21_085. Janji ft. Johnning - Heroes Tonight 1 HOUR_noise_-10dB_sample1.wav",186,28,40,7,3,3,9,10,3,2,1,5,0,2,1,5,12,154,82,64,0,51,40,8,60,3,2,1,4,1,7,11,31,5,6,5,1,0,3,0,1,6,1,2,2,5,75,6,0,9,0,11,11,14,0,0,0,20,0,2,0,3,1,3,2,22,0,8,13,8,2,3,0,1,49,21,2,11,3,14,0,15,1,6,5,31,19,4,0,2,1,0,1,2,53,3,48,4,12,2,10
"77_065. Nightcore - Ghostbusters_noise_-10dB_sample1.wav",184,1,52,15,0,2,11,4,1,2,0,3,1,0,2,0,13,160,110,70,0,166,46,6,68,4,5,0,4,0,12,11,24,9,5,6,0,0,2,3,1,4,3,2,1,0,88,0,0,3,0,11,13,3,4,0,2,38,0,2,0,4,0,0,2,0,0,11,0,0,8,12,1,2,50,21,0,14,4,8,0,17,0,1,0,37,2,0,1,1,0,0,0,5,77,0,50,4,10,1,3
"84_001. Anna Kendrick - Cups_noise_-10dB_sample1.wav",202,3,44,10,0,4,11,2,6,2,0,6,2,4,3,3,11,153,84,77,2,47,46,6,52,4,3,1,4,0,10,11,29,4,4,6,2,0,0,8,1,4,1,2,2,0,114,1,0,6,0,11,11,13,0,0,0,17,0,6,0,7,2,0,2,11,4,12,1,1,2,4,1,9,55,17,2,16,2,8,0,20,0,2,1,31,4,3,2,2,1,6,1,2,51,3,47,2,11,0,0
"70_You and Me_noise_-10dB_sample2.wav",200,3,45,2,2,4,11,5,0,2,0,5,0,7,15,9,12,164,136,75,6,58,46,4,74,4,5,2,2,1,13,11,26,6,5,26,2,2,1,3,4,1,0,1,3,1,89,1,0,4,3,11,11,2,2,2,2,25,1,4,0,2,3,2,1,2,4,12,1,5,103,50,0,3,207,20,3,13,1,14,0,15,5,3,3,25,4,3,2,1,3,8,2,2,73,1,52,5,10,2,3
"61_045. The Black Eyed Peas - I Gotta Feeling (Official Music Video)_noise_-10dB_sample2.wav",203,1,44,101,0,3,12,2,1,1,2,5,0,4,1,0,12,173,135,79,3,63,44,2,69,2,1,3,1,3,11,11,24,4,1,3,0,0,0,0,4,4,0,0,1,3,100,1,1,12,1,11,11,1,1,0,0,25,0,0,0,0,3,4,10,0,0,14,0,1,3,5,1,4,48,13,1,17,1,4,4,15,3,20,0,206,11,1,2,10,1,0,1,2,77,1,50,2,4,0,0
"33_076. Galantis - Firebird (Official Audio)_noise_-10dB_sample1.wav",192,49,48,4,0,4,13,3,1,6,0,4,8,5,10,0,12,159,139,77,3,66,46,3,71,2,2,0,2,0,11,11,39,8,6,1,3,1,54,1,1,2,4,2,6,2,137,12,0,3,1,37,13,16,1,0,1,25,2,8,387,4,4,1,0,10,1,11,2,0,4,0,2,6,70,13,0,17,0,4,2,17,1,1,0,25,6,3,4,3,4,2,2,7,77,1,66,44,4,2,2
"59_014. Avicii - Hey Brother (Lyric)_noise_-10dB_sample1.wav",193,220,54,4,66,2,31,1,84,1,4,2,2,27,10,6,15,170,136,77,3,66,54,176,9430,6,194,4,2,0,11,11,40,239,9759,3,2,2,159,4,90,2,22,1,1,3,527,1,0,983,45,11,46,16,22,12,2,28,1,63,9,5,4,1,1,17,1,92,1,24,112,49,2,66,62,16,0,66,1,14,17,19,13,1170,1,25,4,367,4,1,20,38,2,22,77,2,67,4,6,26,2
"81_013. Passenger  Let Her Go (Official Video)_noise_-10dB_sample2.wav",192,31,44,8,4,3,13,6,1,0,2,1,3,85,3,3,11,161,137,77,6,66,44,3,75,4,1,3,1,0,11,11,24,1,1,9,6,4,2,1,6,2,0,2,1,1,92,1,0,1,1,11,11,1,1,0,13,22,0,2,2,2,245,2,6,1,2,11,0,1,1,2,0,6,48,17,0,13,3,11,10,19,6,0,1,31,4,4,4,6,1,2,2,4,77,1,48,2,12,1,4
"20_Never Meant to Know_noise_-10dB_sample2.wav",199,6,44,3,1,5,7,2,2,4,1,1,1,1,4,2,11,149,60,66,3,41,28,3,30,4,1,4,2,4,5,11,28,12,4,17,1,0,4,2,2,3,1,1,2,4,57,5,0,3,2,11,11,236,2,1,3,43,2,4,3,10,2,5,2,3,3,12,3,1,3,5,3,8,38,17,2,13,6,11,3,17,3,3,2,34,2,4,1,1,6,2,1,7,55,1,44,5,12,2,2
"50_006. Wiz Khalifa - See You Again ft. Charlie Puth [Official Video] Furious 7 Soundtrack_noise_-10dB_sample2.wav",198,2,40,6,2,2,5,0,1,2,4,1,1,2,4,1,10,168,66,64,0,48,31,3,38,5,2,1,2,0,6,11,19,8,5,7,2,0,0,2,2,4,3,0,3,3,64,0,0,4,1,11,11,4,114,0,2,20,5,7,2,4,2,4,5,2,0,16,2,1,4,0,2,6,42,14,1,11,3,11,2,12,1,8,2,32,2,23,2,4,3,2,3,5,50,2,40,10,7,31,3
"76_073. Lindsey Stirling - Crystallize (Dubstep Violin Original Song)_noise_-10dB_sample2.wav",198,7,56,24,2,7,13,19,4,4,1,1,3,50,12,0,14,162,140,77,2,63,64,5,87,6,0,0,4,9,11,11,31,8,18,4,5,0,2,4,0,4,8,0,1,9,121,15,5,73,1,11,11,7,14,1,1,74,4,10,4,16,1,4,4,963,2,14,3,0,0,5,2,3,58,23,0,21,1,21,1,18,1,48,2,31,8,1,3,6,3,3,1,3,86,2,55,8,16,31,2
"49_050. Carly Rae Jepsen - I Really Like You_noise_-10dB_sample1.wav",184,2,48,6,0,6,22,0,1,1,2,2,1,3,78,3,13,173,144,77,2,66,48,4,69,3,0,4,2,0,11,11,34,2,6,4,3,0,1,15,0,4,3,2,2,0,109,1,0,10,7,11,11,4,3,0,4,30,2,6,1,4,1,4,0,9,0,12,0,0,2,22,1,3,62,19,0,20,1,8,1,17,0,4,178,31,4,1,3,2,0,1,2,2,81,1,60,8,12,1,6
"94_Banana Man_noise_-10dB_sample2.wav",190,3,48,7,1,5,12,4,2,2,1,3,2,1,0,6,12,157,122,77,3,57,44,6,56,221,1,0,3,1,13,11,24,5,8,6,3,0,2,2,2,2,0,12,1,4,88,0,5,3,0,11,11,12,1,2,1,24,1,2,1,18,2,2,3,28,3,12,1,3,6,1,1,5,71,23,1,17,2,26,4,16,1,5,3,37,4,5,5,3,1,0,0,2,81,1,58,10,14,1,1
"8_081. The Beach Boys - I Get Around_noise_-10dB_sample1.wav",188,3,44,33,1,2,13,5,5,2,0,5,1,4,3,1,11,155,111,72,2,48,48,4,68,6,4,0,2,3,11,11,34,3,6,6,3,1,1,0,4,280,2,3,2,1,93,0,0,2,0,11,11,16,0,0,2,22,1,3,0,4,2,1,11,4,2,11,2,11,6,3,4,4,56,19,2,14,2,6,0,17,2,40,0,28,11,2,3,1,0,2,2,3,61,2,70,1,12,0,2
"14_099. Sheppard Geronimo - [International Version] (Official music Video)_noise_-10dB_sample1.wav",190,3,44,8,2,6,12,0,9,3,4,7,1,8,1,2,11,161,128,75,4,61,47,7,70,4,710,0,4,3,17,11,34,5,60,13,1,0,3,1,1,3,4,3,1,2,104,1,0,0,2,11,11,18,10,1,4,22,1,2,6,4,4,2,3,3,1,11,1,2,10,9,1,7,59,21,2,16,4,6,5,24,2,12,1,40,8,3,5,1,2,2,4,4,73,5,52,4,20,2,2
"17_084. Thomas Rhett - Crash and Burn_noise_-10dB_sample1.wav",209,1,44,5,0,4,17,0,0,2,0,3,0,1,0,0,11,151,103,74,2,66,44,3,72,6,0,0,3,0,11,11,30,6,3,6,1,0,4,0,1,1,0,0,2,0,80,0,0,0,0,11,11,5,0,0,0,28,0,1,0,10,1,2,4,0,0,11,1,1,4,0,0,4,38,13,0,14,2,4,0,13,0,2,1,34,4,1,2,1,0,4,9,5,77,2,44,4,4,1,6
"49_050. Carly Rae Jepsen - I Really Like You_noise_-10dB_sample2.wav",188,3,48,12,0,9,17,0,1,2,0,3,1,1,1,1,14,183,132,77,3,65,57,6,76,4,1,1,2,0,13,11,30,7,12,2,1,0,2,0,1,10,2,0,3,2,119,2,0,2,1,11,11,4,4,1,1,24,0,2,1,1,3,10,0,4,0,12,0,3,2,0,2,0,56,15,1,17,1,8,3,21,1,4,22,37,5,3,5,3,0,2,3,2,81,2,50,10,6,2,4
"35_036. Fall Out Boy - Centuries (Official Video)_noise_-10dB_sample1.wav",188,0,48,5,0,3,7,0,0,0,0,2,2,2,0,0,10,143,76,71,0,47,28,2,41,3,0,0,2,2,5,11,25,5,11,372,1,0,14,1,0,2,0,0,3,0,55,0,0,1,0,11,11,2,3,1,1,24,1,2,1,1,34,2,0,0,0,12,0,0,2,10,0,8,54,15,0,8,3,4,0,15,0,1,1,31,2,1,1,0,0,0,2,1,51,1,44,6,8,1,2
"44_Sacred Beast_noise_-10dB_sample1.wav",196,3,52,11,5,6,12,1,4,2,1,3,17,2,6,11,11,173,114,74,6,58,52,4,56,4,3,6,1,1,12,11,46,6,23,14,18,4,4,3,0,1,5,2,6,26,99,3,1,44,5,14,11,9,4,2,6,22,0,1,2,3,2,3,3,16,1,11,0,1,4,1,0,3,60,17,0,512,3,4,11,18,4,20,5,31,8,6,2,10,10,8,6,2,61,4,52,4,8,2,0
"39_051. Galantis - No Money (Official Video)_noise_-10dB_sample2.wav",190,3,45,3,1,2,13,2,1,1,0,2,1,0,3,1,13,170,120,66,0,65,44,3,69,4,0,1,1,9,11,11,63,8,6,6,1,1,0,1,1,1,0,1,6,0,86,0,0,1,0,11,13,6,1,0,1,25,0,8,0,6,2,203,40,1,1,11,2,2,3,7,0,3,62,21,0,19,2,9,0,16,2,5,1,28,7,2,1,3,1,2,2,4,69,1,50,4,14,4,8
"105_101. Yann Tiersen - Comptine d`un autre ete - l`apres-midi_noise_-10dB_sample2.wav",189,2,52,126,18,16,11,9,2,5,2,1,4,1,183,12,11,157,133,78,1,63,46,5,81,31,1,0,9,3,11,13,27,99,4,70,59,0,5,3,5,4,0,2,16,1,98,2,0,11,0,11,11,58,10,0,3,26,3,6,0,2,15,24,5,7,3,13,4,30,13,1211,0,3,57,25,0,15,2,23,0,19,16,6,1,31,4,3,2,2,1,0,20,2,75,1,52,13,20,2,15
"16_038. P!nk - Just Give Me A Reason ft. Nate Ruess_noise_-10dB_sample1.wav",178,2,40,54,5,5,8,0,0,1,0,2,2,1,1,1,5,143,45,65,2,38,23,4,34,6,0,0,1,6,2,11,14,3,2,9,2,1,6,3,1,6,0,2,1,1,58,1,1,6,0,11,5,6,0,0,0,10,0,1,0,4,0,3,0,11,1,5,0,0,4,3,1,67,30,17,1,8,3,6,1,8,0,2,0,34,3,1,2,1,1,1,2,1,27,2,26,4,7,1,4
"41_The Bidding_noise_-10dB_sample1.wav",190,34,48,20,1,4,17,6,2,0,0,1,1,62,1,0,15,184,144,77,6,66,54,5,71,4,2,0,4,1,11,11,28,4,16,2,32,4,0,1,1,6,2,0,2,0,98,0,2,2,0,11,11,3,9,0,11,26,0,13,1,26,20,4,4,32,1,13,0,1,2,0,2,0,56,15,3,14,1,8,49,13,0,7,1,28,1,3,2,18,1,4,2,1,85,1,596,6,4,1,3
"93_015. Lukas Graham - 7 Years [Official Music Video]_noise_-10dB_sample1.wav",186,9,48,20,2,1,15,1,1,0,1,2,1,3,6,4,12,148,83,72,1,55,37,3,87,4,0,0,2,2,8,11,26,2,89,6,1,0,6,1,2,2,3,1,2,1,64,20,1,4,192,11,11,9,3,0,3,24,3,1,0,0,2,4,1,0,1,12,1,0,1,2,1,5,34,17,0,12,1,6,1,15,1,6,7,28,2,1,0,0,3,2,1,1,59,1,44,4,8,0,3
"5_002. Avicii - Wake Me Up (Official Video)_noise_-10dB_sample2.wav",277,3,145,4,1,2,13,0,1,2,0,4,1,2,3,3,12,173,141,77,2,66,48,3,76,3,0,0,3,0,11,11,34,2,6,3,2,0,1,1,1,2,1,3,1,0,116,2,0,2,0,11,11,4,0,0,1,25,0,2,1,4,6,3,6,0,0,11,0,2,2,0,0,3,60,13,0,14,1,4,0,19,1,0,0,31,6,3,2,3,0,2,1,3,77,2,56,2,4,3,2
"18_044. tony igy-stop in my mind_noise_-10dB_sample1.wav",211,3,46,168,10,18,13,5,2,2,0,4,3,77,13,2,10,148,60,67,1,50,31,5,40,27,4,5,5,6,6,302,17,57,5,4,14,0,5,4,2,4,2,1,6,3,122,1,1,2,1,11,6,32,9,0,1,10,0,4,3,3,2,10,1,11,1,3,1,4,4,24,2,6,37,13,0,9,3,14,4,10,2,5,1,34,50,26,4,2,1,1,2,3,58,2,30,6,14,2,4
"27_022. Major Lazer & DJ Snake - Lean On (feat. MØ) [Official Music Video]_noise_-10dB_sample2.wav",180,3,48,2,0,2,11,0,1,277,2,2,2,1,0,2,11,163,88,77,2,52,44,5,56,4,1,0,2,1,11,11,25,6,4,4,0,12,2,0,1,2,0,0,4,0,79,4,0,1,0,11,11,9,0,0,1,27,0,3,1,4,2,0,1,1,0,11,0,0,0,0,0,3,48,17,0,15,2,15,0,15,0,4,1,25,12,2,2,3,2,2,1,4,59,0,52,3,8,0,2
"28_074. American Authors - Best Day Of My Life_noise_-10dB_sample1.wav",176,0,46,4,0,2,9,1,1,2,0,2,0,2,2,3,13,161,79,66,1,66,32,4,51,2,0,0,5,0,6,11,28,12,6,6,0,1,0,1,0,2,4,0,2,0,91,0,0,0,0,11,15,3,1,0,0,37,0,2,0,7,1,2,2,2,2,11,0,1,2,6,0,4,50,13,2,13,5,19,0,15,0,2,0,28,0,2,2,1,0,2,5,6,67,2,57,6,2,2,4
"2_023. Rachel Platten - Fight Song (Official Video)_noise_-10dB_sample1.wav",194,5,44,8,0,2,15,17,11,0,2,1,3,0,37,228,12,164,97,67,0,66,44,5,60,3,22,1,2,4,23,11,46,7,2,59,3,3,1,3,10,7,2,0,3,6,71,0,0,15,0,146,11,3,1,0,1,28,0,3,0,2,1,1,9,4,2,11,11,20,32,23,6,4,38,13,0,15,5,3,0,12,0,6,2,28,19,1,4,1,0,14,13,6,77,0,50,8,10,3,12
"4_003. Lorde - Royals (US Version)_noise_-10dB_sample2.wav",172,3,46,7,7,3,12,2,3,2,1,2,4,2,89,3,12,181,205,73,1,65,51,8,61,3,1,1,5,9,10,11,26,20,7,6,6,1,1,7,4,2,2,1,3,0,103,1,4,9,0,11,11,7,4,2,2,31,1,3,1,11,2,1,12,2,0,10,1,1,2,42,2,6,48,18,2,17,2,6,1,13,1,1,2,37,8,2,2,2,4,2,4,6,73,3,49,4,10,1,4
"4_003. Lorde - Royals (US Version)_noise_-10dB_sample1.wav",171,1,40,4,1,2,6,1,2,0,0,2,1,4,4,2,11,163,191,66,2,40,37,6,34,5,0,0,1,6,7,11,25,18,4,4,1,0,1,0,4,4,1,1,4,3,64,0,6,1,1,11,10,14,0,0,1,24,0,6,0,6,1,1,1,0,0,8,0,0,6,2,2,6,34,15,1,9,1,5,0,16,0,1,3,34,2,19,2,1,0,2,2,1,39,1,41,5,8,1,6
"5_002. Avicii - Wake Me Up (Official Video)_noise_-10dB_sample1.wav",184,1,1020,9,0,9,13,1,1,2,0,4,5,1,2,1,12,161,130,77,3,62,54,3,73,13,1,0,5,1,11,11,31,6,3,6,1,0,2,0,1,4,2,1,3,0,105,0,0,90,0,11,11,7,0,0,3,22,0,4,1,9,4,4,9,0,0,11,1,1,2,3,0,5,64,17,1,18,2,8,0,15,1,2,2,29,10,2,4,5,0,2,4,2,75,1,63,5,10,0,4
"88_033. Fifth Harmony - Worth It (Official Video) ft. Kid Ink_noise_-10dB_sample1.wav",194,25,52,3,0,4,12,0,1,1,107,3,1,2,1,0,13,173,135,77,2,66,48,3,76,6,4,1,4,0,13,11,29,2,7,2,0,0,4,0,1,2,0,2,6,0,98,0,0,2,1,11,11,3,1,3,1,30,0,2,2,5,0,2,2,1,0,13,0,2,0,6,1,0,56,15,3,16,2,11,0,17,0,3,2,25,4,3,1,1,2,2,0,21,77,2,52,4,4,1,1
"57_Numb_noise_-10dB_sample1.wav",175,1,48,31,12,29,17,1,2,3,0,3,17,18,17,4,15,168,138,77,6,66,48,5,69,8,1,21,4,8,11,23,30,93,6,3,11,1,3,1,1,2,0,2,16,0,100,2,1,1,1,36,13,33,26,0,1,31,0,4,0,8,2,7,2,36,0,13,0,2,4,21,0,3,52,15,1,17,3,12,0,18,1,10,1,31,307,1,6,1,0,3,4,4,77,2,54,3,6,2,4
"6_043. Wintergatan - Marble Machine (music instrument using 2000 marbles)_noise_-10dB_sample2.wav",197,1,44,24,11,3,15,0,1,1,2,1,7,3,519,4,11,167,87,77,2,55,44,5,44,5,0,0,2,5,11,11,78,13,14,6,9,2,1,7,0,4,3,2,1,21,52,2,0,0,1,11,11,22,8,0,1,24,12,2,2,1,2,8,1,8,1,12,1,8,1,11,1,6,32,23,1,19,4,2,0,15,0,7,1,31,4,0,2,1,2,1,1,3,55,5,44,3,14,1,5
"3_100. Owl City & Carly Rae Jepsen - Good Time (Official Video)_noise_-10dB_sample1.wav",181,116,44,62,3,3,8,1,1,0,4,2,0,1,70,0,9,133,59,72,0,54,30,4,65,2,0,1,1,0,7,11,16,4,13,5,11,1,0,0,0,2,223,1,0,1,54,59,0,7,0,11,6,2,28,0,1,181,1,31,1,2,2,2,1,106,0,6,1,1,4,0,0,5,30,19,0,9,2,7,0,9,0,3,1,28,2,2,2,1,3,0,1,4,157,1,26,5,4,69,2
"97_075. Lindsey Stirling - Prism (Official Video)_noise_-10dB_sample1.wav",186,0,48,5,2,4,7,336,1,1,1,1,4,0,105,2,11,155,73,70,1,45,33,3,34,3,0,2,1,0,3,11,22,4,3,7,3,0,4,32,0,5,1,3,0,1,58,0,7,13,0,11,11,4,20,0,1,27,1,8,0,2,2,2,5,70,1,11,1,0,6,4,2,4,40,19,2,9,6,10,1,15,6,26,1,43,51,7,6,1,0,0,2,5,58,1,48,5,12,0,4
"23_048. Pharrell Williams - Happy (Official Music Video)_noise_-10dB_sample2.wav",176,2,44,4,0,2,8,1,0,1,0,3,2,1,5,0,11,135,44,66,3,37,24,6,32,4,0,1,2,1,2,11,12,4,2,4,1,0,2,1,0,2,2,1,1,0,44,1,0,1,1,11,11,9,0,0,1,12,1,3,1,2,1,2,3,1,1,3,0,2,0,3,0,2,26,11,0,12,3,7,0,21,3,3,1,29,3,1,1,3,455,2,2,3,43,4,31,4,5,1,6
"55_009. Taylor Swift - Shake It Off_noise_-10dB_sample2.wav",177,2,44,20,3,4,13,2,1,0,2,2,1,3,5,1,11,173,132,79,0,66,54,2,66,2,3,8,2,1,13,11,26,12,4,2,5,1,5,338,1,0,0,1,1,1,104,0,0,0,0,11,11,5,4,1,0,28,0,0,0,8,2,0,0,99,1,11,0,0,4,8,1,0,60,15,2,17,2,8,0,17,0,3,1,25,13,3,1,0,0,4,6,2,77,2,50,0,3,0,2
"57_Numb_noise_-10dB_sample2.wav",209,1,45,6,1,5,10,1,4,7,2,2,0,11,2,1,11,174,91,66,7,60,52,3,56,6,1,1,3,2,10,12,27,10,4,5,1,0,5,0,3,2,5,2,2,1,92,1,0,3,0,11,15,6,1,0,1,27,0,8,1,4,3,1,3,4,0,11,3,4,4,9,1,3,51,17,2,14,3,3,0,11,0,3,1,31,463,1,2,1,0,2,3,4,61,0,47,6,9,0,2
"86_019. Naughty Boy - La la la ft. Sam Smith (Official Video)_noise_-10dB_sample2.wav",252,0,52,3,3,5,13,15,0,1,0,2,2,1,3,6,14,151,148,77,2,66,54,6,84,4,1,4,2,1,11,11,43,6,2,9,1,1,2,1,2,2,1,1,5,2,109,3,0,6,1,11,12,9,0,1,1,28,3,2,1,3,2,2,1,1,0,14,1,1,1,6,0,3,56,27,2,16,2,15,1,18,2,3,2,28,4,123,0,2,3,2,0,7,92,1,60,6,20,1,2
"16_038. P!nk - Just Give Me A Reason ft. Nate Ruess_noise_-10dB_sample2.wav",317,2,44,4,3,2,13,1,3,1,2,6,2,4,1,1,11,173,132,77,0,66,48,1,64,4,1,2,6,0,12,11,29,2,4,4,2,1,0,1,0,4,2,4,3,1,112,2,0,12,1,11,13,7,4,0,2,23,0,6,1,4,2,4,5,2,0,11,3,2,8,1,0,117,55,14,1,16,3,4,0,15,2,0,1,34,6,1,4,2,0,4,3,7,77,6,53,2,2,0,3
"54_016. Taylor Swift - Blank Space_noise_-10dB_sample2.wav",229,67,48,44,8,7,18,0,2,2,12,3,1,2,235,9,12,159,149,77,0,59,46,5,71,4,1,0,2,1,11,11,37,14,15,6,5,2,6,0,1,1,51,1,1,1,97,43,0,5,6,11,11,16,19,3,5,705,7,30,2,2,1,4,0,126,0,14,3,2,2,2,2,6,68,19,0,72,4,25,0,20,0,7,14,28,6,3,3,7,1,2,6,4,95,0,60,12,6,85,3
"80_077. Emeli Sandé - Hurts_noise_-10dB_sample2.wav",182,3,52,47,10,35,13,16,1,2,0,5,2,2,30,6,13,177,150,77,3,66,54,5,86,15,1,11,3,30,13,20,48,59,12,8,15,1,2,3,0,2,2,4,528,0,122,1,0,5,1,11,15,29,31,0,0,29,0,3,0,2,2,10,2,4,8,11,9,2,6,18,2,6,62,25,2,18,5,16,1,17,2,20,1,31,10,10,5,0,2,2,6,3,77,2,61,8,22,1,4
"63_087. Anaconda - Nicki Minaj  The Fitness Marshall  Dance Workout_noise_-10dB_sample1.wav",208,5,45,4,8,11,10,6,11,2,3,12,20,8,7,4,11,143,92,73,6,44,62,5,68,11,1,2,8,0,11,11,32,4,7,11,4,3,4,3,3,2,4,3,6,5,86,6,0,5,7,11,11,16,0,0,10,25,2,8,5,5,3,3,2,3,4,12,3,11,9,3,2,6,64,21,3,11,112,4,3,23,5,8,12,34,7,3,3,2,2,5,3,2,55,3,58,7,20,12,8
"102_018. Shawn Mendes - Stitches (Official Music Video)_noise_-10dB_sample2.wav",241,3,48,4,5,3,12,1,2,2,6,141,6,4,2,3,13,173,135,77,3,66,50,3,68,3,0,0,2,2,11,11,33,4,10,6,1,0,1,1,2,4,1,2,3,3,115,0,0,2,1,11,11,8,2,1,2,22,0,6,1,6,6,1,2,0,1,11,0,0,4,12,1,7,65,17,1,15,2,8,0,16,0,4,2,29,11,3,2,2,1,0,0,4,75,8,56,6,8,0,2
"15_060. My OCD (Song)_noise_-10dB_sample2.wav",239,0,52,3,0,4,11,2,2,2,0,0,15,0,1,0,13,163,123,75,5,67,44,3,48,3,0,0,3,0,11,11,29,7,3,6,1,0,0,0,0,2,1,1,8,0,65,1,0,11,1,11,11,2,0,0,0,26,0,6,1,2,0,2,0,0,1,11,2,1,0,0,2,6,60,16,1,14,3,8,2,21,0,4,0,25,4,1,1,2,1,2,2,7,57,2,50,5,8,0,3
"24_047. Girls Talk Boys (from the Ghostbusters Original Motion Picture Soundtrack)_noise_-10dB_sample1.wav",193,2,48,6,1,1,3,1,2,0,0,1,0,4,1,1,6,153,65,66,0,40,28,4,30,4,0,0,1,0,2,11,22,2,4,10,1,0,4,0,1,4,0,1,0,0,51,0,0,0,3,11,8,9,0,0,0,15,0,0,0,1,1,3,2,0,0,11,0,3,8,29,0,4,32,19,0,9,3,4,0,12,1,0,1,46,2,0,4,4,1,212,0,2,33,0,40,2,7,0,1
"1_028. Capital Cities - Safe And Sound_noise_-10dB_sample1.wav",194,3,52,2,1,2,15,0,1,2,1,4,14,1,7,6,13,163,141,77,3,66,69,4,72,4,1,1,2,22,11,11,131,6,12,3,67,0,2,2,1,1,2,1,2,1,135,0,1,4,0,11,11,10,1,0,2,26,1,4,1,10,2,4,76,4,0,13,0,2,8,1,4,3,70,15,2,17,1,19,0,14,0,27,2,28,6,16,1,1,0,2,0,3,81,1,63,4,6,2,8
"51_088. Steven Universe - We Are The Crystal Gems_noise_-10dB_sample1.wav",187,3,48,4,1,2,13,2,1,1,2,2,2,2,2,6,12,173,132,77,0,68,48,1,71,3,4,0,2,1,13,11,37,2,4,1,0,2,4,1,2,0,18,1,1,1,94,1,2,8,0,11,11,7,2,0,0,25,2,2,0,4,2,0,4,9,0,12,1,2,4,14,274,1,64,11,0,20,1,4,0,22,1,6,1,25,6,3,2,0,2,2,6,5,77,0,60,4,2,0,2
"93_015. Lukas Graham - 7 Years [Official Music Video]_noise_-10dB_sample2.wav",181,3,48,6,2,4,20,3,0,1,1,4,3,5,33,10,12,163,125,76,2,61,50,6,71,5,23,4,2,0,12,11,46,6,11,6,3,2,4,5,2,6,10,4,1,8,112,7,0,43,411,11,11,4,3,1,2,22,2,3,1,4,3,6,10,13,1,11,1,0,2,5,3,1,62,25,1,17,1,12,7,19,1,1,2,38,7,6,5,2,7,2,6,2,75,4,56,5,19,2,3
"99_080. Melanie Martinez - Carousel (Official Music Video)_noise_-10dB_sample1.wav",181,124,44,29,1,4,16,0,0,0,0,4,2,10,1,3,11,163,132,77,3,66,44,3,87,3,6,1,1,23,11,11,35,7,87,3,2,25,2,41,0,4,14,2,227,4,92,1,0,3,0,11,16,4,16,33,1,28,0,4,28,6,2,4,2,49,2,4457,1,2,4,2,3,6,56,15,3,15,1,10,0,17,0,37,1,28,7,1,3,19,17,2,4,2,77,0,55,4,8,37,1
"101_070. Eminence - Knock Me Out (feat. Anna Cyzon) [Monstercat Official Music Video]_noise_-10dB_sample1.wav",188,1,48,7,2,6,13,1,4,4,0,2,50,8,7,0,11,165,114,73,3,57,46,11,66,5,4,6,2,108,11,11,624,8,6,12,53,3,6,0,1,2,0,3,29,1,90,0,11,0,0,11,11,7,4,0,0,25,0,1,1,12,3,22,876,0,0,13,2,4,0,2,0,6,54,21,2,14,2,1,2,17,3,59,0,25,4,6,1,0,0,2,2,4,77,1,55,5,16,1,14
"68_055. Madness - Our House (Official 4K Video)_noise_-10dB_sample1.wav",192,1,56,2,0,2,12,4,2,0,0,1,2,0,20,2,14,173,123,68,3,59,44,4,62,1,6,0,1,1,11,11,27,4,7,5,1,1,0,2,4,2,1,1,5,3,84,0,0,3,5,11,15,1,2,1,1,34,0,14,1,0,1,1,4,1,0,11,0,3,2,6,0,3,50,19,1,12,2,14,1,26,182,4,1,28,0,2,1,5,1,2,0,7,63,2,46,10,10,0,2
"74_029. David Guetta - Hey Mama (Official Video) ft Nicki Minaj, Bebe Rexha & Afrojack_noise_-10dB_sample1.wav",229,2,48,22,0,4,11,5,5,2,1,2,1,2,2,3,11,158,92,77,0,58,44,6,62,3,1,0,2,0,11,11,31,4,6,6,1,0,1,1,2,0,0,1,2,0,80,1,0,3,1,11,11,11,3,2,1,24,0,2,2,5,2,1,11,0,0,12,0,11,2,3,1,4,46,18,2,15,2,30,0,18,1,9,2,28,11,3,1,2,0,2,88,4,63,1,53,6,15,1,0
"58_039. OMFG - Hello_noise_-10dB_sample1.wav",182,105,42,2,1,7,11,2,0,0,10,2,2,8,1,0,11,149,87,70,0,37,40,8,50,2,0,1,2,0,8,11,31,6,27,9,0,1,0,0,1,6,0,1,18,1,93,1,0,2,0,35,13,11,0,5,0,25,0,2,3,6,2,6,1,3,0,12,0,0,1,1,4,9,58,15,2,15,3,8,0,19,0,15,1,34,4,2,2,1,3,1,0,428,56,0,53,8,16,1,0
"76_073. Lindsey Stirling - Crystallize (Dubstep Violin Original Song)_noise_-10dB_sample1.wav",280,38,48,477,3,7,11,185,2,2,0,2,20,42,13,12,12,162,114,75,3,46,535,8,58,34,10,16,5,4,13,11,28,45,5,38,22,4,2,17,9,2,1,1,4,1,91,7,19,473,0,11,12,11,9,0,2,31,3,4,0,120,2,21,0,2577,6,12,10,5,16,33,19,3,58,39,3,25,2,8,5,18,1,1232,14,125,34,5,4,4,2,12,12,4,69,2,54,7,12,15,22
"0_096. Nightcore - Mad World_noise_-10dB_sample2.wav",270,1,44,4,0,5,10,0,2,0,1,2,1,1,0,0,12,161,86,66,270,52,53,8,65,4,0,0,3,0,10,11,24,7,3,14,0,0,0,0,0,0,0,1,1,0,89,1,0,4,0,11,11,2,0,0,0,34,0,4,0,2,2,2,4,0,0,11,1,1,4,0,1,3,51,29,16,12,5,16,0,24,0,0,0,28,0,0,1,2,0,0,0,4,65,1,48,4,30,2,4
"45_005. OneRepublic - Counting Stars_noise_-10dB_sample2.wav",233,3,44,7,1,5,21,0,3,4,1,4,1,2,12,1,12,166,95,71,4,64,38,7,61,6,12,0,4,3,8,11,26,5,5,7,11,0,0,3,0,6,1,1,3,0,94,1,0,5,0,11,11,8,0,0,0,16,0,2,0,6,2,4,3,7,0,8,233,4,5,12,1,6,52,16,2,15,2,12,1,32,0,7,1,43,7,20,5,4,0,2,3,5,63,1,52,10,19,1,6
"11_062. Pipe Guy - HouseTranceTechno Live_noise_-10dB_sample1.wav",229,21,36,10,2,4,4,2,1,1,3,3,2,19,4,1,11,143,50,66,1,62,38,4,33,3,5,1,2,2,4,11,22,10,6,5,12,2,1,2,1,3,2,1,3,2,54,3,3,2,3,11,14,9,12,0,5,19,0,6,0,7,5,1,2,7,2,10,0,2,2,4,2,4,38,11,5,12,3,34,13,18,1,4,2,40,2,1,4,68,0,3,2,6,56,1,40,7,6,3,3
"39_051. Galantis - No Money (Official Video)_noise_-10dB_sample1.wav",227,6,52,18,1,4,12,1,1,1,1,5,2,2,3,3,13,173,140,77,3,66,64,4,78,4,1,1,4,7,11,11,39,4,2,8,1,0,0,0,1,4,3,1,2,1,116,0,0,2,0,11,11,11,0,1,0,24,0,2,0,2,2,138,25,1,7,15,0,8,1,22,1,6,62,23,4,18,2,8,0,19,0,7,0,31,4,6,1,0,0,1,4,3,77,1,52,8,20,0,1
"75_078. Kungs vs Cookin on 3 Burners - This Girl (Official Music Video)_noise_-10dB_sample1.wav",234,11,48,19,1,6,663,0,2,2,5,6,0,5,2,3,12,168,135,77,5,66,48,3,72,2,1,2,3,0,11,11,32,64,6,4,7,1,10,0,1,6,9,2,5,1,108,6,0,6,1,11,11,4,10,3,2,33,1,13,3,6,2,6,1,5,0,12,5,3,5,0,8,2,60,17,1,18,3,16,0,21,6,4,8,37,4,7,10,27,4,6,0,4,77,3,54,2,4,2,4
"68_055. Madness - Our House (Official 4K Video)_noise_-10dB_sample2.wav",214,0,49,2,0,4,15,3,0,0,0,2,2,1,0,0,12,150,100,69,1,66,44,5,142,2,18,0,3,0,11,11,23,10,139,7,0,0,6,0,2,2,3,0,2,0,66,0,0,11,1,11,13,0,4,0,0,29,2,4,2,3,0,4,4,0,1,11,0,1,19,4,0,5,36,25,0,14,5,12,0,21,148,3,1,42,2,2,3,1,1,1,0,7,73,0,44,4,13,0,4
"22_094. Harry Potter Puppet Pals - The Mysterious Ticking Noise (Video With Lyrics)_noise_-10dB_sample1.wav",215,2,46,28,1,6,14,1,0,1,2,5,2,3,0,0,12,160,87,79,10,50,42,6,56,9,0,3,2,0,11,11,22,12,6,4,2,0,2,2,1,2,1,3,2,0,76,0,0,2,0,11,11,8,0,1,0,22,0,3,0,0,2,2,0,5,1,11,1,0,6,1,0,5,59,19,1,12,1,5,0,452,0,1,4,28,10,6,3,4,0,2,0,4,58,0,52,8,8,1,4
"70_You and Me_noise_-10dB_sample1.wav",202,1,44,368,1,10,5,1,3,2,0,6,2,2,9,2,7,162,61,67,2,37,46,2,44,2,0,1,2,1,4,11,18,42,12,7,3,3,4,0,2,4,2,2,1,3,60,1,0,4,3,11,6,4,2,1,1,21,1,3,2,1,3,7,19,3,4,7,2,0,4,7,0,9,166,16,0,7,2,4,3,15,6,3,3,40,10,13,3,1,2,3,2,4,31,2,37,8,8,1,3
"92_025. Fall Out Boy - Immortals (From Big Hero 6)_noise_-10dB_sample1.wav",206,6,56,119,1,3,23,3,3,2,0,4,2,0,4,1,12,156,126,75,6,62,44,2,60,10,0,26,5,0,13,11,29,29,2,7,2,0,0,0,0,6,0,2,4,0,91,0,0,0,0,11,11,4,1,0,1,31,1,2,0,1,1,6,1,9,1,13,0,2,2,5,1,6,50,13,0,12,5,20,0,17,1,1,0,36,7,24,4,0,0,1,3,6,67,0,52,2,2,0,6
"29_010. Katy Perry - Part Of Me (Official)_noise_-10dB_sample1.wav",213,3,60,5,0,4,13,0,2,2,0,2,1,3,1,0,15,153,156,76,3,66,48,4,66,6,4,0,4,0,12,11,36,12,6,8,0,0,0,0,0,3,2,2,2,8,95,0,0,2,0,11,14,4,0,0,1,48,0,5,0,4,4,0,0,0,0,15,0,4,4,0,1,6,50,19,0,15,4,19,0,19,0,0,0,28,4,2,0,1,0,2,0,6,77,2,50,4,16,1,4
"29_010. Katy Perry - Part Of Me (Official)_noise_-10dB_sample2.wav",215,3,48,6,10,5,15,2,1,2,4,2,7,1,3,0,12,170,128,74,0,64,52,5,66,4,1,0,2,0,11,11,29,4,8,5,1,1,10,0,1,4,2,2,4,4,109,0,1,2,1,11,11,5,0,0,0,24,0,1,1,6,4,2,1,7,0,11,0,2,2,0,0,3,60,19,2,18,1,3,0,15,2,11,1,31,5,2,2,1,1,2,4,2,69,2,58,6,13,1,6
"14_099. Sheppard Geronimo - [International Version] (Official music Video)_noise_-10dB_sample2.wav",212,37,44,268,20,5,13,0,3,7,6,0,8,17,1,6,11,151,126,77,3,58,50,39,75,6,2164,0,5,5,113,11,31,16,20,28,7,1,439,4,36,4,2,0,2,3,98,2,0,17,0,12,11,10498,10,14,3,25,0,5,2,21,21,20,7,16,290,12,62,115,3,1958,1,6,91,23,4,14,4,9,3,21,0,1911,4,65,8,60,4,39,2,100,2,3,77,0,52,8,22,1,8
"62_061. LEFT SCREEN ONLY Spot the Differences_noise_-10dB_sample1.wav",186,4,44,2,1,3,11,0,2,1,12,2,1,2,0,3,11,159,132,76,1,66,60,3,73,4,0,0,4,7,11,11,24,4,2,9,0,0,0,1,0,3,0,1,1,1,90,1,0,3,1,11,15,4,7,2,2,28,0,4,2,4,2,4,1,3,0,11,2,4,2,2,5,5,56,21,1,17,3,8,171,17,3,0,1,34,2,9,2,2,1,2,2,2,77,2,50,3,12,1,1
"13_030. Maroon 5 - Animals_noise_-10dB_sample2.wav",191,9,48,18,1,6,12,3,1,2,2,1,1,1,3,3,12,156,138,77,6,66,62,6,76,3,9,0,3,2,13,11,37,3,10,2,2,1,8,0,213,6,1,1,1,0,116,0,0,0,2,11,11,14,3,0,0,25,0,2,0,2,4,6,2,1,1,12,0,2,2,9,2,0,56,13,0,14,1,4,7,17,0,10,1,31,6,2,3,3,2,2,0,3,77,2,56,2,2,0,2
"13_030. Maroon 5 - Animals_noise_-10dB_sample1.wav",190,1,44,8,2,2,9,4,1,1,0,2,0,0,1,3,11,154,68,67,0,50,27,3,29,4,4,0,4,0,7,11,14,6,7,6,1,0,0,0,180,2,1,2,1,1,56,0,0,5,0,11,10,2,0,0,0,12,0,2,1,1,0,0,2,1,0,7,1,1,8,16,1,4,28,19,0,13,2,8,0,12,0,5,0,35,3,1,4,1,1,1,2,3,43,9,28,2,12,4,6
"58_039. OMFG - Hello_noise_-10dB_sample2.wav",194,2,44,4,2,6,10,1,4,5,2,3,1,4,5,1,10,173,95,69,1,46,42,8,59,6,2,4,3,0,13,11,24,4,11,13,1,0,4,1,1,2,1,2,2,2,104,1,0,7,3,11,11,5,0,0,1,24,1,1,1,1,4,1,0,2,0,12,2,2,4,1,1,10,48,25,3,12,4,42,1,19,1,12,2,45,6,7,5,1,1,1,2,224,55,1,48,6,25,1,2
"83_004. Katy Perry - Roar_noise_-10dB_sample1.wav",206,3,48,5,1,4,15,0,1,1,1,2,2,1,1,3,13,173,132,77,2,66,48,2,83,4,2,0,2,3,13,11,42,12,2,6,1,2,11,1,1,2,1,1,4,0,108,1,0,2,1,11,11,6,0,1,52,24,0,4,0,0,0,3,1,2,2,13,1,1,0,4,1,3,64,19,0,16,3,8,0,15,1,5,2,34,6,3,2,1,2,2,3,2,79,2,55,4,12,1,2
"55_009. Taylor Swift - Shake It Off_noise_-10dB_sample1.wav",242,7,42,49,0,3,5,0,0,0,0,1,2,0,4,1,9,139,70,62,1,46,26,6,33,2,3,0,1,1,5,11,17,8,4,10,1,0,2,194,0,2,0,2,2,1,87,2,0,7,1,11,11,3,1,0,1,20,1,4,2,2,2,2,2,0,2,5,0,0,4,8,0,9,39,19,0,7,4,18,0,16,0,1,1,28,2,1,3,1,0,0,1,5,42,0,38,5,18,2,4
"85_011. Martin Garrix - Animals (Official Video)_noise_-10dB_sample1.wav",209,1,44,4,2,2,11,0,2,2,2,1,2,611,32,1,11,161,85,76,2,52,44,2,42,6,1,1,2,3,11,11,24,6,8,5,9,0,6,0,1,1,7,1,1,0,71,3,2,2,2,11,11,14,1,1,1,24,1,3,0,3,3,2,2,1,0,12,2,3,2,12,1,3,39,15,2,13,4,10,0,11,1,6,1,28,2,3,1,1,1,1,2,5,55,2,46,3,4,0,4
"44_Sacred Beast_noise_-10dB_sample2.wav",191,1,48,5,1,3,12,0,1,1,6,3,19,13,23,6,13,160,132,77,3,66,54,2,78,4,1,0,5,2,11,11,40,59,23,6,12,0,0,0,1,2,5,2,2,49,109,2,1,82,33,11,13,16,8,3,2,25,3,6,4,3,2,2,1,20,4,12,1,2,3,4,4,12,61,19,0,1131,2,8,3,15,2,4,5,34,4,3,3,1,3,8,2,3,81,1,54,7,12,3,4
"2_023. Rachel Platten - Fight Song (Official Video)_noise_-10dB_sample2.wav",178,2,44,4,3,7,14,0,2,1,2,3,8,2,114,257,11,149,76,69,2,54,28,4,49,4,3,0,2,3,4,11,17,8,12,8,6,0,0,6,0,2,2,0,3,4,69,0,1,1,6,11,10,2,4,0,3,19,4,2,1,1,1,6,4,1,2,14,0,1,14,18,2,6,45,17,1,10,3,12,0,12,1,4,1,31,9,1,0,2,1,1,1,3,57,2,32,8,8,1,8
"48_027. MAGIC! - Rude (Official Video)_noise_-10dB_sample2.wav",196,6,44,8,1,4,16,1,3,4,1,2,1,3,1,3,11,168,99,70,6,46,59,4,58,6,2,0,4,1,13,11,31,4,6,2,2,200,4,1,0,8,1,2,1,1,91,0,0,1,0,11,11,7,0,0,1,22,0,2,0,4,2,7,1,1,0,11,0,7,2,0,2,6,65,19,2,18,1,4,0,21,1,3,0,34,4,2,4,1,2,3,2,3,57,1,58,4,6,1,4
"77_065. Nightcore - Ghostbusters_noise_-10dB_sample2.wav",214,1,52,6,1,3,15,0,1,2,0,1,0,2,2,1,11,170,123,77,3,101,64,2,64,17,0,1,4,1,11,11,32,3,2,4,0,0,0,0,2,2,0,4,3,2,111,2,0,3,1,11,11,4,0,0,1,22,0,6,1,4,3,2,0,0,0,11,0,6,4,0,2,6,56,17,6,13,1,3,2,17,4,2,0,28,4,1,1,1,0,4,6,2,73,4,55,4,14,0,2
"90_064. Eurythmics, Annie Lennox, Dave Stewart - Sweet Dreams (Are Made Of This) (Official Video)_noise_-10dB_sample2.wav",300,3,60,2,0,1,15,0,2,1,2,2,0,0,0,3,15,173,131,75,0,66,44,4,66,2,3,0,3,0,11,11,30,5,2,3,0,0,0,0,0,0,0,1,2,1,88,0,1,0,0,11,11,12,0,0,0,30,0,4,0,2,1,2,0,0,2,15,0,0,0,5,0,0,46,16,0,13,2,16,0,11,0,3,1,25,1,0,0,34,0,1,0,5,85,0,48,4,5,0,2
"28_074. American Authors - Best Day Of My Life_noise_-10dB_sample2.wav",249,8,44,8,0,4,12,1,4,2,2,2,1,0,3,1,11,342,116,76,6,51,50,7,72,6,0,2,3,0,11,11,29,4,12,10,0,3,0,0,1,1,0,1,2,0,102,0,2,3,1,11,11,4,2,3,0,22,0,6,0,4,1,2,8,8,1,11,3,2,2,2,0,6,53,26,1,15,8,9,2,18,0,18,1,25,3,0,0,2,0,2,2,6,75,2,50,4,24,1,2
"31_058. Rub Some Bacon on It_noise_-10dB_sample2.wav",186,3,48,27,6,23,13,0,2,4,24,15,125,2,170,68,12,154,132,254,2,51,44,6,181,3,2,7,2,1,11,11,28,1235,113,6,18,0,1,2,7,4,1,5,7,115,100,1,1,297,4,11,11,9,40,0,2,24,15,0,0,4,1,5,1,17,0,11,1,1,2,89,4,3,54,23,1,49,2,25,0,15,6,10,17,152,5,6,6,2,1,2,2,2,71,88,52,32,12,3,15
"11_062. Pipe Guy - HouseTranceTechno Live_noise_-10dB_sample2.wav",188,85,44,5,1,6,9,3,2,1,9,3,3,17,2,0,11,155,79,68,2,54,32,6,36,3,40,1,3,5,6,11,24,8,26,13,9,3,4,0,0,2,1,1,2,7,87,0,8,0,4,11,11,22,20,0,7,31,0,4,0,8,4,2,4,23,2,11,2,1,0,0,0,6,48,27,0,14,4,14,1,27,0,22,2,38,4,4,2,232,0,2,6,3,55,1,63,8,28,1,6
"61_045. The Black Eyed Peas - I Gotta Feeling (Official Music Video)_noise_-10dB_sample1.wav",197,3,44,6,1,3,8,0,1,1,0,4,3,2,1,6,11,178,96,66,3,66,38,6,52,3,0,0,3,1,8,11,28,10,4,5,0,1,0,0,1,4,0,4,2,0,88,0,0,2,2,11,13,4,2,0,1,37,1,8,1,1,0,1,2,0,0,12,0,2,3,0,0,4,48,15,1,15,4,9,0,14,1,2,1,382,2,1,1,3,0,2,0,7,61,1,52,7,0,0,1
"78_026. Katy Perry - Firework (Official Music Video)_noise_-10dB_sample1.wav",188,1,45,7,0,4,15,0,1,1,2,3,4,3,3,0,11,159,129,77,0,64,72,4,71,6,0,0,3,1,11,11,34,5,8,2,1,1,0,2,2,1,2,1,4,2,114,75,1,2,1,11,13,5,0,2,3,22,4,6,1,6,3,4,2,1,1,11,1,2,2,0,2,0,58,17,4,15,2,10,0,14,1,6,3,31,7,6,6,0,2,4,4,3,77,2,54,1,6,1,4
"82_A Lady_noise_-10dB_sample1.wav",199,31,44,562,1,5,16,35,38,2,0,4,2,0,1,1,13,168,135,77,0,66,52,49,74,3,4,0,5,17,11,11,26,40,6,7,15,3,920,0,24,5,0,5,3,0,144,72,3,7,4,11,15,99,0,0,3,37,3,8,4,4,5,2,301,0,6,13,7,99,7,5,15,6,63,15,2,13,3,10,2,18,3,153,2,37,96,1,4,2,0,1,7,7,77,2,58,8,8,1,2
"67_090. Josh Groban - You Raise Me Up (Official Music Video) [HD Remaster]_noise_-10dB_sample2.wav",196,318,48,6,7,3,16,2,1,4,3,4,2,2,3,6,12,170,144,77,2,60,48,7,68,4,8,3,5,0,11,11,46,8,6,6,2,1,4,1,2,2,3,2,3,4,113,4,1,2,2,11,12,32,3,3,2,34,1,5,5,2,4,2,2,3,1,14,4,2,4,0,4,12,66,15,2,16,2,12,3,15,5,2,4,28,4,3,4,2,1,4,1,4,77,7,73,4,10,10,2
"83_004. Katy Perry - Roar_noise_-10dB_sample2.wav",205,30,48,5,0,7,16,1,2,1,0,2,1,0,1,1,13,163,132,77,3,64,46,4,69,2,0,0,5,5,11,11,31,4,1,4,0,1,4,1,1,2,5,1,2,2,106,69,0,1,42,15,11,4,8,0,205,24,7,3,11,4,4,3,1,0,1,13,8,3,2,3,2,3,56,15,0,16,1,4,3,16,6,0,1,28,2,6,1,1,0,4,12,4,77,24,56,4,8,5,1
"85_011. Martin Garrix - Animals (Official Video)_noise_-10dB_sample2.wav",217,2,46,1,1,0,11,4,0,0,3,0,14,77,4,1,12,158,108,75,0,66,46,5,65,2,0,0,4,0,11,11,24,18,4,6,3,0,3,2,0,4,0,1,2,2,76,0,0,0,0,11,11,6,0,0,0,37,0,2,0,3,1,1,2,0,0,37,1,0,2,1,0,2,41,11,0,12,5,24,0,13,0,3,1,25,2,9,1,0,0,2,3,7,71,0,44,2,3,2,2
"99_080. Melanie Martinez - Carousel (Official Music Video)_noise_-10dB_sample2.wav",223,20,44,44,2,4,19,4,2,3,0,4,1,36,4,3,12,174,135,77,4,63,46,6,76,6,2,11,3,11,11,11,28,14,70,2,2,0,0,0,2,2,0,2,3,4,100,1,0,2,0,11,36,20,1,29,1,24,0,2,0,11,2,2,1,2,0,1323,2,2,4,5,0,6,76,21,20,16,2,10,1,27,1,37,1,31,6,6,6,52,6,4,1,2,77,3,52,6,14,3,4
"17_084. Thomas Rhett - Crash and Burn_noise_-10dB_sample2.wav",221,9,52,3,6,5,12,7,2,2,0,3,10,4,10,6,145,167,142,77,8,66,50,7,85,4,0,8,3,7,13,11,29,6,3,6,3,3,0,3,5,2,3,2,4,3,114,5,0,9,1,11,13,5,1,2,3,28,0,2,1,4,2,1,1,13,2,11,7,4,3,0,3,19,58,21,1,16,2,12,4,15,2,2,4,28,4,4,1,5,4,5,4,3,77,10,56,4,14,3,4
"103_037. Calvin Harris, Rihanna - This Is What You Came For (Official Video) ft. Rihanna_noise_-10dB_sample2.wav",206,0,50,2,9,6,10,0,4,4,1,1,12,3,17,5,12,144,98,75,2,56,47,4,56,3,4,2,2,0,9,11,24,5,7,8,1,0,4,12,1,4,1,0,1,3,93,0,0,2,4,11,11,4,5,0,0,26,1,4,0,1,2,3,1,0,2,12,0,1,5,1,1,6,64,19,1,12,2,12,0,19,0,8,4,34,19,12,2,2,0,2,0,4,59,0,48,6,10,1,264
