"42_046. Meghan Trainor - NO_clean_sample1.wav",201,68,43,0,50,28,22,35,56,27,30,58,33,50,53,43,38,96,50,48,40,1,5,94,127,52,43,27,5306,6,36,2,3,84,52,20,56,70,4,41,49,4,86,32,37,38,1,49,5,62,24,44,21,7,24,86,46,33,40,45,39,40,66,35,10,56,38,54,98,83,102,22,37,34,3,35,41,1,34,55,55,3,40,14,83,38,2,63,38,71,49,171,49,76,18,52,2,37,1,42,60
"37_063. Bastille - Pompeii (Official Music Video)_clean_sample2.wav",196,83,95,3,59,52,64,32,55,38,37,77,38,109,47,42,73,41,60,49,35,2,2,2595,73,46,49,41,25,4,66,2,2,101,67,64,69,54,13,77,52,6,65,61,75,41,3,73,1,36,63,64,42,12,30,41,55,35,52,52,87,53,54,51,4,55,39,80,51,49,72,20,45,37,3,45,35,2,40,84,39,4,53,8,70,42,2,70,39,49,82,66,68,51,60,64,2,45,1,45,51
"53_102. What_clean_sample1.wav",176,22,34,71,52,45,29,39,20,14,11,67,51,28,44,30,41,36,30,48,48,2,23,72,24,28,54,106,52,2,56,1,2,52,53,16,33,24,1,24,38,7,55,28,56,16,3,20,1,29,23,22,28,8,13,26,30,21,19,21,36,2877,26,26,2,64,24,17,53,36,68,9,35,33,6,16,26,5,37,58,22,2,34,66,28,48,2,56,58,16,36,82,25,20,10,61,1,17,0,51,39
"47_020. Warriors (ft. Imagine Dragons)  Worlds 2014 - League of Legends_clean_sample2.wav",182,29,61,2,21,47,31,21,30,17,8,34,26,36,38,28,28,21,17,26,22,2,2,18,39,28,24,40,17,3,20,2,9,44,31,35,17,26,1,16,21,8,56,49,20,31,6,18,5,28,25,31,21,23,14,20,26,28,20,31,30,22,29,30,2,26,19,30,30,2753,35,11,48,19,4,26,16,4,21,65,16,5,26,11,44,18,4,20,20,45,34,45,27,24,24,23,4,36,3,35,22
"61_045. The Black Eyed Peas - I Gotta Feeling (Official Music Video)_clean_sample1.wav",194,34,44,11,33,102,33,41,25,12,33,23,23,151,41,35,40,55,42,78,63,11,3,58,35,84,28,28,45,4,54,5,58,75,34,43,38,58,3,80,44,28,42,51,63,41,5,47,4,46,40,30,21,2,41,26,56,26,24,28,47,72,45,21,7,23,39,27,80,37,54,3,106,67,4,27,23,5,47,96,28,2,51,12,25,3743,4,29,43,49,54,57,47,49,19,72,1,64,8,85,37
"92_025. Fall Out Boy - Immortals (From Big Hero 6)_clean_sample1.wav",173,70,73,2,69,145,241,42,224,20,12,314,11,72,76,44,38,126,17,96,66,2,2,98,95,45,59,3106,29,5,36,5,3,404,86,13,111,177,3,283,77,5,295,80,86,90,2,77,3,153,76,72,18,69,40,33,137,85,31,44,351,35,39,60,7,117,143,7,77,51,98,12,117,140,3,66,51,0,104,103,108,11,48,6,87,229,6,41,20,65,515,161,50,43,32,629,2,199,0,280,18
"87_079. twenty one pilots Heathens (from Suicide Squad The Album) [OFFICIAL VIDEO]_clean_sample1.wav",171,31,46,66,102,55,20,18,43,8,12,27,42,63,38,20,24,43,30,35,21,3,25,39,24,34,34,30,16,4,38,21,8,46,22,24,15,22,11,28,47,7,42,17,19,21,2,18,1,26,35,47,20,27,66,32,74,13,20,28,20,24,28,29,11,37,9,23,42,27,27,21,24,20,4,1838,26,8,39,32,28,3,42,27,110,44,16,34,14,25,46,70,22,75,19,37,2,37,1,20,42
"70_You and Me_clean_sample2.wav",172,77,2,19,22,3,1,2,2,5,1,2,2,2,23,4,2,10,3,2,1,3,6,1,59,6,3,2,3,4,2,36,155,6,6,1,2,1,64,3,5,7,2,1,4,7,82,2,10,96,3,2,17,143,1,2,1,6,7,6,4,2,1,1,2,2,1,2,4,3,1,49,48,10,9676,1,3,168,1,2,1,8,2,180,4,2,6,2,3,5,1,6,5,0,2,3,154,3,67,1,4
"60_057. Get Off The Phone Song_clean_sample1.wav",180,46,33,33,70,62,139,26,41,21,32,42,74,54,39,21,44,65,39,42,52,2,14,52,71,40,56,70,26,4,76,3,13,82,44,47,85,33,5,21,52,6,26,2177,84,30,5,48,0,51,64,26,32,10,37,37,18,117,27,34,26,108,41,23,18,45,25,99,44,55,53,5,63,41,2,26,38,2,82,39,54,7,33,24,80,52,30,49,22,40,40,123,25,118,32,36,1,29,2,46,46
"30_Cannibal_clean_sample2.wav",174,100,13,797,31,11,3,45,50,5,1,3,6,9,4,4,4,4,2,45,1,3,74,78,7,11,2,10,3,12,5,37,92,105,3,5,17,4,84,5,26,26,2,3,7,2,92,6,1,39,4,5,47,252,4,13,4,2,2,3,3,3,6,3,565,20,2,4,3,305,36,8,15,5,99,18,3,132,5,4,8,22,7,6674,7,7,401,6,2,2,4,2,11,3,4,7,97,4,54,3,9
"100_059. Nilla Wafer Top Hat Time  Song - Rhett & Link_clean_sample2.wav",177,95,151,2,84,135,241,80,75,55,66,115,71,81,194,75,108,177,84,168,19,1,10,123,231,52,79,152,69,12,96,20,4,172,221,136,94,125,12,144,265,21,101,123,154,124,15,141,2,162,105,60,279,13,26,37,129,290,32,72,89,60,99,117,1,56,57,68,104,76,203,7,85,149,2,60,65,4,70,118,29,2,66,9,217,52,2,224,3914,98,195,84,40,50,75,144,2,43,3,100,146
"39_051. Galantis - No Money (Official Video)_clean_sample1.wav",171,69,60,10,128,156,79,58,140,25,75,52,60,124,64,38,144,171,67,104,98,1,3,97,139,41,54,121,57,11,65,7,5,78,111,38,264,95,14,87,181,8,100,60,99,80,6,81,2,146,120,69,56,17,34,29,77,205,34,81,66,119,120,4874,4,130,77,54,187,91,89,15,81,44,2,56,28,4,59,115,125,4,70,4,118,91,4,101,47,103,146,147,45,217,45,109,0,53,4,261,93
"31_058. Rub Some Bacon on It_clean_sample2.wav",161,24,36,4,29,27,32,24,16,6,13,74,19,24,64,19,17,44,21,41,40,3,1,19,50,14,12,263,20,4,21,1,5,1642,27,12,42,40,0,21,40,5,26,37,20,154,9,35,2,43,6,11,6,9,28,10,26,23,27,30,27,7,34,20,0,51,12,39,43,7,51,7,18,17,8,29,10,10,18,38,19,4,36,4,44,36,0,56,16,21,12,38,63,14,13,25,2,28,2,18,14
"3_100. Owl City & Carly Rae Jepsen - Good Time (Official Video)_clean_sample2.wav",177,136,123,4,94,116,236,64,123,24,35,161,122,133,216,54,102,200,120,111,39,3,3,90,262,241,280,81,60,4,124,8,5,427,144,242,407,406,15,160,320,2,4130,53,72,119,5,116,3,120,159,89,24,9,76,285,151,187,30,63,74,69,42,61,6,158,69,61,89,131,166,6,38,125,2,35,227,2,109,54,77,4,112,11,165,101,2,102,75,76,336,122,110,102,35,184,2,114,1,254,65
"17_084. Thomas Rhett - Crash and Burn_clean_sample2.wav",179,33,67,8,96,44,70,23,88,17,28,34,45,51,44,40,5115,40,45,22,39,1,5,77,72,31,21,50,24,5,95,4,12,53,28,30,65,49,13,67,44,6,46,37,36,37,13,59,1,33,45,69,14,8,20,53,41,34,24,47,51,30,26,18,2,44,28,49,51,32,142,9,44,29,5,30,27,7,24,45,61,7,36,10,30,34,2,45,32,95,50,38,33,29,41,32,7,78,8,49,29
"43_098. Nightcore~ The Wolf_clean_sample1.wav",183,89,67,4,60,118,248,73,105,31,25,129,91,65,126,65,139,69,144,80,380,2,0,114,84,39,43,193,104,5,194,2,4,248,199,437,241,252,4,96,188,15,230,74,64,159,14,170,3,266,91,88,57,4,144,109,240,133,39,65,51,175,254,40,4,149,33,336,53,208,216,10,62,216,4,136,46,11,37,155,76,7,104,12,97,93,1,342,52,65,204,104,100,81,73,3987,2,81,9,95,167
"13_030. Maroon 5 - Animals_clean_sample1.wav",188,67,146,5,78,79,157,35,100,23,24,74,56,64,100,77,89,127,80,69,40,5,3,62,72,26,61,49,80,2,95,2,3,116,100,149,94,46,5,56,2675,7,72,37,175,77,24,43,1,58,58,36,19,11,53,151,92,60,38,44,73,114,51,104,12,106,86,52,62,43,88,11,58,89,4,60,43,4,113,92,42,5,73,20,141,86,0,60,62,40,85,45,68,115,29,95,2,48,0,92,63
"7_092. Harry Potter Medley on Marimba_clean_sample2.wav",292,60,19,5796,4,9,10,161,14,3,1,1,30,4,2,6,24,24,17,25,0,3,513,19,47,45,4,2,1,4,7,38,19,16,11,8,6,2,5,7,29,4,2,0,13,3,34,8,20,186,2,1,26,345,10,1,3,5,0,8,15,111,5,5,55,790,10,2,4,55,3,26,2,2,11,43,0,40,2,2,4,22,4,767,2,226,50,3,0,1,4,25,7,10,10,1,5,33,5,4,10
"71_083. My Singing Monsters - Plant Island Theme_clean_sample2.wav",293,3,8,180,3,5,2,2,2,3,3,2,5,2,12,2,3,13,6,10,109,23,5175,8,5,4,2,3,4,8,11,16,20,47,8,6,8,3,4,1,2,4,43,4,5,9,72,11,8,25,6,13,5,7,7,3,4,4,3,6,4,7,11,11,24,7,15,7,3,3,11,3,3,4,22,35,2,18,3,5,14,2,2,41,1,7,5,4,4,5,10,7,13,7,3,11,8,8,4,4,3
"99_080. Melanie Martinez - Carousel (Official Music Video)_clean_sample2.wav",203,64,42,24,46,46,20,26,62,57,46,58,87,60,23,36,44,29,44,56,57,2,3,60,70,55,30,38,40,12,28,2,6,108,70,45,66,47,2,130,36,13,74,74,37,56,2,52,10,55,39,78,40,18,17,64,56,64,25,30,35,30,109,18,6,129,40,4302,43,57,85,17,32,28,3,26,42,1,39,57,68,8,60,37,76,54,1,91,62,62,33,62,40,27,22,79,3,21,7,54,120
"94_Banana Man_clean_sample2.wav",211,35,41,4,68,55,45,29,49,21,17,38,40,38,27,22,65,32,33,49,68,8,4,47,78,4066,33,50,58,2,40,3,6,72,44,38,34,47,4,62,41,7,51,45,29,34,2,38,4,44,39,53,21,6,28,44,32,43,18,41,27,59,49,38,2,48,30,27,95,54,33,5,49,32,0,51,26,2,25,76,45,3,49,4,54,39,2,38,60,43,49,58,26,89,39,52,5,38,1,45,57
"78_026. Katy Perry - Firework (Official Music Video)_clean_sample2.wav",188,60,98,6,78,100,90,16,51,18,20,62,78,38,77,180,108,26,91,65,39,1,4,47,80,36,50,73,16,5,34,3,2,93,54,14,65,50,4,120,56,7,51,75,87,113,2,2988,1,109,133,96,19,8,37,20,93,28,17,34,54,34,36,67,3,170,14,55,106,43,41,9,59,32,4,29,43,3,25,40,28,7,40,0,108,26,2,60,22,63,55,61,34,108,87,73,0,25,5,34,45
"6_043. Wintergatan - Marble Machine (music instrument using 2000 marbles)_clean_sample2.wav",200,64,58,67,201,109,71,92,44,14,38,48,70,74,64377,159,33,85,65,275,17,9,29,47,92,39,22,60,27,61,46,144,123,102,67,298,50,44,99,525,52,3,50,31,53,150,11,37,4,462,82,34,45,33,325,24,105,112,114,53,55,41,34,86,28,142,58,30,66,122,95,2089,85,84,43,97,100,65,125,28,37,108,33,16,157,59,3,58,46,40,192,91,255,47,156,112,5,102,3,41,94
"66_Cruel_Summer_clean_sample2.wav",176,7,2,18,1,1,2,27,1,0,2,0,1,2,1,3,1,5,2,2,0,4,10,2,2,4,1,1,6,2,1,6,8,3,2,1,4,0,1,2,9,1,2,1,1,6,21,1,1799,6,9,1,2,24,0,0,2,2,0,5,2,2,2,0,1,85,2,2,2,1,1,2,2,2,6,3,1,7,2,1,2,3,2,19,2,9,4,2,2,4,1,2,2,2,4,2,2,3,0,2,2
"98_021. Alan Walker - Faded_clean_sample1.wav",188,84,122,5,47,70,42,18,56,28,33,102,27,33,84,39,135,50,39,77,22,4,3,88,31,38,39,47,43,5,81,1,11,114,69,90,71,53,6,30,54,6,44,46,58,33,2,52,0,104,71,3163,23,5,15,44,55,40,43,39,44,47,24,36,4,64,34,50,26,27,53,4,29,32,0,16,28,0,35,72,60,4,65,5,39,31,10,62,32,27,49,63,20,20,40,63,3,43,0,42,31
"4_003. Lorde - Royals (US Version)_clean_sample1.wav",178,15,49,33,19,31,7,7,14,8,26,10,12,20,15,31,33,30,1366,10,21,7,1,22,25,17,34,24,19,3,27,3,4,27,18,7,33,61,1,18,29,3,12,13,26,63,2,17,30,14,20,10,10,2,10,17,44,76,16,47,19,9,26,38,19,19,24,10,36,34,19,3,11,22,5,2,27,2,10,39,14,3,15,4,12,23,1,21,10,9,13,37,14,15,12,10,3,16,4,63,23
"62_061. LEFT SCREEN ONLY Spot the Differences_clean_sample1.wav",180,64,121,33,125,72,73,24,19,96,17,69,7,65,55,40,70,74,57,60,18,3,12,43,156,51,90,59,61,5,159,4,5,28,30,37,143,51,5,70,48,15,307,34,152,22,0,41,2,33,22,31,31,1,40,72,20,21,12,115,52,261,217,42,4,116,27,44,42,20,77,4,30,24,3,14,120,6,43,58,5908,4,46,7,22,41,9,27,239,32,121,30,81,58,23,24,1,37,0,52,28
"21_085. Janji ft. Johnning - Heroes Tonight 1 HOUR_clean_sample1.wav",182,106,2,125,26,12,5,12,6,6,2,4,3,1,2,6,4,51,1,3,2,2,12,3,7,3,2,9,5,6,2,172,328,16,5,3,2,1,53,5,5,12,3,2,8,3,82,3,12,33,1,1,35,112,5,7,10,5,1,8,3,4,3,4,1,3,2,1,4,2,2,10,3,19,166,7,3,127,2,5,1,10,1,98,10,13,9,5,3,4,1,3,4,5,2,3,148,1,107,3,2
"51_088. Steven Universe - We Are The Crystal Gems_clean_sample2.wav",190,156,186,4,52,192,231,59,61,32,37,152,87,180,52,57,63,79,93,70,110,2,3,71,144,30,127,82,41,3,71,1,13,105,139,47,163,69,42,48,190,4,87,182,86,71,4,67,1,99,210,173,104,21,92,128,260,243,43,47,33,105,64,53,8,124,49,90,154,71,54,11,3088,90,5,106,52,4,49,146,77,7,224,8,92,69,2,126,44,112,88,93,75,322,34,92,2,58,2,135,186
"69_066. Jessie J - Bang Bang ft. Ariana Grande, Nicki Minaj_clean_sample2.wav",191,54,103,6,186,48,158,41,50,22,56,451,25,59,47,52,90,65,70,76,81,2,17,196,47,40,138,347,134,3,120,0,1,57,82,98,242,29,2,85,260,17,212,51,139,186,3,101,1,78,75,35,85,3,84,1650,65,155,25,83,189,41,75,67,2,139,163,112,111,29,217,9,28,31,1,63,68,2,31,100,72,7,180,8,258,84,1,67,63,97,307,85,45,111,30,55,1,22,9,123,145
"80_077. Emeli Sandé - Hurts_clean_sample1.wav",189,65,118,10,127,60,88,66,51,96,81,174,54,63,71,112,71,244,130,79,32,1,7,122,53,45,27,130,40,1,61,4,37,120,281,27,73,48,12,130,69,3,247,37,6109,114,4,97,2,51,183,56,72,14,63,138,191,306,38,38,69,70,52,64,8,54,30,133,219,101,377,7,60,153,7,62,28,10,49,65,54,7,61,13,145,62,3,150,82,47,800,154,50,81,31,240,2,80,7,81,124
"73_Turn the Lights Off_clean_sample2.wav",181,8,16,6,6,11,124,8,8,24,1,60,12,8,14,6,15,2,9,3,4,10,0,4,15,6,9,35,3,4787,6,3,4,45,10,20,8,9,1,4,24,1,11,4,25,4,5,16,1,17,35,8,7,62,19,16,20,17,3,5,6,4,11,4,56,7,46,5,14,2,18,31,4,12,1,20,12,19,6,23,4,4,5,4,13,34,8,8,7,8,6,55,8,63,16,8,1,3,2,13,15
"39_051. Galantis - No Money (Official Video)_clean_sample2.wav",192,118,99,23,80,63,44,33,56,24,36,69,51,37,42,45,62,38,56,46,17,3,4,83,44,36,22,51,41,6,81,3,80,83,120,53,137,67,6,35,63,14,67,32,69,50,4,53,1,31,45,47,70,10,38,28,45,28,27,43,91,21,34,2850,57,40,36,40,69,74,79,47,44,26,4,42,34,3,44,65,23,4,39,9,66,63,7,51,31,24,56,97,104,40,30,42,2,41,1,126,29
"85_011. Martin Garrix - Animals (Official Video)_clean_sample2.wav",190,83,58,3,55,48,35,15,38,34,14,96,25,4162,38,25,35,30,31,45,26,2,5,23,34,18,22,27,41,3,36,5,3,44,46,21,35,28,8,22,27,9,83,27,24,50,8,114,0,375,45,23,23,16,19,28,45,41,21,26,40,33,30,24,7,68,26,43,27,22,44,3,32,30,3,24,17,9,35,37,38,8,35,5,51,75,2,35,23,36,64,28,34,32,17,50,11,20,4,36,38
"99_080. Melanie Martinez - Carousel (Official Music Video)_clean_sample1.wav",191,124,52,53,55,39,100,28,68,41,31,89,54,52,52,38,67,52,46,62,91,0,1,123,87,42,53,59,42,28,44,4,35,154,87,58,46,72,3,88,53,28,87,41,229,68,1,93,2,91,35,59,83,5,25,120,57,46,23,70,83,30,53,30,10,160,88,10507,131,78,103,8,44,30,2,22,64,1,34,48,68,3,76,37,142,49,4,66,50,52,84,54,69,54,54,77,7,40,1,126,72
"22_094. Harry Potter Puppet Pals - The Mysterious Ticking Noise (Video With Lyrics)_clean_sample2.wav",177,22,8,149,13,22,7,8,7,2,18,7,2,7,35,7,5,8,8,19,8,26,34,5,10,14,4,6,6,4,4,31,30,30,6,9,13,6,12,6,10,13,7,7,7,7,13,8,1,8,10,8,16,39,5,7,9,4,9,12,4,6,4,4,122,12,6,9,6,42,15,13,4,10,13,9,12,20,3,9,6,6963,10,173,11,7,40,8,5,3,10,8,6,5,9,4,6,6,18,5,13
"54_016. Taylor Swift - Blank Space_clean_sample2.wav",186,30,33,44,19,44,34,12,72,32,19,18,18,68,34,19,44,41,29,48,46,1,6,53,24,24,28,45,24,3,66,7,4,31,35,24,38,39,6,21,67,4,42,49,18,55,3,51,2,24,23,26,25,7,11,28,54,2288,15,34,41,16,43,17,4,25,46,24,32,29,51,11,40,44,2,22,67,1,16,32,25,4,28,2,41,20,2,17,30,20,51,30,18,24,20,28,2,32,3,63,33
"45_005. OneRepublic - Counting Stars_clean_sample2.wav",188,86,82,39,47,145,66,29,79,26,21,382,49,68,78,119,86,51,51,62,50,3,7,285,151,43,44,41,41,3,78,35,38,127,41,93,86,104,3,137,143,6,94,70,38,106,18,82,1,65,67,57,25,24,65,59,174,84,25,64,116,26,47,50,6,78,38,133,3171,48,93,4,104,118,8,64,64,6,43,58,87,6,74,20,86,50,9,95,36,21,167,93,61,84,42,273,12,41,19,124,85
"100_059. Nilla Wafer Top Hat Time  Song - Rhett & Link_clean_sample1.wav",188,40,54,16,196,120,144,83,90,50,17,111,68,87,84,75,72,91,124,64,53,9,17,130,129,56,33,90,86,14,95,9,4,72,31,149,85,283,4,74,222,9,210,107,63,68,3,129,2,112,109,106,48,4,18,47,84,77,31,140,64,95,78,84,9,34,32,19,73,56,179,10,83,44,3,31,48,2,66,227,37,8,53,10,97,60,4,44,3610,38,42,43,118,218,22,144,1,40,4,64,48
"70_You and Me_clean_sample1.wav",175,148,2,44,9,5,2,5,2,2,1,3,4,1,4,4,4,1,3,1,3,1,127,4,2,14,2,2,2,1,2,37,79,4,3,2,1,2,97,1,2,19,5,3,4,5,79,2,15,61,1,2,18,49,2,3,4,8,2,5,3,1,4,1,5,9,3,3,5,5,1,3,4,6,4166,3,3,46,2,3,1,6,4,71,4,7,4,5,8,6,4,8,1,1,4,4,100,5,76,2,33
"89_091. Faster Car - Anders Lystell feat. Kaliber [EPIDEMIC SOUND] (Lyrics)_clean_sample1.wav",188,111,48,14,198,74,188,80,71,63,22,63,98,42,166,41,36,51,96,72,31,4,11,76,50,35,47,40,52,11,50,17,25,91,80,67,122,47,11,68,55,6,84,69,67,47,28,33,1,171,76,93,4505,14,42,26,108,187,37,55,33,46,90,21,8,25,30,36,41,58,83,7,42,52,16,33,73,28,96,167,68,17,33,28,36,40,2,77,40,52,134,141,45,71,34,112,20,35,29,59,140
"23_048. Pharrell Williams - Happy (Official Music Video)_clean_sample2.wav",205,130,154,4,150,398,149,49,293,55,60,121,63,111,215,81,265,323,67,212,87,3,0,103,150,89,65,135,52,3,288,1,2,272,109,97,76,203,5,546,190,7,205,71,88,102,2,123,1,144,121,81,32,7,157,33,191,253,44,77,152,54,249,69,6,149,50,43,187,136,118,8,85,90,4,44,81,4,51,79,207,8,132,3,154,96,2,155,76,167,5158,149,83,36,54,484,2,89,10,108,126
"96_089. American Boy by Estelle and Kanye West_clean_sample2.wav",189,467,4,59,8,3,4,3,8,5,1,2,4,3,4,4,3,2,7,2,3,3,1,3,3,6,2,4,5,1,3,82,114,5,2,2,4,3,55,6,4,12,2,2,2,3,89,4,1,28,2,4,28,46,3,4,4,10,2,5,4,4,3,0,3,5,2,2,4,3,1,0,2,4,58,1,2,46,0,1,2,10,3,112,35,3,84,2,1,2,2,4,1,4,2,4,73,4,2183,2,5
"103_037. Calvin Harris, Rihanna - This Is What You Came For (Official Video) ft. Rihanna_clean_sample1.wav",192,62,84,16,75,122,128,24,63,62,27,116,79,155,58,65,64,65,39,73,132,0,0,100,92,49,44,99,34,6,59,4,4,150,70,37,90,66,14,178,60,4,67,48,111,129,0,72,1,76,107,77,41,21,43,187,82,190,44,38,54,117,63,72,2,95,36,118,45,86,137,22,55,56,2,18,42,3,65,71,80,6,90,30,81,58,6,45,27,30,256,240,93,208,46,160,2,46,4,98,3131
"94_Banana Man_clean_sample1.wav",193,31,38,7,132,46,39,21,43,27,13,37,26,62,29,23,27,41,21,35,32,11,3,34,46,3400,17,33,17,10,38,3,10,43,46,41,41,55,3,24,35,8,118,49,38,35,1,68,0,40,55,26,30,9,22,21,35,35,26,18,29,54,27,16,25,34,28,56,32,37,36,14,31,34,12,125,34,6,13,50,47,4,31,3,22,65,1,28,20,32,21,53,23,44,18,28,13,38,1,55,24
"77_065. Nightcore - Ghostbusters_clean_sample1.wav",177,2,2,6,3,8,5,2,3,4,1,1,3,1,3,2,1,6,0,6,19,4987,3,2,4,4,3,2,4,6,3,1,2,10,7,11,31,2,0,4,16,5,3,0,3,2,0,6,1,3,2,3,2,4,3,4,2,1,0,0,1,9,2,2,40,4,2,3,2,7,2,8,1,6,2,4,2,6,4,1,4,18,8,1,1,2,1,1,0,1,5,4,0,2,2,1,0,9,5,2,3
"15_060. My OCD (Song)_clean_sample1.wav",186,53,41,40,37,36,28,25,22,15,27,83,5910,45,40,20,34,42,63,125,74,3,7,48,80,49,32,51,15,3,40,8,3,64,36,21,73,48,5,62,37,4,65,45,85,64,2,40,1,45,60,48,76,10,15,34,46,50,16,28,27,34,31,45,3,45,44,122,42,44,35,7,37,44,2,24,80,5,30,63,55,4,85,10,28,24,2,33,25,33,34,50,23,81,44,61,1,28,1,73,75
"91_Greener_clean_sample2.wav",177,15,6,8,6,4,6,4,6,5,4,3,6,13,5,6,7,8,8,4,18,11,3,2,7,6,13,18,2,12,7,3,7,20,5,3,5,6,9,8,5,2,8,6,9,8,20,7,1,8,3,3,18,57,7,11,2,2,2,4,4,5,6,3,3086,9,15,3,10,12,6,26,4,4,4,2,6,2,6,5,4,5,25,20,2,12,7,10,1,18,2,8,2,10,4,3,3,2,2,7,521
"57_Numb_clean_sample1.wav",181,13,1,27,14,21,7,6,1,12,2,2,30,3,3,6,2,2,1,23,8,3,1,3,1,3,11,4,4,3,3,4,2,2,3,13,3,2,1,2,2,6,5,6,2,0,9,2,4,3,2,4,9,3,6,2,3,1,1,1,2,9,4,2,3,3,8,4,2,5,3,11,3,6,1,9,1,16,6,3,4,7,2,17,1,12,5578,4,4,3,3,1,1,3,2,2,2,7,1,5,3
"82_A Lady_clean_sample1.wav",179,33,6,405,5,4,3,26,32,0,4,4,4,3,4,8,4,12,5,28,0,3,22,36,4,5,4,4,2,7,5,55,55,35,7,9,17,3,3129,4,17,5,4,4,3,1,34,39,4,6,4,3,8,77,7,1,4,4,8,7,8,8,5,2,353,6,11,3,16,77,10,17,5,2,42,24,4,39,3,2,6,10,4,107,3,5,93,4,3,3,3,4,9,3,6,7,54,3,19,3,3
"2_023. Rachel Platten - Fight Song (Official Video)_clean_sample1.wav",185,56,54,7,34,113,79,31,36,50,31,70,43,36,112,4046,53,60,62,29,49,3,0,21,62,32,36,43,30,2,37,4,2,81,47,49,28,34,16,112,65,2,32,40,36,32,1,31,7,31,113,38,25,4,83,50,38,50,18,27,26,60,29,25,6,65,22,47,100,52,42,15,99,55,8,25,22,2,28,33,32,9,111,2,69,41,19,53,33,39,120,41,34,77,41,104,9,29,6,58,46
"5_002. Avicii - Wake Me Up (Official Video)_clean_sample2.wav",185,84,4076,6,66,102,54,40,108,23,27,139,94,84,45,32,70,94,67,63,37,1,2,250,118,47,86,320,70,8,117,14,0,105,142,218,69,209,4,72,94,5,191,44,118,71,1,102,0,64,90,137,39,3,61,41,165,44,49,58,185,46,56,43,3,65,81,50,60,71,109,12,45,72,1,31,56,1,40,114,94,8,74,8,40,199,1,151,67,32,96,100,51,42,96,135,1,169,1,210,89
"34_The Trap_clean_sample2.wav",179,41,1,23,11,2,2,2,2,2,4,2,13,16,28,4,3,9,2,22,0,2,6,3,16,3,5,2,2,4,1,29,62,20,12,4,4,4,13,4,1,17,2,4,6,57,3313,31,5,22,2,4,20,348,4,1,3,2,16,2,2,2,2,1,3,23,8,3,4,2,3,12,11,4,193,0,3,105,0,7,0,13,2,74,9,15,14,1,2,1,4,1,1,8,2,4,90,8,36,3,1
"86_019. Naughty Boy - La la la ft. Sam Smith (Official Video)_clean_sample1.wav",180,55,18,5,32,24,17,22,35,8,10,24,23,14,46,16,43,22,12,55,10,2,2,15,14,19,34,37,5,15,7,2,4,82,10,8,23,81,0,17,16,8,27,15,16,24,2,23,2,54,28,9,34,2,43,3,10,61,4,10,33,12,5,8,4,16,13,33,15,22,15,10,7,11,1,23,3,3,25,10,30,4,20,1,15,24,5,1505,17,25,16,69,12,7,7,24,4,21,0,32,23
"78_026. Katy Perry - Firework (Official Music Video)_clean_sample1.wav",193,53,56,9,82,84,65,23,95,43,22,48,41,112,74,25,110,60,153,65,42,3,8,79,58,42,44,38,43,4,50,4,17,97,112,53,61,127,1,54,98,6,35,67,106,76,19,2691,2,240,77,53,24,2,41,80,68,39,24,28,38,30,166,41,4,70,117,77,119,186,203,4,78,85,1,32,48,7,34,51,44,2,58,6,143,40,3,158,65,44,117,88,56,52,20,42,3,40,4,107,37
"46_032. Katy Perry - Wide Awake (Official Video)_clean_sample1.wav",189,77,83,18,45,3347,134,46,119,20,37,72,46,92,86,53,120,122,107,87,83,2,3,166,110,46,57,57,28,16,85,5,6,125,114,51,208,104,14,28,136,5,130,69,63,67,3,73,0,156,105,77,84,2,165,70,109,94,40,59,56,80,58,70,2,109,35,64,170,97,74,15,126,80,1,32,33,2,52,233,78,5,119,6,113,77,8,117,66,88,92,156,46,233,74,140,1,44,3,85,85
"104_024. twenty one pilots Stressed Out [OFFICIAL VIDEO]_clean_sample1.wav",180,25,47,54,19,43,10,8,23,7,9,32,17,25,17,18,18,23,24,48,94,0,13,23,17,19,84,30,16,4,51,6,8,18,30,11,79,54,26,34,17,1,10,13,30,12,5,33,1,13,20,12,12,418,10,24,18,10,18,28,20,52,24,13,4,20,1548,15,38,11,27,173,30,16,8,49,12,11,12,27,20,7,36,202,25,25,3,21,12,35,32,28,23,128,28,33,2,45,3,38,27
"26_017. David Guetta - Titanium ft. Sia (Official Video)_clean_sample1.wav",188,74,57,29,68,60,64,40,58,18,54,44,49,96,50,45,33,72,90,39,43,20,0,62,158,58,39,61,76,3,58,2,7,93,42,29,100,43,11,42,87,5,111,76,83,65,2,30,0,45,52,56,23,5,49,58,107,37,32,2212,36,88,39,24,1,54,36,54,76,49,117,9,66,32,8,54,28,11,30,71,51,9,34,6,71,42,2,137,60,38,105,144,39,65,29,129,12,83,0,33,36
"11_062. Pipe Guy - HouseTranceTechno Live_clean_sample2.wav",180,57,47,6,60,54,106,25,23,33,26,40,55,103,39,40,85,44,33,104,37,5,3,40,96,23,50,119,55,19,18,3,6,156,90,16,75,63,3,62,98,20,68,65,29,46,2,114,9,35,25,28,69,2,18,20,82,4,14,27,25,69,47,32,6,79,18,52,47,30,27,10,37,27,2,44,96,2,40,93,39,6,165,21,38,44,2,38,102,50,46,50,43,47,48,173,3,26,2,43,82
"30_Cannibal_clean_sample1.wav",183,149,8,48,7,7,14,3,11,7,1,7,6,8,7,6,4,8,8,4,2,5,20,11,24,4,4,9,9,2,6,62,134,4,23,5,5,7,67,5,8,55,13,5,6,7,151,3,9,138,7,9,24,112,3,7,8,6,2,6,5,18,6,3,7,8,7,4,8,4,4,16,29,11,123,4,3,129,8,6,4,16,10,7280,12,4,9,6,2,5,6,4,12,5,2,4,194,7,72,4,6
"69_066. Jessie J - Bang Bang ft. Ariana Grande, Nicki Minaj_clean_sample1.wav",192,152,83,5,51,108,38,13,88,49,19,164,28,40,96,133,74,103,49,65,103,2,2,42,85,49,98,51,51,2,81,2,5,95,118,61,38,119,3,29,109,14,207,74,95,37,0,145,1,79,73,76,102,33,34,2786,98,191,30,193,57,98,107,73,8,92,55,148,320,62,67,5,222,68,0,27,23,2,47,73,84,5,48,18,70,40,4,63,87,92,108,50,60,42,42,50,3,58,1,101,92
"54_016. Taylor Swift - Blank Space_clean_sample1.wav",186,42,67,6,86,128,122,12,39,23,6,80,28,244,104,51,214,60,168,67,19,6,3,87,60,54,38,58,45,2,63,6,8,162,61,85,65,48,2,128,101,1,201,78,70,108,6,87,2,143,28,34,110,4,30,75,49,2007,21,230,102,43,100,67,5,32,14,77,40,60,174,4,32,79,5,15,40,2,33,83,65,5,57,7,24,86,1,48,93,39,85,231,50,57,37,172,10,70,9,134,99
"61_045. The Black Eyed Peas - I Gotta Feeling (Official Music Video)_clean_sample2.wav",207,44,48,241,52,77,103,24,41,25,30,45,42,239,70,36,57,57,53,143,127,5,52,47,103,195,48,47,46,41,51,47,35,125,68,68,86,41,46,52,72,9,127,81,63,550,25,48,4,257,42,61,22,127,59,44,48,52,26,50,79,48,85,27,227,65,73,108,49,124,110,52,46,70,7,31,30,66,142,56,86,6,72,38,93,44424,3,68,101,107,133,99,66,108,46,1946,11,40,10,68,108
"103_037. Calvin Harris, Rihanna - This Is What You Came For (Official Video) ft. Rihanna_clean_sample2.wav",192,44,208,45,70,122,229,30,46,69,13,184,95,92,56,71,31,147,43,86,39,3,1,106,117,34,92,100,30,4,56,5,1,135,44,16,199,83,6,138,142,3,81,26,75,103,1,58,0,70,65,46,39,4,67,148,138,67,39,34,42,66,46,45,4,74,21,87,52,66,62,13,70,78,2,28,18,1,67,91,118,5,75,8,74,76,33,65,82,63,171,214,87,126,21,217,2,35,2,57,4026
"9_034. Pitbull - Timber (Official Video) ft. Ke$ha_clean_sample2.wav",195,54,71,2,224,95,84,26,112,24,18,156,40,116,62,45,90,89,45,56,64,4,2,94,71,42,65,206,24,1,3248,2,2,84,68,47,147,80,3,76,64,1,72,113,38,86,0,52,1,136,64,69,32,33,43,157,78,30,33,53,93,44,45,58,3,86,41,24,73,49,39,13,32,74,3,48,27,0,38,43,69,4,72,16,88,54,3,121,118,91,274,93,97,32,23,72,0,39,1,156,63
"27_022. Major Lazer & DJ Snake - Lean On (feat. MØ) [Official Music Video]_clean_sample2.wav",185,25,44,11,23,35,32,34,50,2436,33,46,19,30,33,25,40,41,27,26,36,4,1,58,41,44,17,40,26,5,64,1,2,52,45,35,36,42,7,28,36,2,29,17,33,24,2,22,1,29,30,35,17,2,15,16,35,30,21,24,33,34,32,19,4,31,28,17,22,29,34,7,34,20,2,19,29,1,24,36,31,8,35,8,36,36,4,24,14,24,28,39,31,27,30,33,19,45,2,30,24
"58_039. OMFG - Hello_clean_sample1.wav",188,403,42,5,59,63,185,18,71,36,14,45,25,98,84,47,110,50,111,65,115,0,7,36,45,59,44,48,185,22,45,16,4,105,174,30,95,70,2,41,145,12,94,48,122,50,2,38,1,45,71,78,189,2,18,32,78,44,30,42,67,46,63,48,8,166,44,69,124,59,116,8,35,56,1,147,119,2,41,162,48,8,76,3,49,233,1,137,60,49,98,110,69,3744,49,132,1,57,2,121,80
"32_086. Olly Murs - Grow Up (Official Video)_clean_sample1.wav",202,87,118,16,295,142,142,68,76,30,54,77,75,96,55,30,62,163,106,92,137,10,5,232,435,69,61,59,59,9,57,2,2,145,123,67,82,84,16,98,187,11,219,38,77,128,11,109,2,57,112,79,171,5,64,32,59,87,32,44,177,24,185,126,5,124,47,35,150,141,92,13,47,116,7,36,51,3,32,5405,58,3,251,5,156,44,2,109,119,89,150,63,76,232,29,164,12,54,2,58,65
"33_076. Galantis - Firebird (Official Audio)_clean_sample2.wav",182,37,25,9,24,25,20,17,24,24,11,49,17,51,18,13,13,21,27,23,19,5,8,18,31,27,8,12,38,2,17,4,6,18,15,14,21,37,7,20,19,2,41,15,28,15,34,20,2,11,20,23,8,6,17,13,13,12,15,41,4061,21,25,17,2,20,27,18,12,12,20,5,25,15,1,13,8,1,15,32,20,3,27,8,27,69,2,19,18,20,25,15,13,31,13,33,3,154,2,23,16
"66_Cruel_Summer_clean_sample1.wav",176,2,2,2,2,6,3,3,2,0,1,5,2,3,21,2,3,3,2,2,2,3,2,1,0,2,0,1,20,1,2,3,21,3,1,6,2,3,1,1,3,4,1,2,2,20,24,1,763,3,1,3,2,38,1,5,1,2,0,3,1,2,1,2,1,18,1,2,1,10,1,6,2,3,4,11,4,7,1,1,4,2,1,10,0,4,4,4,2,6,0,1,3,4,1,2,7,3,1,2,1
"19_054. Owl City - When Can I See You Again (From Wreck it Ralph)_clean_sample2.wav",207,91,144,2,109,150,100,52,79,66,50,171,43,122,84,44,81,97,95,164,86,3,3,77,140,79,83,78,78,6,85,2,2,135,110,66,190,120,6,147,103,8,282,105,119,228,21,81,3,108,70,111,75,9,54,110,119,182,48,129,172,160,65,102,3,103,66,111,61,80,5340,7,66,94,2,55,150,4,50,84,124,6,76,6,76,64,2,60,87,137,230,383,82,108,82,189,1,56,1,115,182
"18_044. tony igy-stop in my mind_clean_sample1.wav",179,17,2,159,4,10,11,10,6,2,1,1,2,6,3,2,5,10,3,6,2,3,3,4,2,12,0,5,2,3,4,5668,316,16,2,1,3,6,15,2,4,39,3,2,7,2,17,2,2,5,5,3,20,54,1,1,2,4,2,2,6,2,3,4,2,3,2,1,3,1,5,35,0,4,29,2,15,82,5,3,2,29,3,42,3,4,96,71,3,4,2,1,7,8,6,2,28,5,54,2,4
"81_013. Passenger  Let Her Go (Official Video)_clean_sample1.wav",192,58,101,30,91,60,130,24,53,38,19,83,28,79,51,64,38,54,58,60,37,1,7,115,143,60,51,72,47,4,52,3,5,138,56,46,108,100,22,49,80,10,97,53,62,81,3,58,1,102,53,132,116,19,42,132,130,124,41,61,85,94,3912,58,6,52,23,34,110,50,86,3,116,114,3,41,48,3,37,49,23,5,44,5,37,80,1,56,35,44,136,92,70,74,28,166,3,58,7,49,144
"14_099. Sheppard Geronimo - [International Version] (Official music Video)_clean_sample2.wav",184,91,83,2,74,46,89,81,104,57,24,82,59,53,142,50,43,28,109,54,98,2,0,138,85,93,2890,42,44,4,105,2,2,73,82,38,118,78,2,112,63,12,93,91,73,89,10,41,2,51,213,144,24,14,64,28,40,89,48,39,36,101,83,133,4,66,48,64,52,78,47,10,77,48,1,54,28,2,25,59,108,15,39,3,93,100,2,64,52,33,95,81,43,47,61,186,0,62,0,84,76
"93_015. Lukas Graham - 7 Years [Official Music Video]_clean_sample2.wav",192,50,257,8,103,380,388,26,61,162,40,145,49,84,60,325,77,198,116,135,98,3,6,80,96,69,78,64,88,4,122,4,2,116,82,99,42,105,13,429,195,8,251,31,71,99,16,52,0,83,3768,85,49,5,176,119,130,83,43,69,51,58,137,62,1,164,57,71,368,39,167,9,127,151,1,32,74,2,45,122,55,12,301,11,230,78,1,84,135,45,327,106,54,104,62,262,3,43,4,98,95
"76_073. Lindsey Stirling - Crystallize (Dubstep Violin Original Song)_clean_sample1.wav",185,106,110,169,49,198,82,85,89,23,27,61,44,158,60,96,105,46,152,48,49,3,172,89,53,39,57,53,55,9,60,2,3,119,34,50,75,139,5,38,105,5,93,87,48,24,2,73,9,82,119,76,100,10,61,32,98,25,15,74,55,48,51,22,17,3828,36,15,139,59,48,13,166,73,1,186,35,6,24,45,78,6,123,111,64,40,6,77,26,53,40,107,34,116,76,192,3,76,0,94,56
"76_073. Lindsey Stirling - Crystallize (Dubstep Violin Original Song)_clean_sample2.wav",186,118,67,485,146,114,53,146,49,24,18,205,141,73,106,37,54,51,113,83,16,1,247,67,215,33,21,30,56,6,63,8,6,48,53,64,124,82,3,32,63,4,289,68,47,72,2,57,48,265,46,66,15,6,20,16,125,31,22,33,36,163,32,26,4,6414,54,31,25,24,167,69,50,52,5,31,50,42,93,40,74,10,48,1112,29,197,3,205,42,100,34,41,58,108,39,52,2,31,2,82,168
"67_090. Josh Groban - You Raise Me Up (Official Music Video) [HD Remaster]_clean_sample2.wav",193,3566,30,29,50,47,56,55,44,28,12,51,52,75,29,36,109,62,32,51,15,2,35,42,69,45,40,36,31,10,23,3,2,56,72,29,268,72,11,29,28,2,294,108,92,60,1,64,7,52,36,66,20,1,102,64,71,123,30,40,106,62,321,72,11,173,53,183,27,99,53,4,45,28,3,10,37,8,56,45,50,7,33,27,27,69,5,26,22,100,39,125,25,50,61,56,1,46,1,34,50
"46_032. Katy Perry - Wide Awake (Official Video)_clean_sample2.wav",194,54,196,2,78,4050,102,36,105,49,16,46,53,64,91,81,150,57,146,91,60,2,2,142,166,60,47,68,68,2,95,4,2,100,64,49,103,112,19,116,116,5,130,48,81,79,2,71,2,67,121,276,63,16,88,31,182,143,47,45,45,38,112,117,2,102,67,93,174,56,84,6,58,71,4,41,97,2,49,108,70,6,112,4,166,86,32,70,81,96,94,73,34,242,58,90,1,71,1,64,59
"79_095. Alan Walker - Alone_clean_sample1.wav",176,11,14,0,8,8,6,9,14,11,12,10,14,9,26,4,12,9,18,6,5,4,2,5,14,7,8,13,8,0,10,2,2,16,14,12,21,11,2,10,19,1,12,8,10,8,18,26,0,8,21,9,6,4,6,6,7,8,726,6,8,7,9,21,3,18,10,8,7,10,10,24,10,9,1,4,8,0,21,9,8,3,14,16,11,8,0,11,6,9,24,9,15,11,5,5,0,10,1,20,7
"62_061. LEFT SCREEN ONLY Spot the Differences_clean_sample2.wav",181,50,44,170,30,39,48,30,85,24,12,38,21,30,154,157,41,37,19,32,27,2,3,58,95,21,59,46,18,10,37,6,2,79,25,16,35,24,3,75,21,6,25,33,30,5,2,26,1,106,57,42,8,0,109,23,20,8,14,30,16,41,29,26,1,130,11,8,51,56,39,0,24,29,1,27,9,7,10,52,1811,6,24,3,33,180,6,25,28,16,82,27,13,240,83,10,0,23,1,34,17
"88_033. Fifth Harmony - Worth It (Official Video) ft. Kid Ink_clean_sample1.wav",183,17,20,0,36,20,9,10,22,28,1021,24,19,10,14,8,13,41,20,14,13,0,0,13,27,10,21,17,20,2,18,2,1,19,27,23,29,14,4,21,18,6,12,12,20,9,6,18,2,14,22,18,13,11,9,13,12,17,7,14,16,19,22,15,2,18,15,8,18,8,25,6,6,10,1,20,23,3,14,28,12,3,18,1,12,17,1,23,24,12,29,16,23,9,14,38,6,11,0,29,18
"59_014. Avicii - Hey Brother (Lyric)_clean_sample2.wav",190,236,95,3,54,67,55,24,99,23,30,43,18,24,45,36,96,102,152,47,45,2,11,174,13340,28,322,33,84,13,35,2,38,323,15626,63,114,73,161,14,91,8,101,22,42,57,412,24,1,824,33,34,46,9,44,42,68,14,11,62,24,57,42,25,5,34,16,99,79,32,163,58,51,69,27,12,46,55,24,60,36,17,98,972,65,51,1,292,65,147,47,64,23,40,48,88,9,18,1,64,65
"33_076. Galantis - Firebird (Official Audio)_clean_sample1.wav",193,63,120,16,28,32,74,19,45,19,21,126,30,63,37,61,124,82,64,80,79,3,3,48,33,20,13,57,32,2,46,2,4,72,30,25,73,54,3,36,46,3,67,22,63,44,2,78,3,47,26,159,13,2,37,20,28,63,44,72,2860,60,19,69,1,105,36,34,81,35,32,6,35,55,1,12,26,2,21,41,70,3,29,25,82,28,1,19,26,21,55,40,34,32,30,78,1,81,1,38,28
"97_075. Lindsey Stirling - Prism (Official Video)_clean_sample2.wav",214,59,47,20,45,91,91,2742,71,41,15,81,44,34,52,21,42,38,61,42,25,24,58,36,112,115,54,56,40,4,51,2,3,55,44,120,98,65,4,34,32,6,70,37,80,84,2,42,17,63,82,85,40,22,50,56,64,27,22,50,75,59,27,37,3,100,48,52,83,34,33,6,27,69,8,24,116,1,43,65,38,20,47,11,46,58,15,47,87,37,88,60,76,83,48,74,1,81,1,37,53
"92_025. Fall Out Boy - Immortals (From Big Hero 6)_clean_sample2.wav",190,78,58,1,71,109,47,21,89,36,29,71,30,53,133,27,99,79,84,61,34,1,5,48,92,33,23,2890,20,2,117,2,2,176,75,27,83,42,2,196,45,2,78,30,134,42,0,98,1,90,42,112,56,11,67,112,200,28,13,80,41,61,91,44,5,40,92,42,81,148,60,8,96,103,1,23,15,1,31,44,48,4,42,4,89,23,3,87,70,40,114,54,83,35,45,316,2,43,1,335,40
"83_004. Katy Perry - Roar_clean_sample1.wav",190,70,118,1,102,56,144,26,137,13,25,33,21,64,75,49,107,111,89,82,26,5,6,79,58,33,31,26,80,6,97,2,1,53,69,54,40,50,13,50,130,4,76,41,72,23,1,44,0,108,56,84,18,7,38,68,2258,30,41,33,45,14,52,79,2,81,42,63,147,27,84,14,66,55,2,125,192,7,39,76,51,2,51,3,76,77,2,91,42,52,211,62,39,62,18,51,2,44,0,124,129
"63_087. Anaconda - Nicki Minaj  The Fitness Marshall  Dance Workout_clean_sample1.wav",188,41,39,32,13,63,72,47,11,14,24,28,17,26,25,30,16,34,21,21,44,2,2,21,30,20,21,19,33,4,21,2,4,19,65,33,54,30,2,53,33,2,24,15,43,41,2,21,2,20,30,48,26,3,31,25,18,10,11,15,23,12,19,20,3,28,28,10,16,8,57,3,14,24,1,12,10,4,751,20,13,4,39,2,40,13,6,16,16,22,98,44,24,15,28,99,1,23,1,63,17
"16_038. P!nk - Just Give Me A Reason ft. Nate Ruess_clean_sample1.wav",198,71,63,6,53,60,88,18,115,67,19,87,18,47,101,91,97,86,54,62,39,0,2,60,45,35,47,48,110,2,75,4,1,73,60,49,60,65,13,34,152,8,112,55,63,95,2,60,1,65,59,61,65,5,44,168,136,130,33,44,39,42,116,68,2,95,62,183,60,90,79,3,59,2125,2,94,22,1,44,43,50,5,51,3,49,43,3,112,80,37,45,64,23,90,31,66,1,50,1,65,102
"95_053. Avicii - Hey Brother_clean_sample1.wav",198,299,80,18,53,61,29,23,82,32,52,43,24,35,38,58,32,133,69,28,74,2,0,138,10697,39,224,32,20,4,22,5,36,244,8304,21,48,83,129,21,79,4,89,19,25,44,340,35,1,697,31,29,46,4,32,32,53,28,19,51,39,43,42,35,10,35,18,121,73,23,110,54,57,117,24,30,22,49,27,121,36,8,29,772,110,45,3,245,62,82,68,47,85,60,52,32,5,39,2,57,32
"11_062. Pipe Guy - HouseTranceTechno Live_clean_sample1.wav",190,79,134,23,65,197,194,80,126,81,17,156,128,351,59,122,98,237,40,141,147,4,10,120,161,96,96,214,226,32,75,10,3,236,137,86,61,78,7,210,204,14,153,57,104,200,27,97,2,101,238,203,54,12,175,81,89,104,53,77,70,100,125,94,10,94,32,62,218,79,114,7,180,111,5,67,56,4,92,218,131,12,237,36,108,106,2,115,91,173,295,190,215,201,60,373,6,59,4,144,135
"22_094. Harry Potter Puppet Pals - The Mysterious Ticking Noise (Video With Lyrics)_clean_sample1.wav",186,44,8,64,5,28,6,5,17,2,4,9,6,6,6,7,6,5,5,7,2,14,37,9,6,7,5,5,11,5,6,36,30,30,6,5,11,4,6,6,4,16,6,6,10,5,9,7,2,6,4,5,15,40,4,4,4,3,3,3,4,14,6,5,119,12,3,9,7,44,5,14,4,3,23,4,7,19,5,5,9,3985,4,64,7,8,40,4,4,6,4,8,8,10,9,4,9,3,18,4,5
"45_005. OneRepublic - Counting Stars_clean_sample1.wav",185,31,75,319,90,34,108,34,31,16,18,112,35,80,38,34,247,109,71,36,95,12,9,58,53,61,32,61,21,6,71,24,34,114,76,27,83,57,22,37,73,9,48,59,125,94,12,35,8,36,54,42,143,282,24,62,59,73,40,38,24,39,36,42,13,92,26,128,3675,81,152,97,206,40,5,81,34,2,16,67,25,2,59,168,143,38,19,64,135,43,304,56,43,43,10,100,14,30,18,69,92
"13_030. Maroon 5 - Animals_clean_sample2.wav",196,87,75,6,38,88,103,42,137,31,42,89,33,59,64,69,58,110,82,61,25,4,7,99,80,62,140,54,141,11,69,3,10,90,113,95,70,70,10,191,2465,3,192,229,79,120,10,107,0,40,61,68,36,3,90,159,129,101,19,50,195,32,121,101,6,111,81,66,74,46,109,13,114,173,5,73,29,0,28,36,178,6,92,26,62,40,2,81,207,38,132,111,31,84,83,167,1,39,1,106,43
"5_002. Avicii - Wake Me Up (Official Video)_clean_sample1.wav",202,78,7029,15,150,69,119,38,54,62,29,57,51,78,78,95,138,112,67,173,79,12,9,169,241,165,87,46,49,8,72,4,23,87,181,132,186,57,5,82,57,12,81,165,105,50,2,60,1,81,70,58,47,78,36,59,190,47,56,93,61,62,42,75,2,130,44,52,89,34,126,11,51,43,4,114,51,3,30,108,79,5,106,27,87,84,2,94,86,70,148,108,41,77,83,133,3,63,2,126,108
"63_087. Anaconda - Nicki Minaj  The Fitness Marshall  Dance Workout_clean_sample2.wav",188,42,35,132,48,45,111,22,64,30,20,40,24,30,41,20,45,23,48,57,34,2,2,48,55,32,28,34,42,2,93,8,6,21,39,47,37,60,4,32,59,3,60,18,32,32,4,70,0,30,50,29,22,9,27,43,51,26,14,50,29,42,63,22,1,60,30,13,76,67,67,16,34,90,2,27,52,2,1064,46,52,7,82,4,33,37,10,36,28,29,97,24,44,71,28,33,1,20,0,48,33
"85_011. Martin Garrix - Animals (Official Video)_clean_sample1.wav",211,106,191,22,203,161,95,120,334,64,65,145,72,5159,101,129,189,422,136,178,179,3,0,176,138,247,82,251,111,10,187,4,12,266,228,200,149,107,33,100,162,32,200,127,141,213,6,376,4,257,130,130,100,24,143,89,226,162,78,73,100,115,227,106,9,102,65,86,233,80,192,24,124,95,6,81,132,3,122,145,154,13,187,1,178,178,1,155,209,93,182,181,193,139,76,215,3,136,2,261,77
"89_091. Faster Car - Anders Lystell feat. Kaliber [EPIDEMIC SOUND] (Lyrics)_clean_sample2.wav",180,53,42,43,25,56,45,19,37,14,14,18,28,21,19,26,49,16,22,23,14,4,1,40,35,30,27,34,12,6,22,28,92,55,31,13,33,34,23,14,36,9,17,94,56,33,23,24,2,56,38,35,1879,65,60,22,37,15,17,32,26,18,23,15,2,34,14,20,48,35,15,12,26,33,44,8,18,60,18,12,42,9,24,38,44,15,0,35,12,14,47,54,13,51,26,53,38,53,36,36,17
"58_039. OMFG - Hello_clean_sample2.wav",184,58,169,3,65,129,29,19,25,27,5,30,40,38,66,30,66,40,48,84,159,1,2,45,85,71,59,46,51,5,50,15,4,50,95,21,128,64,6,93,107,8,206,22,102,52,5,57,1,100,131,90,221,3,20,160,42,38,16,22,24,29,38,106,5,40,14,30,31,41,45,4,15,27,1,26,40,8,20,59,32,20,22,2,80,34,2,53,20,48,64,126,64,2423,21,130,2,66,2,189,32
"96_089. American Boy by Estelle and Kanye West_clean_sample1.wav",182,100,4,44,26,4,5,6,8,1,0,4,8,7,4,5,4,2,6,5,3,2,1,2,5,5,4,4,0,3,3,42,130,7,5,1,6,9,61,5,2,5,3,2,2,6,69,12,0,10,9,3,17,36,4,7,3,4,4,3,4,2,3,7,4,3,2,6,8,2,1,0,1,13,107,2,6,46,3,7,4,7,6,81,5,5,14,4,4,2,7,2,5,6,5,3,69,3,1658,5,13
"67_090. Josh Groban - You Raise Me Up (Official Music Video) [HD Remaster]_clean_sample1.wav",194,3452,49,14,38,43,218,26,24,20,33,40,80,60,20,16,19,39,23,34,34,3,2,66,31,40,59,42,25,5,26,1,2,31,27,49,29,75,4,38,32,4,125,46,52,39,54,114,2,42,73,28,25,3,12,27,28,31,13,15,44,32,45,78,3,117,17,15,61,15,23,7,32,31,4,22,14,0,30,58,47,2,21,1,60,39,1,55,24,29,34,35,25,37,19,88,1,52,1,23,33
"0_096. Nightcore - Mad World_clean_sample1.wav",184,48,53,3,52,48,18,20,189,7,28,68,57,60,50,38,67,120,49,66,3020,4,6,102,59,35,36,24,21,5,94,2,3,71,198,37,80,21,6,140,215,7,48,40,48,98,14,36,3,104,53,172,48,17,255,114,310,31,20,19,102,69,50,60,6,40,56,36,308,72,48,6,19,24,1,13,31,1,34,100,140,2,89,1,72,20,1,62,25,91,148,36,44,35,16,140,3,32,0,51,32
"105_101. Yann Tiersen - Comptine d`un autre ete - l`apres-midi_clean_sample2.wav",180,8,8,108,8,4,8,14,12,10,9,4,20,10,77,12,16,7,13,12,3,12,4,18,59,9,26,5,28,99,24,12,40,113,59,31,5,18,6,5,23,4,65,5,15,11,76,5,6,291,10,156,4,92,34,4,3,6,2,7,9,5,45,31,17,27,6,9,10,43,13,13987,18,5,11,17,2,12,19,14,10,9,22,25,3,15,28,17,14,3,4,8,8,10,3,5,13,26,2,17,18
"31_058. Rub Some Bacon on It_clean_sample1.wav",189,161,155,600,67,67,61,36,58,33,24,345,129,36,214,98,96,117,122,264,49,4,3,63,196,65,56,251,169,11,95,20,5,5513,115,112,140,119,4,48,65,8,85,156,108,127,10,82,4,308,91,67,103,38,65,55,76,83,21,32,39,123,54,69,2,74,26,68,57,34,194,73,71,65,24,20,46,70,80,100,39,7,119,9,56,118,39,66,90,23,81,122,29,36,36,218,2,141,4,50,105
"90_064. Eurythmics, Annie Lennox, Dave Stewart - Sweet Dreams (Are Made Of This) (Official Video)_clean_sample1.wav",198,223,65,3,59,102,59,34,109,130,26,81,75,135,49,107,77,90,69,98,61,7,5,49,299,35,65,66,52,4,35,9,3,97,91,36,46,57,16,51,85,6,190,73,68,52,6,77,2,55,61,79,53,4,28,65,62,125,24,78,62,86,69,53,18,84,34,55,103,39,94,4,124,56,10,67,43,2,47,61,117,5,70,5,107,47,2,82,45,4936,57,108,39,81,43,132,4,38,1,48,74
"84_001. Anna Kendrick - Cups_clean_sample1.wav",210,64,182,267,92,131,90,51,4462,31,60,72,48,82,83,87,89,123,63,97,94,4,47,203,99,44,73,148,60,12,83,3,19,197,116,90,132,62,27,178,196,10,201,102,160,88,2,103,1,91,72,152,29,180,50,54,120,178,77,67,127,48,99,122,284,133,124,39,92,187,124,17,150,137,2,132,41,2,64,226,137,9,132,274,204,93,176,108,36,85,225,126,66,63,82,100,5,99,7,275,63
"83_004. Katy Perry - Roar_clean_sample2.wav",184,199,149,14,54,83,89,24,78,38,52,40,28,90,72,20,55,121,32,35,24,4,18,186,75,50,29,97,44,1,65,0,0,73,253,39,94,51,12,207,109,3,46,122,70,102,24,82,1,148,54,88,20,8,37,13,2221,107,28,23,44,158,78,47,2,30,56,17,97,53,59,5,27,20,2,83,79,1,27,101,44,2,50,11,109,48,1,45,60,27,152,57,39,194,40,87,7,55,2,92,74
"74_029. David Guetta - Hey Mama (Official Video) ft Nicki Minaj, Bebe Rexha & Afrojack_clean_sample1.wav",188,36,96,4,87,117,41,62,543,29,21,73,25,152,71,50,117,126,48,114,36,9,1,47,35,42,65,165,27,4,59,2,4,58,46,47,146,77,2,38,117,8,87,97,60,96,3,100,2,194,32,36,10,2,148,38,46,34,32,56,57,42,34,31,4,156,27,37,70,38,69,24,40,134,1,55,76,1,45,52,64,8,60,29,66,64,2,67,115,56,69,100,3064,28,31,51,3,49,1,152,36
"87_079. twenty one pilots Heathens (from Suicide Squad The Album) [OFFICIAL VIDEO]_clean_sample2.wav",178,82,72,23,49,93,90,16,37,17,40,23,21,22,87,12,57,72,20,20,17,1,2,56,60,26,20,36,40,3,46,6,14,16,49,57,85,40,4,47,63,8,89,55,62,14,1,41,0,38,28,60,15,4,20,30,71,110,28,28,83,23,17,36,2,51,18,64,44,50,25,26,22,36,14,767,19,5,13,29,63,4,26,8,119,17,20,54,51,18,92,51,44,51,19,54,2,101,0,54,135
"81_013. Passenger  Let Her Go (Official Video)_clean_sample2.wav",189,75,79,250,103,191,179,38,76,14,26,31,50,123,126,43,75,34,68,139,120,4,1,184,44,149,59,92,134,8,76,4,4,38,158,34,170,39,4,62,117,3,196,39,47,156,2,116,0,51,82,69,111,44,56,49,67,98,73,28,99,47,5416,36,6,59,48,40,202,29,83,44,44,73,2,47,45,2,29,289,57,3,26,13,59,150,3,101,78,31,44,39,46,91,120,72,1,89,1,102,59
"102_018. Shawn Mendes - Stitches (Official Music Video)_clean_sample1.wav",196,189,222,1,109,91,127,37,69,39,24,4145,55,137,53,73,98,128,158,87,92,4,0,88,109,90,51,115,26,5,95,2,0,84,102,95,81,193,5,49,68,4,104,50,100,69,1,122,0,80,47,151,29,11,28,48,91,50,49,44,96,167,45,53,6,49,65,36,64,69,118,6,94,59,3,28,56,12,48,60,36,3,85,11,125,81,3,223,156,84,153,175,57,81,40,75,1,45,16,217,68
"102_018. Shawn Mendes - Stitches (Official Music Video)_clean_sample2.wav",190,81,129,6,215,79,194,56,134,24,20,3166,88,80,124,31,42,75,51,132,189,4,2,259,190,116,51,90,153,9,51,6,4,57,67,36,218,284,2,27,127,13,258,80,103,59,56,36,0,93,99,198,148,2,115,246,118,152,15,77,33,60,104,118,2,287,128,144,97,36,119,7,71,207,4,20,40,4,139,71,55,3,62,9,134,46,10,224,76,129,145,60,58,37,31,96,2,76,2,72,195
"40_052. Lindsey Stirling - Moon Trance (Official Music Video)_clean_sample2.wav",194,120,59,19,66,57,42,23,65,22,80,29,67,60,119,56,84,51,88,6107,33,1,1,47,193,79,23,67,71,23,118,24,2,65,74,58,126,61,12,42,79,7,73,43,82,34,4,64,1,105,66,123,49,25,22,49,78,64,54,71,35,83,29,47,10,85,18,31,57,59,168,7,36,62,1,39,36,2,40,50,56,7,222,7,73,114,79,92,69,102,39,33,41,45,42,74,2,30,5,117,47
"6_043. Wintergatan - Marble Machine (music instrument using 2000 marbles)_clean_sample1.wav",191,29,78,1,32,79,75,18,35,16,13,161,70,56,2450,32,54,55,35,30,51,0,9,29,36,34,67,81,60,5,25,3,2,64,37,42,70,56,4,74,96,4,53,31,59,62,1,61,1,57,57,40,89,36,41,99,74,26,18,24,38,21,36,125,5,62,61,31,88,138,16,69,128,41,18,45,16,2,30,66,61,5,39,58,33,35,0,48,21,52,81,62,34,63,24,117,1,36,0,66,30
"48_027. MAGIC! - Rude (Official Video)_clean_sample1.wav",211,179,232,3,161,338,308,70,129,36,97,938,104,121,198,223,133,273,264,305,96,3,1,88,381,172,134,233,70,21,79,3,3,238,247,185,343,4965,14,195,710,4,357,104,116,307,12,153,1,206,258,217,46,13,199,203,173,168,79,177,171,62,136,93,3,273,82,151,369,78,222,8,256,115,4,204,147,4,106,123,127,13,134,10,226,105,2,168,164,158,378,207,69,186,65,460,2,85,3,197,162
"14_099. Sheppard Geronimo - [International Version] (Official music Video)_clean_sample1.wav",178,64,72,0,46,96,36,53,73,35,27,52,38,43,68,33,42,29,85,33,23,4,1,67,135,42,2083,66,123,3,90,3,2,99,64,46,79,48,16,42,85,5,78,39,58,60,1,42,0,47,121,56,37,5,32,34,106,53,52,74,77,59,31,35,4,110,42,29,34,54,68,6,88,41,1,50,54,0,23,67,101,10,74,5,64,55,2,38,62,45,52,47,60,117,69,84,2,33,3,86,69
"41_The Bidding_clean_sample2.wav",180,95,1,59,2,1,4,6,2,7,0,1,3,13,2,2,1,2,1,2,2,2,10,4,2,6,0,0,2,3,0,57,131,2,4,4,1,0,20,3,2,2,1,1,1,4,350,1,12,17,2,9,32,87,1,2,2,3,0,10,7,6,1,2,2,65,4,4,2,2,2,3,1,3,143,2,1,47,2,0,5,4,0,73,6,2,2,0,1,1,0,1,1,4,1,4,4610,2,29,2,1
"0_096. Nightcore - Mad World_clean_sample2.wav",217,107,95,7,87,139,216,81,82,18,8,135,35,81,39,114,63,44,52,176,3669,4,6,107,86,38,38,32,35,13,33,2,8,74,264,82,73,78,1,178,282,2,76,126,110,93,2,76,2,116,325,171,243,2,57,27,204,134,35,30,66,35,33,53,10,61,40,73,266,75,120,5,72,73,4,277,76,2,47,30,51,2,172,3,472,64,1,74,18,62,64,99,64,61,19,169,2,164,0,104,36
"101_070. Eminence - Knock Me Out (feat. Anna Cyzon) [Monstercat Official Music Video]_clean_sample2.wav",211,184,2,89,26,3,4,5,3,13,2,7,63,4,17,8,4,3,12,1,0,1,3,8,8,1,4,2,6,99,2,114,9679,5,8,9,60,3,92,12,9,15,1,0,3,23,183,3,19,670,5,3,72,148,3,4,2,8,0,12,2,16,3,34,895,4,4,5,24,2,2,3,22,41,120,4,0,165,3,34,2,14,4,225,9,55,50,7,3,4,2,2,8,4,2,2,215,5,173,3,12
"9_034. Pitbull - Timber (Official Video) ft. Ke$ha_clean_sample1.wav",175,147,143,18,91,72,113,26,143,31,87,166,64,95,100,58,118,126,163,170,209,2,3,94,168,40,31,50,45,23,2374,2,38,105,209,78,116,172,8,125,99,4,91,58,108,96,7,85,1,196,87,89,43,12,95,127,138,37,38,117,76,99,22,62,8,123,37,70,197,63,93,53,55,74,9,107,32,10,104,53,99,5,68,5,95,30,2,60,79,64,214,112,163,65,26,184,2,56,1,163,85
"7_092. Harry Potter Medley on Marimba_clean_sample1.wav",167,22,15,7464,6,5,4,16,5,1,0,2,5,19,31,39,8,32,4,22,1,3,110,31,2,9,39,2,4,10,27,82,131,8,2,7,5,1,53,22,13,10,3,1,1,7,8,2,3,38,0,2,2,202,2,3,0,8,2,2,10,9,50,3,11,72,18,1,90,11,4,95,1,0,13,42,0,27,4,4,96,5,0,314,3,24,11,2,41,2,5,7,20,3,4,6,8,19,10,1,3
"43_098. Nightcore~ The Wolf_clean_sample2.wav",225,126,103,8,90,147,130,33,79,35,45,110,40,189,130,78,69,130,128,77,40,3,3,64,139,32,57,226,60,2,78,4,2,348,125,56,174,85,10,752,65,5,120,59,105,79,2,92,2,46,167,150,45,4,204,57,105,142,50,73,103,63,116,64,13,185,114,100,212,63,113,9,200,56,2,31,101,2,92,114,79,8,111,3,65,88,4,62,60,51,571,160,34,159,119,6211,2,63,8,110,65
"104_024. twenty one pilots Stressed Out [OFFICIAL VIDEO]_clean_sample2.wav",179,48,36,1,41,50,59,18,38,12,21,104,35,30,43,11,59,28,33,46,59,3,3,33,54,17,48,40,32,5,63,1,3,35,69,30,133,78,0,60,45,4,47,68,37,26,0,26,0,25,70,62,32,3,42,12,30,22,20,59,39,11,23,21,2,22,3026,40,35,42,28,2,15,34,2,72,53,1,30,50,28,3,28,2,32,21,1,29,31,19,54,32,49,42,27,23,2,37,0,42,27
"97_075. Lindsey Stirling - Prism (Official Video)_clean_sample1.wav",181,29,40,11,40,34,27,2016,39,39,16,46,21,50,35,20,38,44,26,40,36,8,39,33,97,41,47,40,15,3,37,9,2,33,69,25,33,39,12,18,30,6,33,37,31,37,2,19,0,39,48,37,21,5,22,20,25,22,31,38,46,23,17,49,3,70,29,32,52,47,57,10,20,35,3,20,21,2,13,23,36,4,28,11,36,29,17,44,30,15,36,32,17,40,20,23,1,25,2,34,62
"105_101. Yann Tiersen - Comptine d`un autre ete - l`apres-midi_clean_sample1.wav",186,8,6,71,25,11,10,6,24,8,10,10,10,28,110,13,4,5,5,11,9,22,9,13,46,8,6,12,8,15,11,6,15,187,14,22,17,10,5,14,50,10,42,7,8,38,16,4,2,173,13,21,6,9,50,8,8,9,13,11,6,89,12,19,12,20,17,9,19,5,24,12913,5,11,22,27,23,14,8,9,8,5,6,5,14,10,8,8,17,5,8,21,22,8,6,7,1,8,2,11,9
"77_065. Nightcore - Ghostbusters_clean_sample2.wav",171,2,3,7,1,7,0,6,4,3,1,1,3,5,1,2,9,9,2,2,1,3608,5,5,14,6,2,2,4,6,2,8,3,4,4,5,2,14,1,2,22,2,1,1,2,2,3,3,0,11,6,2,6,2,3,0,10,5,1,1,2,4,2,3,28,2,1,6,4,5,3,1,2,4,1,3,0,2,2,3,2,5,14,4,8,4,2,6,2,3,4,1,2,4,2,6,5,20,8,4,7
"44_Sacred Beast_clean_sample1.wav",182,77,5,77,8,6,3,17,4,1,2,8,17,11,42,12,10,4,5,75,4,2,14,3,50,3,11,5,12,6,6,73,113,59,32,8,16,6,103,3,5,19,9,5,4,40,97,15,60,99,3,5,22,85,8,5,4,4,2,8,4,43,1,0,3,53,16,3,2,6,4,27,4,12,157,2,4,10160,3,4,4,6,6,167,3,21,1,6,3,5,6,3,6,2,5,3,137,14,90,5,2
"68_055. Madness - Our House (Official 4K Video)_clean_sample1.wav",187,30,40,15,51,69,86,20,37,40,11,31,25,39,39,45,30,121,39,88,35,13,2,40,34,38,32,42,31,3,43,2,1,33,83,37,33,49,11,29,38,19,38,21,38,37,6,53,1,22,46,98,30,9,86,77,60,41,19,27,32,27,52,17,15,93,34,28,78,24,71,2,24,37,2,53,27,3,36,47,35,4,8222,4,64,53,1,50,28,92,79,39,52,99,32,61,2,25,4,29,34
"29_010. Katy Perry - Part Of Me (Official)_clean_sample2.wav",188,117,65,9,2584,112,55,19,77,24,65,179,44,174,56,37,197,299,67,68,50,14,3,101,122,64,76,175,91,6,74,2,4,89,142,41,76,98,11,39,98,17,83,124,49,77,38,46,2,184,38,79,20,7,64,155,114,109,15,37,228,36,136,27,2,86,54,67,84,36,54,4,56,51,12,34,50,12,24,73,28,3,149,73,108,43,1,126,182,81,144,113,95,63,22,146,3,41,0,107,44
"88_033. Fifth Harmony - Worth It (Official Video) ft. Kid Ink_clean_sample2.wav",191,47,44,1,21,32,29,18,29,32,1676,28,19,35,26,23,32,55,19,45,18,0,3,27,32,25,38,20,20,3,28,0,4,38,43,27,37,36,4,46,40,3,22,20,32,27,3,29,1,35,35,26,22,22,29,17,19,22,21,17,22,31,24,24,3,24,19,30,74,18,37,4,26,30,8,17,20,4,17,28,28,4,29,3,31,42,1,28,12,50,62,25,31,15,18,33,1,25,1,36,34
"35_036. Fall Out Boy - Centuries (Official Video)_clean_sample2.wav",192,38,91,38,67,116,33,100,78,17,20,121,80,58,28,48,57,134,190,102,87,2,14,70,146,27,49,108,51,6,142,3,2,102,44,4873,113,195,215,154,123,4,45,27,74,74,13,78,2,50,168,55,47,11,64,18,50,145,25,36,80,28,513,43,3,41,87,57,93,18,76,6,144,56,12,14,74,5,41,164,29,3,40,2,79,49,2,112,134,17,189,53,73,99,28,248,0,36,4,99,151
"53_102. What_clean_sample2.wav",184,36,73,43,57,73,49,50,131,16,52,24,58,73,103,18,45,48,60,63,85,40,19,81,92,80,54,135,40,3,94,6,6,84,106,202,108,61,7,72,114,8,186,199,89,114,15,112,5,79,87,85,16,45,48,74,61,69,32,38,231,4757,71,48,5,69,17,40,48,189,159,28,37,127,4,31,83,43,27,47,75,3,50,79,74,75,6,95,53,76,96,121,34,49,28,74,2,19,3,71,51
"90_064. Eurythmics, Annie Lennox, Dave Stewart - Sweet Dreams (Are Made Of This) (Official Video)_clean_sample2.wav",185,49,68,26,52,89,46,23,91,57,24,66,38,91,54,51,88,135,53,81,87,1,6,51,202,85,37,52,57,2,44,2,2,79,97,23,78,52,52,81,64,6,109,33,46,102,3,98,2,48,50,44,81,11,56,66,82,83,22,140,41,57,52,28,10,53,25,52,65,34,42,3,46,35,6,31,42,5,40,107,49,8,58,4,41,76,2,39,42,5094,138,63,54,64,47,71,15,22,0,41,58
"93_015. Lukas Graham - 7 Years [Official Music Video]_clean_sample1.wav",193,134,52,14,62,71,27,29,47,23,17,51,23,49,40,30,27,98,78,37,19,14,17,32,224,95,36,23,25,3,33,20,14,101,143,73,29,40,12,43,26,6,44,25,38,108,54,583,11,86,13151,58,22,24,62,30,37,21,30,29,33,25,28,19,9,29,21,20,42,25,45,10,52,20,10,35,24,10,30,64,37,11,26,67,32,47,22,123,32,38,56,34,39,36,25,41,2,36,2,24,37
"38_082. Smoke and Mirrors_clean_sample2.wav",196,85,86,10,203,146,63,46,36,74,18,82,23,1181,85,76,100,135,91,68,39,2,33,54,748,44,75,111,43,10,66,4,19,159,846,48,88,96,37,80,129,8,69,71,110,57,589,767,5,21428,130,67,23,5,48,141,75,112,22,45,46,96,77,44,6,393,59,28,86,53,199,13,105,65,33,26,89,45,44,36,19,3,85,547,63,51,1,340,50,55,139,104,47,74,126,158,2,36,1,67,52
"23_048. Pharrell Williams - Happy (Official Music Video)_clean_sample1.wav",194,84,69,12,35,166,58,40,170,103,36,131,27,77,116,29,64,161,41,61,51,4,7,68,106,57,158,210,22,5,204,4,2,252,97,155,74,46,6,360,50,5,96,20,108,36,3,146,0,150,48,91,30,55,132,44,206,59,18,103,32,41,58,72,4,91,62,29,152,207,113,3,85,38,12,73,19,2,32,118,85,4,120,2,119,36,5,42,92,43,5376,117,41,53,22,284,3,69,1,102,55
"28_074. American Authors - Best Day Of My Life_clean_sample2.wav",192,121,114,60,138,57,98,77,304,41,122,196,48,81,50,62,171,6537,102,134,138,5,22,97,76,36,24,89,51,6,155,4,11,159,255,94,162,167,14,141,198,5,271,42,87,83,15,69,1,75,54,92,133,15,150,50,149,33,54,74,77,84,97,118,8,124,40,112,284,52,294,18,119,61,2,50,58,3,30,41,98,4,102,20,260,54,1,209,51,46,199,98,105,24,165,267,12,45,1,229,75
"28_074. American Authors - Best Day Of My Life_clean_sample1.wav",191,37,50,48,111,56,45,20,97,24,59,70,62,47,49,44,91,2603,27,159,36,2,7,86,85,44,80,109,46,2,154,10,1,176,92,77,88,39,2,220,81,8,168,32,60,75,3,54,2,89,70,42,48,45,173,22,94,95,19,60,57,44,36,35,4,62,41,117,56,28,170,24,60,41,2,43,48,2,35,61,49,4,72,49,160,49,2,72,50,37,171,44,45,39,21,224,2,38,0,58,29
"18_044. tony igy-stop in my mind_clean_sample2.wav",183,44,6,26,4,2,8,3,8,62,1,2,3,27,1,3,1,2,2,4,10,3,6,2,4,4,2,3,2,2,4,2309,29,2,4,2,6,4,12,0,1,48,8,2,1,3,26,2,2,6,6,2,9,26,8,0,1,6,0,1,2,2,1,1,0,0,1,1,1,2,1,1,1,4,25,1,1,8,3,2,4,14,2,24,1,6,5,7,4,3,3,1,0,3,4,2,20,2,16,2,2
"44_Sacred Beast_clean_sample2.wav",187,63,3,54,9,2,2,26,4,1,2,3,8,8,15,5,7,5,1,24,1,3,20,3,16,5,11,4,22,3,6,54,96,21,9,8,10,2,82,2,6,9,3,5,4,15,92,4,14,100,2,4,27,98,8,6,2,3,1,12,3,41,3,0,5,71,4,4,3,1,2,17,1,9,95,1,3,7497,1,6,1,4,5,199,2,32,2,5,6,16,3,4,3,4,3,6,88,2,60,2,1
"50_006. Wiz Khalifa - See You Again ft. Charlie Puth [Official Video] Furious 7 Soundtrack_clean_sample2.wav",188,50,10,7,6,20,13,5,12,2,8,9,8,13,37,8,8,14,9,10,12,8,2,10,35,7,34,8,8,4,12,7,4,14,6,24,9,9,13,46,6,6,26,5,15,10,8,23,0,9,29,12,13,5,1307,5,19,100,9,20,27,11,10,11,2,35,8,8,9,13,13,20,8,8,1,12,9,2,5,32,13,4,7,4,9,12,2,14,5,10,54,12,10,7,51,24,3,4,2,42,5
"49_050. Carly Rae Jepsen - I Really Like You_clean_sample1.wav",188,91,96,0,40,300,372,23,75,30,27,29,66,47,116,67,60,156,64,178,34,1,2,30,86,28,56,27,82,4,82,3,11,118,80,207,525,160,3,58,184,4,62,52,159,109,4,78,1,39,74,49,375,1,122,31,172,30,28,55,28,60,40,22,4,254,26,38,225,55,82,4,96,88,3,38,58,2,219,60,53,6,436,4,2187,25,1,40,112,45,78,77,41,118,80,151,2,42,4,47,42
"37_063. Bastille - Pompeii (Official Music Video)_clean_sample1.wav",193,108,121,6,327,91,201,69,149,30,27,68,53,88,88,67,85,58,77,108,150,4,7,4120,151,45,47,43,24,2,62,3,2,56,116,40,138,101,7,119,146,8,185,47,80,74,2,113,1,118,69,80,26,8,123,232,64,84,49,67,70,84,94,34,2,101,88,77,100,36,178,8,76,30,2,34,42,1,37,150,48,5,98,6,121,112,6,86,107,57,169,49,55,74,33,154,10,32,1,89,99
"74_029. David Guetta - Hey Mama (Official Video) ft Nicki Minaj, Bebe Rexha & Afrojack_clean_sample2.wav",184,44,154,24,74,47,71,42,65,30,26,61,48,81,60,38,40,42,68,46,123,0,10,95,62,31,36,70,54,6,107,5,27,141,31,143,101,58,4,49,89,10,61,84,50,88,2,87,7,64,53,101,49,3,47,30,80,61,36,66,78,61,78,39,1,110,76,62,47,96,128,24,52,72,6,51,56,3,71,72,34,5,66,11,99,71,3,74,65,42,208,83,1195,57,34,69,2,46,3,74,85
"4_003. Lorde - Royals (US Version)_clean_sample2.wav",192,170,30,119,76,30,71,27,85,31,16,191,72,46,64,129,149,45,2511,64,123,4,1,35,24,59,58,123,56,4,137,2,3,54,50,41,60,91,1,57,82,4,49,34,82,110,3,257,10,165,66,50,74,41,19,52,73,81,15,57,25,18,153,37,2,26,43,94,121,26,95,4,473,72,8,15,69,9,15,75,41,9,138,12,24,28,1,232,21,130,119,30,80,20,16,48,4,30,7,132,43
"29_010. Katy Perry - Part Of Me (Official)_clean_sample1.wav",196,115,65,2,2843,146,39,17,83,24,13,76,45,160,38,60,47,76,64,124,25,7,6,80,44,38,37,97,39,2,80,5,2,103,57,34,123,45,8,66,143,3,122,45,40,93,1,44,1,47,73,49,37,12,19,70,50,150,27,57,119,49,68,111,3,63,36,49,75,57,53,5,33,61,2,59,50,1,58,61,51,4,40,2,50,90,1,70,70,43,125,64,128,54,44,118,1,56,2,73,81
"42_046. Meghan Trainor - NO_clean_sample2.wav",188,116,45,2,31,64,28,19,88,15,52,20,23,49,73,27,30,34,52,74,16,4,2,34,42,36,44,141,2326,4,33,4,5,168,44,51,35,68,14,32,133,16,116,24,23,36,10,79,5,40,67,36,34,6,55,37,52,66,19,38,84,72,45,38,5,48,22,12,30,65,53,5,31,52,3,38,43,3,22,107,107,12,24,5,20,128,1,34,32,99,45,75,41,104,48,80,2,32,1,63,70
"2_023. Rachel Platten - Fight Song (Official Video)_clean_sample2.wav",212,53,154,76,56,72,108,45,104,23,18,162,25,71,52,3466,62,94,53,58,105,2,6,79,74,33,68,58,69,10,131,12,4,117,52,45,124,72,2,66,163,3,143,44,103,73,1,41,0,59,92,31,71,6,50,194,89,90,27,51,87,30,87,42,4,90,132,55,100,57,161,6,67,254,5,234,27,2,30,47,38,7,103,4,117,46,2,90,48,21,130,131,167,142,50,123,2,31,2,97,84
"49_050. Carly Rae Jepsen - I Really Like You_clean_sample2.wav",231,80,46,1,39,127,30,31,83,28,26,88,31,35,66,21,30,72,62,17,33,2,0,72,84,44,33,88,24,1,47,6,3,71,43,112,50,100,1,41,44,2,112,37,87,57,8,28,1,81,37,26,37,2,16,36,45,27,19,27,28,52,92,87,4,144,39,83,72,29,51,33,25,29,4,18,61,2,60,63,32,3,109,7,1451,22,1,85,35,34,62,53,78,23,20,129,1,36,2,42,55
"36_072. Jessie J - Price Tag ft. B.o.B_clean_sample1.wav",187,27,40,3,19,44,50,31,46,16,21,43,44,22,22,32,16,43,31,36,41,2,10,21,21,42,18,20,18,1,21,2,2,48,26,18,41,28,5,71,21,6,36,25,31,45,3,26,1,40,58,24,13,5,22,16,47,16,21,21,20,16,18,25,2,34,8,53,27,21,48,3,27,22,3,22,11,5,25,55,28,3,19,1,54,30,1,25,14,25,90,36,15,14,1564,74,1,20,0,21,24
"52_007. Katy Perry - Dark Horse ft. Juicy J_clean_sample1.wav",196,74,74,0,70,141,54,27,84,20,28,48,53,122,84,41,156,106,71,80,23,4,2,70,79,29,60,47,36,2,68,2,2,201,71,123,72,57,6,126,87,4,172,41,53,60,6,59,1,61,63,84,25,10,70,90,120,108,41,68,95,116,96,88,5,46,35,29,69,82,104,13,33,36,3,53,101,3,45,36,46,4,84,3,145,58,2,70,72,56,220,78,49,62,35,179,4,68,4,1991,46
"24_047. Girls Talk Boys (from the Ghostbusters Original Motion Picture Soundtrack)_clean_sample2.wav",220,195,112,7,82,67,73,95,79,48,31,212,23,81,63,54,52,226,135,65,74,4,3,65,97,78,47,68,38,13,73,5,3,181,84,121,128,91,4,104,207,10,252,73,107,66,9,79,1,67,105,104,33,4,66,58,110,62,38,64,78,47,97,32,19,47,48,54,69,45,47,7,96,68,2,36,23,3,89,105,94,8,51,13,82,72,4,59,73,67,151,9140,123,134,36,93,2,59,2,118,179
"16_038. P!nk - Just Give Me A Reason ft. Nate Ruess_clean_sample2.wav",216,76,54,6,73,80,170,26,74,99,31,101,19,48,60,51,98,37,87,67,18,0,2,78,41,44,77,55,250,6,47,2,1,54,55,62,48,73,6,36,148,8,98,65,81,73,4,48,1,113,77,52,40,6,32,165,62,77,23,36,48,56,86,67,3,41,78,137,50,100,89,3,100,4829,6,84,19,1,46,39,28,5,32,17,53,63,3,78,50,60,62,65,32,74,33,40,0,63,3,54,60
"50_006. Wiz Khalifa - See You Again ft. Charlie Puth [Official Video] Furious 7 Soundtrack_clean_sample1.wav",192,43,57,41,49,61,22,34,40,12,12,43,34,48,176,48,38,35,57,75,16,6,3,60,42,45,46,37,31,6,27,3,4,104,77,50,54,56,18,32,41,2,39,25,30,32,8,24,1,28,31,85,15,16,2304,35,98,18,13,32,54,34,69,48,1,34,12,38,33,13,19,44,10,25,4,33,16,6,44,47,25,3,48,2,59,38,4,38,49,53,72,26,32,37,31,38,2,53,4,129,28
"79_095. Alan Walker - Alone_clean_sample2.wav",195,25,27,5,25,42,26,21,46,14,19,17,16,30,44,12,32,22,30,46,11,6,3,32,35,22,11,21,33,3,28,1,17,31,30,43,23,27,6,27,34,5,19,26,29,20,1,21,2,15,29,24,23,6,11,16,22,31,2603,26,25,14,24,25,3,20,19,36,22,23,25,21,23,15,2,14,26,2,15,22,25,13,58,4,27,20,1,25,18,26,29,28,21,18,30,18,2,24,4,23,41
"8_081. The Beach Boys - I Get Around_clean_sample2.wav",205,10,8,8,34,9,7,10,4,7,8,4,7,32,15,7,8,7,10,17,9,4,8,11,12,12,5,10,9,4,10,11,8,10,7,3,9,5,4,5,5,2703,5,9,10,10,67,5,4,6,7,3,10,22,3,4,8,10,7,6,8,5,10,4,3,11,6,13,4,5,9,0,7,9,3,3,5,6,7,36,8,15,11,6,11,15,14,8,11,5,6,8,7,7,5,10,8,6,8,9,9
"64_097. Nightcore - Running With the Wolves [Lyrics]_clean_sample2.wav",223,39,44,1,19,35,43,17,16,25,8,28,18,29,36,40,44,39,31,30,26,4,4,17,34,17,43,26,10,4,34,5,5,29,19,19,41,29,17,36,31,2,29,14,15,16,6,15,1,14,39,35,16,15,41,8,32,43,20,46,26,13,19,19,2,32,29,24,83,43,22,5,21,35,2,12,2920,3,9,24,30,5,45,4,56,28,7,33,20,21,44,56,12,24,41,26,5,24,2,51,32
"27_022. Major Lazer & DJ Snake - Lean On (feat. MØ) [Official Music Video]_clean_sample1.wav",215,35,53,8,16,11,13,15,20,862,11,10,13,19,23,21,18,18,22,16,12,2,1,46,12,8,18,30,12,3,16,1,2,24,24,17,42,28,2,18,10,3,39,24,22,7,3,17,0,18,12,18,21,5,17,8,16,15,13,20,24,9,15,17,2,18,15,10,20,16,29,6,16,18,1,8,15,5,19,29,17,3,18,3,16,17,26,21,24,13,13,27,12,15,20,37,1,17,0,37,23
"82_A Lady_clean_sample2.wav",175,120,5,61,8,9,8,5,5,3,7,4,4,9,14,13,3,5,5,11,3,2,16,10,109,10,7,2,3,6,6,42,71,11,113,45,4,4,5622,5,8,11,11,4,12,4,30,23,3,35,9,30,22,27,7,10,12,4,2,8,44,5,57,21,11,2,6,1,6,11,14,2,2,8,25,3,9,72,2,7,4,31,4,50,6,5,27,20,12,2,6,6,4,2,3,9,41,6,86,5,7
"3_100. Owl City & Carly Rae Jepsen - Good Time (Official Video)_clean_sample1.wav",167,123,37,26,36,132,128,51,32,27,30,80,20,61,55,14,22,49,22,27,64,2,3,24,50,22,60,32,58,8,64,3,4,60,22,2,149,167,2,16,54,2,2488,52,13,18,10,95,2,43,34,134,6,1,27,19,30,215,6,60,59,28,29,18,4,70,6,12,31,32,68,6,18,6,2,22,107,1,24,18,150,1,16,14,74,46,1,24,10,39,21,54,61,11,113,35,1,29,3,52,16
"32_086. Olly Murs - Grow Up (Official Video)_clean_sample2.wav",191,96,79,8,52,154,128,25,80,42,29,137,54,167,55,88,83,82,117,62,49,2,3,62,128,98,78,121,38,5,172,10,2,121,121,73,109,95,12,42,87,6,127,65,90,169,1,77,3,188,71,75,186,4,33,48,119,42,47,51,60,110,142,83,7,74,62,93,116,41,88,12,147,140,4,67,129,1,82,3484,39,8,56,6,211,107,4,80,152,81,135,212,56,329,26,66,6,48,5,155,38
"91_Greener_clean_sample1.wav",169,9,31,7,0,1,3,6,1,6,2,2,3,5,2,9,7,3,3,8,1,30,2,3,6,5,8,3,3,3,2,2,4,1,7,8,1,3,0,3,2,2,2,4,4,8,33,1,3,2,4,10,6,6,6,1,2,1,0,1,4,3,2,2,5745,5,1,1,4,2,6,7,1,5,3,12,10,4,1,2,8,17,6,4,0,12,2,3,0,4,5,1,1,10,2,5,4,3,1,5,3
"48_027. MAGIC! - Rude (Official Video)_clean_sample2.wav",184,30,72,1,376,96,91,26,66,17,20,53,48,41,44,34,76,78,35,54,40,3,0,54,98,62,31,85,55,1,53,3,1,47,90,36,60,5438,4,44,49,12,35,98,81,41,2,39,0,80,52,56,38,14,14,28,52,48,25,34,97,24,34,60,2,56,30,27,54,124,40,4,32,46,5,120,43,1,34,61,100,7,220,2,70,70,1,50,45,57,82,105,24,71,27,59,0,108,0,54,35
"47_020. Warriors (ft. Imagine Dragons)  Worlds 2014 - League of Legends_clean_sample1.wav",201,36,67,1,83,117,70,38,64,24,21,56,61,148,36,44,60,28,46,64,36,3,7,36,86,33,171,74,45,7,54,2,11,86,44,44,54,49,2,61,54,12,63,60,57,41,2,43,2,73,43,57,37,66,67,34,77,42,27,51,62,55,29,47,2,91,26,59,120,2946,73,9,77,40,2,26,71,1,24,55,43,11,71,9,59,105,5,46,47,43,88,54,76,68,45,80,1,74,1,49,85
"60_057. Get Off The Phone Song_clean_sample2.wav",169,41,22,0,19,54,21,21,24,6,11,32,14,26,23,9,33,47,32,15,17,2,0,10,38,13,12,18,18,3,32,3,0,36,30,20,54,33,2,15,22,3,26,673,39,19,1,19,0,21,20,11,48,2,13,16,26,8,10,26,13,22,24,16,2,28,16,9,27,29,24,4,16,33,2,8,16,2,31,25,18,2,38,2,26,36,2,18,57,14,20,22,14,21,12,19,1,7,2,35,33
"41_The Bidding_clean_sample1.wav",167,203,2,111,6,1,2,6,6,4,0,1,7,4,10,2,1,1,1,4,0,6,2,2,1,2,2,2,4,3,1,54,231,29,2,0,1,0,40,1,2,4,1,2,2,2,234,5,4,105,3,4,56,71,1,2,1,6,1,10,7,1,2,2,1,3,3,2,4,2,1,1,5,11,114,0,1,59,2,1,2,10,4,92,12,4,8,4,1,1,1,1,1,2,3,1,2744,2,43,2,4
"35_036. Fall Out Boy - Centuries (Official Video)_clean_sample1.wav",163,19,59,21,25,14,66,29,12,5,13,24,11,28,21,15,11,14,41,17,57,6,0,46,22,22,16,34,9,0,8,3,4,20,36,1561,27,9,72,31,43,3,22,9,22,31,7,43,0,11,14,8,11,1,9,9,27,16,4,43,8,12,125,10,7,21,7,31,28,19,21,0,7,7,1,23,19,2,17,11,17,3,19,2,21,12,0,13,26,14,40,20,10,9,11,28,0,10,0,14,21
"95_053. Avicii - Hey Brother_clean_sample2.wav",247,122,204,65,163,118,156,53,237,38,126,79,67,145,85,88,91,268,155,346,111,2,5,96,5897,100,153,132,137,10,130,5,2,308,321,184,231,146,16,124,152,11,103,99,117,165,129,166,4,310,172,153,128,10,69,110,136,87,67,114,126,120,133,59,16,242,75,90,184,195,331,80,240,102,4,78,122,6,56,217,80,11,114,28,126,154,4,190,87,120,200,133,68,68,126,228,3,89,3,218,117
"84_001. Anna Kendrick - Cups_clean_sample2.wav",193,61,103,4,56,89,55,42,2931,20,28,44,30,88,50,34,160,45,72,47,67,1,1,76,153,39,35,90,30,3,63,3,1,88,65,65,74,45,5,56,115,4,55,43,89,59,0,35,1,62,55,60,35,4,65,29,85,85,41,88,102,73,64,43,12,79,40,51,95,54,78,9,61,53,1,45,41,3,31,43,28,7,57,1,66,90,0,78,35,42,65,57,85,59,42,60,2,55,1,105,55
"73_Turn the Lights Off_clean_sample1.wav",170,15,7,6,9,3,58,7,7,1,2,7,6,8,3,6,21,12,25,6,16,4,0,5,9,5,4,8,5,4282,14,3,8,15,5,3,8,10,2,2,11,2,8,12,9,6,4,8,1,10,9,4,8,16,2,6,11,2,2,8,2,4,6,14,34,62,4,23,14,2,10,40,6,8,3,2,5,1,6,8,10,4,13,3,11,8,2,14,12,3,6,24,13,8,10,5,4,3,0,3,40
"57_Numb_clean_sample2.wav",186,17,8,21,8,40,19,16,2,15,0,2,12,7,10,14,1,1,2,100,7,2,5,2,2,5,33,12,3,17,9,15,4,59,8,18,21,4,3,2,4,4,2,30,9,3,19,3,3,3,3,26,3,22,17,0,12,2,4,2,2,3,11,4,10,20,14,29,17,7,10,26,4,7,3,27,0,5,3,3,5,5,3,30,13,15,26263,4,4,3,5,2,7,2,5,4,7,2,2,1,4
"71_083. My Singing Monsters - Plant Island Theme_clean_sample1.wav",164,10,9,375,4,3,8,80,29,1,1,2,6,4,4,2,5,5,8,43,50,4,9355,13,11,15,2,8,6,4,4,20,11,109,5,9,17,3,16,14,22,4,4,4,10,3,54,1,5,112,3,3,4,185,2,4,12,3,2,2,2,74,3,2,312,268,5,4,11,162,20,4,3,2,54,34,2,14,3,3,7,25,3,684,5,62,478,4,12,6,2,5,7,16,2,4,5,30,6,2,6
"1_028. Capital Cities - Safe And Sound_clean_sample1.wav",166,74,102,9,30,128,56,10,27,8,14,34,35,42,65,106,65,35,80,20,54,2,2,87,45,45,30,57,31,33,51,6,58,147,133,55,4170,68,11,24,40,2,108,42,58,51,3,112,0,69,56,25,20,0,24,42,92,11,8,87,29,174,38,23,112,176,10,13,28,9,45,4,227,34,4,12,20,10,21,56,92,6,21,2,112,27,17,143,68,44,36,64,90,80,32,54,1,19,2,20,115
"80_077. Emeli Sandé - Hurts_clean_sample2.wav",171,67,33,103,42,29,77,34,61,45,25,36,78,41,71,30,36,26,51,30,32,2,2,38,38,57,41,44,33,4,32,4,2,58,61,116,42,41,12,75,46,4,57,41,2210,49,1,53,2,85,87,42,22,13,38,61,50,34,34,98,58,29,31,21,1,44,82,39,40,26,82,28,69,39,6,44,53,1,30,39,38,2,36,2,43,34,3,71,55,36,72,56,31,54,38,81,2,35,2,38,41
"86_019. Naughty Boy - La la la ft. Sam Smith (Official Video)_clean_sample2.wav",185,41,118,1,33,156,105,34,64,17,13,41,66,103,39,80,81,50,92,49,60,3,3,61,51,40,40,34,26,10,118,4,8,38,104,56,88,81,19,51,100,2,122,25,37,42,4,66,1,85,103,129,20,2,47,60,95,72,16,39,42,42,39,56,2,205,76,47,83,75,93,5,40,66,6,45,47,4,20,48,100,3,274,4,171,39,3,6231,88,35,142,139,48,34,43,50,4,54,0,81,73
"36_072. Jessie J - Price Tag ft. B.o.B_clean_sample2.wav",184,36,27,7,36,52,45,30,48,28,20,28,36,29,37,28,55,38,38,23,28,3,4,62,31,25,25,30,30,1,24,6,4,33,40,29,36,44,3,45,26,4,46,30,23,38,0,19,1,29,73,32,39,8,24,19,50,16,37,33,25,47,21,27,1,28,54,44,28,37,48,5,37,26,2,26,27,2,29,35,24,5,51,1,43,41,1,37,35,25,53,51,22,36,1537,76,3,33,2,47,27
"26_017. David Guetta - Titanium ft. Sia (Official Video)_clean_sample2.wav",169,53,68,4,37,44,44,29,104,15,21,31,24,46,36,16,64,21,26,46,19,1,3,53,49,56,40,40,23,8,41,8,6,33,26,39,101,39,6,33,37,4,76,43,32,44,8,19,1,28,21,23,26,4,86,29,25,61,33,1951,34,15,34,28,2,28,30,54,54,31,95,5,46,33,3,94,37,5,55,20,27,3,38,7,34,60,4,47,42,37,41,52,55,29,40,61,9,33,7,26,50
"1_028. Capital Cities - Safe And Sound_clean_sample2.wav",183,112,156,4,187,211,271,35,135,54,27,120,80,133,145,191,262,218,97,175,110,2,6,120,255,62,132,82,97,75,208,3,284,203,239,99,9838,278,9,61,155,6,234,55,86,114,8,82,2,98,167,89,60,13,42,56,166,194,30,104,52,35,104,114,325,300,48,49,184,97,73,13,282,79,2,54,58,6,21,52,77,14,95,55,254,48,15,87,277,49,162,127,120,112,48,243,2,92,1,105,95
"19_054. Owl City - When Can I See You Again (From Wreck it Ralph)_clean_sample1.wav",189,118,145,3,113,79,203,63,104,54,50,92,40,121,68,81,196,156,79,168,82,2,8,169,261,53,62,181,94,26,129,9,7,99,204,98,219,84,20,98,162,11,150,57,212,68,5,117,7,228,145,70,38,20,93,66,104,72,72,78,74,52,89,99,2,79,71,90,150,102,4677,6,209,66,2,101,77,3,55,104,165,8,140,55,197,104,1,134,151,164,118,277,83,77,39,135,1,51,1,199,63
"24_047. Girls Talk Boys (from the Ghostbusters Original Motion Picture Soundtrack)_clean_sample1.wav",187,140,85,11,131,80,147,74,95,24,44,67,54,437,101,57,267,72,215,135,101,4,2,146,151,61,71,116,61,13,67,5,6,124,184,73,212,93,5,99,119,10,98,153,151,104,26,175,2,109,126,122,238,6,42,52,82,246,39,111,95,183,84,78,7,266,38,140,292,77,196,11,362,252,4,53,56,5,60,145,126,10,52,15,233,117,6,110,55,83,192,11825,71,218,56,115,4,58,3,280,97
"38_082. Smoke and Mirrors_clean_sample1.wav",176,75,72,35,36,41,74,12,41,25,18,98,50,102,34,44,90,57,40,71,95,7,14,25,30,30,58,81,14,3,42,5,4,47,36,176,35,87,1,19,24,4,54,60,134,57,6,87,2,2780,33,31,12,1,57,14,18,68,14,55,24,74,26,27,16,54,12,39,112,24,24,9,55,33,7,29,14,9,13,76,77,2,47,2,32,54,4,16,38,40,22,52,17,36,35,28,1,29,1,50,32
"98_021. Alan Walker - Faded_clean_sample2.wav",191,61,83,24,38,44,47,47,40,42,32,50,31,41,41,31,37,52,34,76,18,1,12,76,71,30,32,44,34,3,39,4,15,49,61,124,42,45,6,44,53,9,68,31,37,31,8,103,0,37,39,4769,30,17,40,55,58,34,35,63,45,18,26,46,3,32,64,29,69,33,64,17,49,56,12,20,47,2,26,136,39,4,65,33,63,24,1,116,36,23,85,45,39,41,34,47,2,32,9,52,68
"52_007. Katy Perry - Dark Horse ft. Juicy J_clean_sample2.wav",165,53,83,5,40,86,128,36,32,30,17,29,33,46,42,11,62,37,26,59,21,5,2,60,97,59,40,92,56,2,28,6,2,20,35,24,163,40,15,168,99,1,77,88,75,35,4,28,1,77,60,40,144,4,9,71,19,46,18,27,49,62,53,34,3,35,90,24,49,15,92,4,48,42,0,26,163,4,72,53,22,2,57,6,54,100,2,51,114,9,54,90,49,62,27,62,1,148,0,3910,96
"75_078. Kungs vs Cookin on 3 Burners - This Girl (Official Music Video)_clean_sample2.wav",167,26,81,9,20,55,2541,16,23,26,53,29,12,33,44,26,30,44,30,43,59,0,3,28,103,18,40,17,26,3,35,2,4,30,36,51,23,45,18,55,32,3,26,34,32,35,7,80,2,20,33,19,25,3,60,17,27,32,20,30,39,35,22,16,1,56,20,12,90,34,26,4,25,44,2,37,17,14,17,47,32,11,37,2,48,19,12,50,11,46,61,35,15,33,17,50,2,27,1,45,21
"34_The Trap_clean_sample1.wav",167,112,1,62,13,1,3,0,2,0,2,4,0,12,2,7,3,4,1,1,1,3,6,3,28,0,1,2,1,6,1,38,70,4,20,4,2,0,41,2,4,9,4,1,3,2,9417,2,4,38,10,2,49,77,3,2,8,4,2,6,4,3,0,0,2,2,2,0,6,3,1,7,4,10,51,3,2,99,1,2,4,6,1,68,4,4,6,1,1,1,1,2,2,3,0,2,100,1,86,1,6
"10_012. Calvin Harris - I Need Your Love (Official Video) ft. Ellie Goulding_clean_sample2.wav",188,49,61,15,99,84,218,31,98,23,39,76,74,136,78,50,81,109,94,154,82,0,1,101,128,44,73,78,51,9,103,11,4,92,67,54,158,199,17,101,75,5,89,23,49,5346,12,80,1,55,85,274,212,30,54,84,119,108,49,73,81,86,187,87,4,60,49,142,196,30,65,7,74,53,4,77,124,4,94,75,66,4,87,40,67,75,2,117,95,100,227,136,51,35,45,74,3,66,2,68,48
"59_014. Avicii - Hey Brother (Lyric)_clean_sample1.wav",186,172,97,17,173,275,138,34,152,23,130,121,50,161,208,82,220,145,124,124,72,4,1,220,292,110,62,240,57,6,106,6,3,255,4182,135,230,169,12,49,146,8,149,41,72,107,125,55,6,110,197,68,362,15,39,125,95,120,27,110,156,72,170,122,8,123,118,34,205,70,197,10,128,172,15,90,98,9,59,81,106,4,98,29,355,85,1,106,91,102,100,372,56,150,65,87,2,77,6,129,73
"40_052. Lindsey Stirling - Moon Trance (Official Music Video)_clean_sample1.wav",164,29,32,52,36,101,50,62,18,15,6,18,37,36,83,15,18,24,31,863,60,6,10,40,71,29,29,65,59,2,33,2,5,59,91,78,25,60,5,76,96,2,25,24,73,33,1,46,0,128,74,31,8,27,15,11,49,60,19,24,47,22,53,23,12,44,22,20,64,38,67,21,24,17,9,17,20,3,111,61,73,8,36,37,36,78,17,59,135,9,40,103,41,36,27,113,2,48,1,36,30
"10_012. Calvin Harris - I Need Your Love (Official Video) ft. Ellie Goulding_clean_sample1.wav",177,130,61,15,95,84,71,32,61,15,25,44,75,95,76,59,84,60,46,130,82,1,1,70,55,47,33,74,38,13,57,11,5,114,57,122,155,62,21,83,84,5,75,54,34,6762,11,80,1,45,52,82,56,23,55,55,72,99,23,83,57,43,181,52,16,68,25,146,136,53,173,11,40,46,2,77,51,2,29,74,133,7,77,34,88,59,1,82,42,71,117,84,52,39,23,63,3,41,4,70,36
"17_084. Thomas Rhett - Crash and Burn_clean_sample1.wav",168,50,153,8,35,133,34,15,27,8,66,42,72,108,44,22,2195,63,61,118,42,3,6,114,271,46,43,168,76,4,45,9,4,203,127,33,71,52,4,34,104,3,84,83,68,102,13,51,1,72,35,28,42,5,17,18,87,148,15,162,72,138,193,88,10,73,10,18,33,54,47,4,74,120,8,88,100,9,33,107,78,4,60,2,51,48,2,60,193,96,20,146,113,30,21,103,0,36,5,59,89
"51_088. Steven Universe - We Are The Crystal Gems_clean_sample1.wav",164,10,23,11,32,25,20,42,30,8,8,12,8,29,12,8,20,23,12,61,19,2,8,44,42,21,18,40,11,3,28,3,5,42,17,29,29,44,4,32,48,2,23,16,44,19,6,33,1,12,45,31,10,6,20,8,20,34,9,20,38,17,32,44,7,16,33,10,24,17,72,28,1996,22,9,9,24,0,24,44,15,2,51,62,29,24,0,17,15,15,26,25,18,18,20,56,1,37,0,43,23
"15_060. My OCD (Song)_clean_sample2.wav",172,43,43,2,89,51,30,34,41,17,16,50,1627,43,72,31,39,30,36,28,22,2,2,45,60,48,49,27,33,8,31,2,8,51,72,48,54,63,3,81,27,2,75,38,32,43,2,23,2,28,52,44,73,7,17,42,58,26,18,33,26,55,33,32,3,52,19,262,37,39,32,6,27,48,1,21,53,3,39,58,34,5,49,7,29,33,10,27,32,16,146,92,15,23,45,45,2,28,2,41,51
"25_035. Alan Walker - Sing Me To Sleep_clean_sample2.wav",181,31,59,8,35,49,37,80,60,26,23,46,44,56,62,20,80,36,37,27,39,5,1,38,65,29,57,43,23,4,36,2,3,71,29,44,37,65,8,70,64,6,52,69,82,24,8,35,1,41,69,57,19,5,44,22,78,38,36,69,53,27,47,28,2,45,33,47,57,62,33,8,47,32,2,14,37,5,20,50,54,18,36,17,34,26,1,39,24,55,85,72,38,46,43,60,1,3571,1,46,37
"25_035. Alan Walker - Sing Me To Sleep_clean_sample1.wav",193,47,31,10,34,68,85,25,21,12,12,41,18,64,23,40,24,26,32,24,29,2,7,46,29,50,21,28,27,2,30,2,14,23,71,23,51,30,15,32,65,5,37,75,34,28,0,54,3,26,33,23,46,31,13,60,47,106,14,27,42,33,18,23,3,42,46,19,84,23,39,22,22,28,1,27,28,3,45,44,40,6,33,24,60,37,1,40,53,26,28,35,54,63,16,27,1,2448,1,45,37
"8_081. The Beach Boys - I Get Around_clean_sample1.wav",176,7,11,30,12,9,7,4,10,4,3,9,4,22,7,10,9,6,7,31,4,1,14,10,24,37,4,16,11,3,9,37,21,21,18,1,8,8,6,4,12,4795,8,10,10,23,5,28,6,12,18,6,9,7,11,7,13,3,4,4,8,16,17,3,3,5,3,5,12,5,15,15,8,12,11,4,6,6,2,22,10,26,8,5,6,15,6,6,10,15,5,15,9,12,10,16,5,4,4,4,15
"20_Never Meant to Know_clean_sample1.wav",171,98,8,36,19,4,4,4,2,1,2,2,2,3,7,4,7,3,3,5,1,0,15,2,4,4,1,5,6,5,1,63,257,8,6,2,4,3,53,3,3,15,4,1,3,5,242,4,12,226,2,23,18,4621,6,6,1,3,2,4,5,1,2,4,2,5,3,4,7,5,5,2,2,15,109,2,0,78,5,5,12,9,2,109,7,1,1,3,2,3,10,5,5,4,2,4,170,2,61,3,2
"75_078. Kungs vs Cookin on 3 Burners - This Girl (Official Music Video)_clean_sample1.wav",194,61,133,11,55,98,4106,36,60,92,34,78,43,57,49,48,43,71,146,96,64,0,5,48,128,52,38,32,41,10,42,2,12,47,54,60,82,57,26,93,57,2,51,30,75,63,18,109,6,104,123,90,39,9,64,54,53,66,38,57,63,62,46,38,1,138,40,42,108,74,75,6,84,47,2,44,45,11,45,144,34,15,102,7,117,42,11,93,60,97,172,80,31,39,28,92,1,69,1,59,55
"21_085. Janji ft. Johnning - Heroes Tonight 1 HOUR_clean_sample2.wav",170,513,4,184,22,2,3,1,4,6,1,2,1,17,1,2,6,3,2,2,0,3,7,2,4,1,0,1,2,4,2,73,289,8,8,1,2,2,66,2,1,6,4,2,1,11,105,3,1,170,1,4,35,180,1,3,3,13,1,8,4,5,3,6,3,3,4,3,2,1,0,2,7,41,54,0,0,54,2,2,0,8,1,129,18,4,4,1,2,15,1,2,3,6,2,1,194,0,120,2,1
"101_070. Eminence - Knock Me Out (feat. Anna Cyzon) [Monstercat Official Music Video]_clean_sample1.wav",191,72,8,80,13,1,2,1,6,4,2,3,27,1,33,8,4,2,4,3,7,2,4,2,2,28,2,1,2,26,1,124,9741,2,5,1,67,0,90,1,3,21,1,1,2,10,145,6,23,1127,2,0,61,155,6,1,4,2,1,11,14,16,8,24,213,2,3,0,7,10,2,1,4,66,104,3,0,119,1,31,3,7,5,136,3,2,10,3,2,0,2,1,2,6,11,1,277,2,131,1,10
"55_009. Taylor Swift - Shake It Off_clean_sample2.wav",202,93,98,10,108,144,101,114,196,180,35,155,79,143,285,146,133,115,91,67,317,4,8,64,144,64,119,150,68,6,125,3,15,248,170,92,122,81,4,8189,108,9,205,68,62,144,11,66,2,100,210,114,54,10,244,29,140,121,42,92,107,73,117,54,3,136,113,48,155,71,182,12,65,96,2,98,48,4,75,81,100,10,133,11,94,51,2,63,161,52,717,146,80,91,71,405,11,115,5,108,166
"64_097. Nightcore - Running With the Wolves [Lyrics]_clean_sample1.wav",196,10,18,0,12,15,18,21,15,3,4,14,14,10,18,4,20,6,10,7,12,2,0,8,20,10,4,12,3,0,21,1,0,9,22,14,20,16,0,16,11,1,12,14,13,27,3,9,1,16,10,11,10,2,4,10,10,5,14,4,7,11,4,6,2,16,5,18,13,11,12,23,25,16,3,3,1129,2,12,15,6,1,15,0,9,12,0,21,10,4,18,20,4,17,15,20,2,10,0,7,9
"55_009. Taylor Swift - Shake It Off_clean_sample1.wav",189,48,44,8,52,56,30,65,45,8,16,35,12,25,149,40,54,32,24,37,39,4,0,57,28,72,30,23,21,8,75,4,21,44,50,81,48,58,4,865,33,9,33,25,74,20,3,36,1,42,64,44,32,2,37,33,32,16,34,43,28,44,30,34,7,205,22,23,48,29,35,11,25,16,2,15,59,1,38,41,28,5,20,6,15,12,10,29,44,8,71,34,33,55,56,51,1,21,1,51,24
"20_Never Meant to Know_clean_sample2.wav",171,14,10,139,9,5,4,3,4,5,2,2,2,4,8,4,7,5,3,3,1,2,9,3,8,5,3,3,2,8,7,75,121,4,3,2,3,4,23,4,4,6,2,5,2,2,66,3,2,108,4,3,94,4688,2,4,2,5,6,4,5,4,2,4,2,3,4,4,8,5,3,4,4,11,60,2,2,65,4,3,5,6,5,62,28,25,28,6,4,1,4,3,4,3,3,2,93,4,40,2,5
"68_055. Madness - Our House (Official 4K Video)_clean_sample2.wav",193,96,106,11,73,58,83,43,123,39,37,144,19,136,109,48,84,93,83,117,85,12,34,44,105,42,147,50,32,2,88,4,0,173,104,251,82,71,6,84,75,14,165,35,85,84,2,70,3,206,83,63,81,7,146,71,84,84,45,67,56,47,55,88,10,101,61,113,189,70,74,10,40,73,3,37,78,2,54,43,56,4,5768,18,100,112,5,64,61,49,134,70,116,93,62,63,3,55,4,76,68
