"79_095. Alan Walker - Alone_noise_-10dB_sample1.wav",293,34,4,23,4,6,4,7,4,19,4,4,30,20,132,43,8,141,3,22,3,458,22,1,55,6,31,21449,4,3,2,14,3,4,470,3,13,0,52,66,4,51,29,1,1,10,11,23,2,63,67,22,2,12,22,16,13,13,868,20,9,4,4,2,3,25,8,55,1,44,5,36,57,4,7,5,1,8,4,25,3,6,2,11,33,10,4,4,1,4,3,61,76,5,15,9,13,28,28,28,15
"42_046. Meghan Trainor - NO_noise_-10dB_sample2.wav",292,7,38,33,2,2,9,82,6,15,6,6,26,11,45,12,4,139,21,27,8,535,22,4,46,16,7,17858,981,15,15,15,9,5,484,24,12,4,14,66,5,86,4,3,8,4,7,41,36,16,6,13,14,6,4,3,2,2,8,2,8,4,7,13,3,12,6,55,4,54,11,36,1,6,6,2,3,2,1,21,1,8,4,15,2,4,48,3,2,4,4,58,84,0,10,3,12,50,10,25,2
"46_032. Katy Perry - Wide Awake (Official Video)_noise_-10dB_sample2.wav",282,1,3,24,9,376,2,6,11,14,2,5,24,12,89,19,10,136,14,22,4,509,22,0,44,6,4,14474,4,2,4,15,1,3,379,7,11,3,37,66,6,49,5,3,1,9,7,5,2,18,6,2,1,2,15,2,12,2,1,3,3,0,1,5,3,7,4,55,1,52,8,46,3,3,2,2,6,15,2,1,1,13,5,19,1,4,8,5,2,7,4,61,66,4,4,3,13,29,3,28,5
"102_018. Shawn Mendes - Stitches (Official Music Video)_noise_-10dB_sample1.wav",253,66,13,14,12,27,3,36,3,13,2,516,19,11,33,3,32,154,15,22,1,421,22,2,40,15,0,5410,4,4,5,11,2,3,107,2,11,2,4,51,2,25,18,0,2,10,15,12,3,14,5,29,3,3,6,1,14,6,5,2,8,1,1,3,2,7,8,28,1,38,4,16,0,7,2,3,3,9,1,14,1,1,9,12,0,3,0,8,0,4,2,55,57,0,48,24,11,18,3,25,4
"59_014. Avicii - Hey Brother (Lyric)_noise_-10dB_sample2.wav",303,286,5,571,39,182,176,20,52,316,42,35,70,1666,1564,92,85,138,35,462,55,528,22,6,11352,13,6,22247,56,88,5,11,16,10,12899,10,86,3,169,190,24,59,441,4,8,33,463,151,4,976,499,1317,16,22,559,44,287,102,113,90,134,33,25,20,14,519,40,56,102,53,64,705,45,55,32,7,199,669,15,74,5,32,82,33,55,47,4,54,36,145,9,63,74,18,515,29,12,78,23,94,18
"71_083. My Singing Monsters - Plant Island Theme_noise_-10dB_sample1.wav",190,29,2,259,12,1,4,39,8,12,2,3,22,11,45,6,8,152,6,189,1500,518,9255,4,50,15,0,22814,4,10,8,11,4,6,431,4,11,2,133,66,2,54,5,1,22,8,48,6,3,11,18,7,0,6,10,6,8,7,1,7,1,0,4,54,12,70,7,55,3,111,3,52,4,9,4,24,4,4,2,1,12,4,4,15,0,65,2,10,16,2,4,61,68,0,3,2,12,46,3,24,8
"31_058. Rub Some Bacon on It_noise_-10dB_sample1.wav",327,33,737,18850,4330,4714,22,249,319,178,4,4,44,1565,1789,114,11,138,125,285,8,508,2609,277,60,1845,105,22821,11,88,4,414,605,22483,477,130,1207,15,255,101,24,52,12,18,1276,8,83,3,28,725,99,12,8,5550,1980,2,87,1265,70,55,22,1,60,1503,13,1831,161,65,79,48,315,7295,79,194,826,110,2,35,3,2,2,247,28,117,110,7,4364,918,17,21,8,139,71,61,1452,110,14,88,58,22,357
"1_028. Capital Cities - Safe And Sound_noise_-10dB_sample2.wav",250,4,4,28,1,4,2,9,4,14,2,2,22,10,44,11,8,133,12,23,4,513,22,1,38,11,1,10147,3,3,5,11,1,16,221,6,307,0,6,56,5,33,6,1,1,13,5,1,3,9,3,3,2,3,6,2,3,1,0,4,3,2,6,3,13,11,6,39,1,55,3,14,3,3,3,21,3,3,2,1,4,11,1,15,2,6,8,5,5,4,2,71,54,11,4,1,13,21,12,29,14
"81_013. Passenger  Let Her Go (Official Video)_noise_-10dB_sample1.wav",281,15,1,27,2,4,2,4,3,13,8,4,22,13,44,11,5,144,4,25,6,528,22,3,44,6,8,13032,4,15,9,11,4,3,475,20,12,3,10,66,6,45,1,2,12,3,4,1,4,19,2,8,3,6,10,1,4,2,1,6,2,5,1101,2,2,16,11,55,63,50,6,133,1,7,6,8,14,11,1,1,3,5,0,19,3,2,4,6,9,2,2,60,79,3,7,4,12,43,4,24,55
"30_Cannibal_noise_-10dB_sample1.wav",257,199,156,482,1,0,1,90,3,12,2,11,22,11,40,116,6,133,24,89,7,338,242,14,46,71,1416,22195,14,11,90,71,17,5,350,66,18,3,94,67,92,41,17,17,50,28,22,28,4,46,92,35,5,303,51,21,1,6,18,3,5,275,6,211,232,235,32,40,604,753,607,2711,26,7,65,40,5,166,9,21,13,18,6,5565,6,157,5,50,110,4,2,63,74,3,40,2,20,125,14,27,35
"40_052. Lindsey Stirling - Moon Trance (Official Music Video)_noise_-10dB_sample1.wav",252,4,8,724,3,2,4,124,2,12,2,3,29,27,55,123,2,138,9,3964,10,536,22,9,46,11,70,13454,7,20,181,31,84,6,484,263,62,17,25,71,40,62,4,2,69,14,19,6,18,86,13,39,0,49,7,7,13,2,14,5,3,9,38,9,169,81,26,54,50,226,309,907,33,26,300,250,6,40,5,27,105,25,39,47,4,40,5,140,542,8,3,63,142,0,271,2,12,112,65,22,400
"6_043. Wintergatan - Marble Machine (music instrument using 2000 marbles)_noise_-10dB_sample1.wav",297,374,18,718,175,155,68,15,130,25,43,180,74,39,4830,48,96,136,20,145,5,528,94,96,231,126,39,12780,191,21,58,42,390,322,465,125,113,3,34,72,15,56,451,41,100,8,64,174,25,58,38,22,9,200,93,11,251,137,36,53,8,66,69,29,831,1134,19,54,10,51,116,490,51,498,254,93,22,23,4,32,4,19,9,216,116,8,144,68,66,9,21,73,66,12,774,110,15,62,180,81,71
"10_012. Calvin Harris - I Need Your Love (Official Video) ft. Ellie Goulding_noise_-10dB_sample2.wav",281,29,4,27,9,8,10,9,4,16,2,9,24,11,41,12,8,146,9,24,2,518,22,2,45,6,8,22814,8,5,5,12,2,2,449,12,12,1,23,69,3,62,18,3,1,525,14,22,2,28,21,9,12,9,14,1,13,1,4,19,7,9,2,7,4,6,4,53,4,54,4,17,3,17,1,19,5,21,1,18,0,6,1,13,11,3,4,9,2,6,8,61,66,0,3,4,13,44,37,29,6
"25_035. Alan Walker - Sing Me To Sleep_noise_-10dB_sample2.wav",187,24,2,88,4,6,7,19,8,14,4,6,22,13,71,27,8,144,7,25,6,536,22,2,54,8,11,20911,6,3,15,11,12,5,456,6,15,0,8,70,6,61,15,2,9,10,6,4,5,8,3,2,1,6,6,2,2,5,21,2,2,2,28,7,12,33,54,55,3,54,4,57,7,10,44,27,2,4,3,8,10,6,0,16,6,12,2,13,2,21,4,71,71,0,55,2,11,455,5,28,21
"43_098. Nightcore~ The Wolf_noise_-10dB_sample1.wav",159,22,2,142,9,26,13,8,4,15,6,11,103,12,34,3,5,136,11,22,2,428,29,5,46,6,0,12623,15,6,6,12,7,3,465,9,50,4,18,71,2,77,16,0,1,6,13,10,5,4,6,23,13,3,25,3,13,3,5,7,5,7,7,6,11,22,13,51,2,44,6,21,3,22,9,3,3,5,4,21,8,12,0,13,5,4,3,12,1,6,10,63,68,0,22,1057,13,37,3,25,6
"86_019. Naughty Boy - La la la ft. Sam Smith (Official Video)_noise_-10dB_sample1.wav",166,13,1,23,6,5,4,19,2,14,0,2,22,11,37,24,4,140,20,25,2,455,22,3,44,4,8,22243,3,6,47,155,54,4,484,35,11,0,7,71,11,47,6,2,6,7,4,7,10,10,2,12,0,13,6,0,3,3,0,4,1,0,5,25,22,90,13,55,10,64,8,99,2,10,62,33,4,8,2,2,2,13,29,82,1,6,13,556,62,4,3,63,80,1,18,1,11,35,3,29,4
"40_052. Lindsey Stirling - Moon Trance (Official Music Video)_noise_-10dB_sample2.wav",160,4,4,15,5,1,5,3,5,13,4,2,22,11,40,12,5,138,15,619,7,483,22,1,46,8,3,22911,4,2,2,11,2,22,366,3,11,0,8,66,6,55,3,1,0,5,4,0,3,4,3,6,6,4,15,2,3,2,2,4,1,3,2,6,2,16,6,50,4,52,4,34,3,6,1,4,2,3,4,2,2,4,1,12,10,3,2,7,3,6,4,61,76,0,4,6,11,28,3,25,5
"89_091. Faster Car - Anders Lystell feat. Kaliber [EPIDEMIC SOUND] (Lyrics)_noise_-10dB_sample1.wav",175,62,3,186,44,1,23,103,7,13,4,13,103,11,68,3,8,139,6,22,2,484,22,9,44,4,20,21537,12,10,34,32,6,13,484,5,12,59,12,71,3,60,16,57,18,5,8,122,2,60,2,109,2746,62,13,7,3,4,2,4,11,10,2,23,10,4,7,55,33,54,4,20,1,5,5,3,3,0,2,28,3,1,2,15,3,2,21,24,2,6,35,61,68,0,12,15,13,42,2,622,5
"34_The Trap_noise_-10dB_sample1.wav",180,1286,2,298,72,37,4,10,15,14,4,15,42,18,88,87,15,138,7,143,20,529,37,3,49,6,5,13075,8,4,11,17,11,8,484,11,11,8,30,71,14,59,246,47,5,77,9323,951,2,55,140,228,9,51,90,6,42,6,79,176,78,1,9,8,30,42,6,50,6,105,4,172,22,8,14,43,34,10,3,16,4,5,139,32,29,12,10,8,1,32,12,59,77,5,4,11,31,47,20,54,7
"71_083. My Singing Monsters - Plant Island Theme_noise_-10dB_sample2.wav",182,3,4,296,6,15,1,41,3,13,27,2,24,13,44,4,4,150,12,22,18,521,5346,41,44,18,0,22074,6,7,8,11,9,3,470,5,11,15,14,66,2,67,3,15,44,4,4,66,4,86,7,35,2,66,7,3,2,1,7,2,0,1,22,11,24,62,12,54,15,66,5,74,6,25,59,5,8,23,3,37,1,0,4,13,0,96,4,5,11,6,4,59,71,0,4,42,12,37,2,22,5
"64_097. Nightcore - Running With the Wolves [Lyrics]_noise_-10dB_sample1.wav",186,7,1,66,2,14,4,8,6,15,4,4,24,16,41,14,9,144,8,26,5,516,25,7,42,6,9,10698,6,3,8,14,7,5,387,8,13,2,10,66,4,56,6,4,11,8,18,2,4,7,5,4,4,4,10,4,2,6,1,4,3,3,3,7,25,5,7,51,11,54,5,87,2,7,5,11,962,0,3,14,1,12,6,13,3,4,7,10,16,25,4,69,64,1,4,2,14,41,15,25,6
"9_034. Pitbull - Timber (Official Video) ft. Ke$ha_noise_-10dB_sample1.wav",182,37,11,44,5,3,2,7,10,15,2,5,60,11,83,10,4,144,16,25,2,490,22,7,44,6,4,16066,18,19,1510,57,41,3,432,7,11,1,6,71,4,51,3,6,12,2,4,2,3,30,16,24,3,10,4,1,4,2,2,4,3,9,19,31,19,7,5,54,36,54,5,37,1,9,9,3,3,6,4,154,40,8,8,70,2,4,29,196,26,6,3,56,71,0,18,2,13,31,8,28,34
"105_101. Yann Tiersen - Comptine d`un autre ete - l`apres-midi_noise_-10dB_sample1.wav",193,22,44,270,2,3,2,19,4,36,4,2,22,13,47,77,1,136,18,29,10,538,40,17,46,97,293,22814,5,14,86,15,63,27,489,76,84,1,15,141,177,65,2,2,57,6,4,1,3,79,9,31,2,119,9,12,15,0,16,7,0,53,26,12,59,630,23,55,159,180,295,8484,18,29,139,32,6,53,3,2,17,8,13,319,1,34,11,98,110,8,4,82,81,6,32,4,12,47,12,22,22
"51_088. Steven Universe - We Are The Crystal Gems_noise_-10dB_sample2.wav",165,6,11,31,17,20,8,22,20,13,7,3,22,13,198,8,11,138,5,22,9,355,22,11,44,26,5,15470,4,15,12,15,66,29,198,10,18,2,26,60,2,46,15,1,15,13,76,2,6,21,4,6,9,17,11,2,5,10,1,8,3,7,4,5,100,42,41,31,3,44,8,73,503,12,8,7,31,1,2,6,0,9,2,15,10,8,15,8,3,12,2,55,66,2,32,0,12,24,31,26,12
"104_024. twenty one pilots Stressed Out [OFFICIAL VIDEO]_noise_-10dB_sample2.wav",177,6,6,104,0,0,2,17,4,12,3,1,23,11,36,29,3,141,6,25,2,359,22,2,48,8,23,21139,2,4,49,14,15,12,477,20,11,1,6,66,12,60,3,2,17,8,2,4,5,55,1,10,3,15,5,1,3,5,1,4,0,7,4,3,23,77,519,55,18,54,38,106,3,18,25,19,2,14,2,1,24,1,0,42,2,9,1,10,36,0,2,58,80,1,29,5,11,28,7,22,27
"32_086. Olly Murs - Grow Up (Official Video)_noise_-10dB_sample2.wav",179,72,2,14,3,11,10,4,6,13,8,4,22,11,40,12,10,165,13,28,7,508,22,6,46,7,2,13224,7,8,5,17,14,13,461,6,11,0,45,66,3,49,52,3,0,19,18,135,4,7,63,63,10,54,8,3,9,2,5,17,18,2,4,5,2,5,7,55,2,44,4,17,3,9,3,5,5,3,3,941,2,6,1,13,6,5,2,12,2,6,11,60,75,17,3,13,13,35,5,25,7
"63_087. Anaconda - Nicki Minaj  The Fitness Marshall  Dance Workout_noise_-10dB_sample2.wav",190,3,2,176,5,6,1,38,4,13,4,2,22,11,43,30,16,136,15,25,11,523,22,1,46,6,24,13073,8,19,7,15,13,4,470,8,11,3,8,71,4,72,10,1,8,7,8,10,3,30,3,7,10,34,8,2,3,5,1,4,1,3,7,8,19,12,18,55,34,54,7,112,0,10,34,18,3,3,335,11,3,2,2,15,2,12,13,17,50,4,4,63,71,1,8,4,14,43,8,98,23
"79_095. Alan Walker - Alone_noise_-10dB_sample2.wav",284,147,5,44,18,6,11,8,3,15,9,8,22,12,55,3,8,132,1,23,20,468,22,1,45,6,4,22101,3,4,6,12,4,4,470,4,11,1,7,66,8,46,40,3,0,14,47,27,4,49,43,37,3,9,22,2,13,7,718,2,12,4,3,3,6,8,15,52,1,44,4,26,5,10,9,4,17,5,2,12,2,2,6,11,7,6,5,5,1,4,12,55,74,5,4,11,13,31,10,26,5
"47_020. Warriors (ft. Imagine Dragons)  Worlds 2014 - League of Legends_noise_-10dB_sample1.wav",250,8,8,19,23,3,7,6,3,12,3,2,22,11,35,15,1,149,15,22,199,357,39,12,44,6,17,8309,4,28,7,12,36,7,278,19,13,3,8,61,11,42,3,5,3,9,30,5,5,50,3,25,4,7,9,4,6,10,2,17,1,5,4,5,20,54,9,44,5,2414,37,30,5,4,4,4,15,16,2,1,2,4,1,18,4,7,14,7,5,6,4,57,67,0,23,8,11,30,7,24,6
"38_082. Smoke and Mirrors_noise_-10dB_sample1.wav",168,3,2,45,6,8,3,24,3,11,3,21,22,9,44,11,10,119,13,22,4,363,17,5,44,17,3,10601,12,5,5,11,19,21,268,91,11,12,46,60,3,39,8,0,2,47,78,1,2,3593,8,20,6,4,30,1,16,1,20,8,6,8,11,5,44,32,7,36,21,49,31,247,4,6,4,6,6,8,3,12,2,4,0,12,2,7,3,10,8,6,2,52,66,0,4,15,12,264,6,24,6
"33_076. Galantis - Firebird (Official Audio)_noise_-10dB_sample2.wav",193,60,2,89,18,12,35,4,4,16,6,8,22,14,44,18,5,149,18,25,5,529,22,9,46,8,11,13508,3,2,27,11,25,6,472,11,12,1,14,70,17,45,6,5,1,13,229,3,3,10,4,77,4,44,5,15,5,3,11,4,1454,8,6,4,26,4,5,52,1,49,5,15,5,6,19,3,2,37,4,21,3,6,1,30,1,6,1,4,1,20,4,61,76,22,8,4,20,54,34,26,5
"18_044. tony igy-stop in my mind_noise_-10dB_sample2.wav",169,15,14,24,12,12,2,32,8,13,12,26,37,11,36,14,7,138,6,25,5,423,22,21,48,10,20,12881,14,12,7,1795,20,8,442,4,11,6,8,66,22,45,27,13,15,4,12,4,6,40,2,10,23,19,20,4,15,13,2,4,4,5,7,10,9,35,9,53,8,58,21,15,2,24,6,10,13,4,7,52,2,3,3,16,3,8,12,44,17,5,6,63,76,6,61,6,12,28,14,189,3
"36_072. Jessie J - Price Tag ft. B.o.B_noise_-10dB_sample2.wav",198,721,140,1751,398,1403,100,81,251,55,138,212,24,318,1868,58,262,139,154,99,13,529,396,63,761,457,118,11346,230,28,7,185,391,1463,452,23,261,1,93,140,9,49,660,6,645,19,16,234,66,1627,72,4,7,416,857,20,722,867,49,86,73,83,86,208,12,1082,99,292,10,49,212,1224,51,617,217,127,100,68,116,51,1,75,4,99,150,57,664,312,18,45,38,74,66,22,9079,360,13,116,36,166,69
"66_Cruel_Summer_noise_-10dB_sample1.wav",170,17,63,53,8,5,4,120,7,13,2,6,31,13,41,11,4,153,18,24,1,493,22,20,48,67,24,19854,12,8,10,46,61,6,334,106,11,2,9,66,3,54,6,4,18,9,27,12,1065,51,20,73,4,7,27,1,21,6,26,17,2,4,8,5,33,20,12,48,11,44,13,63,55,9,3,5,10,20,5,3,0,5,10,26,4,6,14,12,6,4,2,55,68,1,88,0,11,43,38,26,8
"98_021. Alan Walker - Faded_noise_-10dB_sample1.wav",183,234,7,392,36,43,45,62,11,66,8,33,142,263,48,17,6,145,9,25,31,517,22,8,565,15,4,13286,56,155,12,71,9,2,582,6,11,39,11,76,15,61,153,10,118,46,92,491,19,361,146,13111,36,2219,583,11,17,5,39,21,61,20,3,16,49,98,11,55,37,49,4,63,15,12,8,12,27,206,9,106,2,16,46,23,44,8,42,63,4,15,58,57,75,6,37,34,12,50,24,37,4
"98_021. Alan Walker - Faded_noise_-10dB_sample2.wav",178,386,4,385,3,27,12,15,11,15,2,10,22,77,69,24,8,136,12,25,12,537,22,8,112,9,8,13670,12,26,22,18,18,2,472,34,12,2,171,66,9,76,296,12,62,54,191,385,36,25,141,2436,10,54,99,2,15,1,17,12,27,8,16,43,18,23,8,84,70,47,71,200,21,23,23,15,3,55,6,8,2,17,98,38,38,13,22,27,40,6,3,57,71,21,35,15,11,51,7,22,4
"75_078. Kungs vs Cookin on 3 Burners - This Girl (Official Music Video)_noise_-10dB_sample2.wav",182,15,7,42,0,7,903,1,4,16,13,4,22,12,101,18,4,137,10,25,4,518,22,2,52,11,3,13644,4,4,5,11,2,9,472,6,12,0,4,69,2,56,5,5,2,19,8,5,4,4,23,4,1,3,4,1,8,22,6,4,4,8,8,3,4,4,8,55,7,52,4,226,13,6,3,4,3,23,3,8,0,4,3,15,2,23,11,8,2,7,3,62,75,3,11,3,13,41,2,24,4
"80_077. Emeli Sandé - Hurts_noise_-10dB_sample1.wav",169,18,32,827,124,396,3,39,105,15,4,24,19,121,147,129,8,125,52,33,3,451,161,28,30,92,35,7277,12,5,30,20,172,396,228,20,78,0,40,50,11,38,3,4,1124,10,17,4,4,65,36,30,3,176,286,1,25,209,11,21,8,5,38,103,23,196,27,38,20,38,70,262,5,38,90,63,3,62,10,11,21,49,3,35,77,6,245,172,33,8,5,53,48,1,253,38,12,26,15,28,63
"69_066. Jessie J - Bang Bang ft. Ariana Grande, Nicki Minaj_noise_-10dB_sample1.wav",207,27,4,27,10,28,9,4,2,13,5,17,26,14,66,9,12,144,12,26,2,528,22,5,46,11,3,19561,2,2,6,11,3,4,484,6,12,0,10,71,5,73,20,3,2,12,10,32,7,21,16,10,0,6,12,475,5,9,2,16,2,2,4,3,1,22,19,55,1,44,7,22,13,12,2,22,7,10,7,4,23,5,1,13,5,4,4,8,2,4,2,58,68,0,27,2,11,53,4,24,4
"100_059. Nilla Wafer Top Hat Time  Song - Rhett & Link_noise_-10dB_sample2.wav",172,4,3,8,0,0,2,4,3,13,4,11,31,11,44,24,4,140,3,25,2,536,22,2,48,5,1,14236,4,2,4,11,0,4,468,7,12,0,19,71,3,55,1,0,0,8,2,1,2,4,3,3,3,5,5,1,2,0,1,4,1,4,7,3,1,4,5,54,2,44,2,14,0,7,2,32,3,2,2,2,0,3,1,14,1,5,0,5,12,4,4,71,77,0,11,2,11,37,2,22,4
"103_037. Calvin Harris, Rihanna - This Is What You Came For (Official Video) ft. Rihanna_noise_-10dB_sample1.wav",179,21,14,40,17,6,3,29,4,22,4,6,44,12,60,21,11,150,22,22,3,475,23,28,44,12,52,12097,6,13,6,11,261,12,336,140,43,1,29,66,12,54,9,4,51,5,9,4,21,56,73,4,5,3,88,2,8,12,13,10,3,35,11,37,672,14,7,47,3,44,63,63,22,106,23,7,3,18,4,5,4,14,7,49,2,5,8,33,7,5,2,68,66,1,19,3,22,40,53,25,1792
"96_089. American Boy by Estelle and Kanye West_noise_-10dB_sample2.wav",179,1,4,14,16,3,1,4,4,15,6,22,23,13,43,12,8,144,12,25,5,518,22,10,46,6,4,17359,16,8,5,12,15,7,484,13,12,11,3,66,5,46,10,18,7,4,2,9,6,22,3,12,10,20,7,1,2,2,1,11,4,5,4,3,44,4,12,55,27,54,7,187,5,16,6,10,11,13,6,150,6,4,2,24,1,4,16,8,2,7,5,71,80,1,3,3,12,44,677,22,12
"30_Cannibal_noise_-10dB_sample2.wav",152,136,26,288,4,3,2,67,2,15,0,16,22,11,35,7,4,136,22,22,13,450,166,7,44,16,4,6064,4,5,2,30,3,6,182,8,12,0,7,46,2,31,11,6,6,22,66,4,6,34,26,7,0,81,32,7,13,4,4,2,4,12,4,117,113,165,9,41,20,44,37,371,16,7,8,13,3,12,1,16,4,4,10,1833,4,96,3,4,2,2,7,55,66,1,16,6,12,21,21,22,29
"9_034. Pitbull - Timber (Official Video) ft. Ke$ha_noise_-10dB_sample2.wav",181,4,4,9,3,3,2,6,4,13,8,2,22,11,42,7,7,144,9,23,6,504,22,2,46,10,9,20660,4,12,474,14,24,4,351,36,12,1,4,66,2,49,3,1,2,9,17,1,3,4,3,85,8,13,7,2,3,0,2,5,0,3,3,3,2,8,12,42,4,49,20,47,1,9,4,3,2,6,0,4,1,4,0,11,2,5,15,9,2,4,2,62,68,1,3,2,11,77,23,22,4
"7_092. Harry Potter Medley on Marimba_noise_-10dB_sample2.wav",180,39,32,19792,0,8,7,442,29,15,4,4,22,59,316,536,9,292,87,254,3,503,216,69,44,33,318,16067,11,51,989,21,1950,11,425,517,94,9,84,170,114,56,3,8,199,3,165,4,17,1734,16,237,28,169,17,9,9,9,15,38,9,36,811,9,926,458,125,55,631,200,958,8102,30,88,340,302,5,146,66,215,1363,76,1,578,48,55,5,181,1756,7,8,84,134,0,275,4,15,510,68,25,5728
"34_The Trap_noise_-10dB_sample2.wav",165,352,3,247,23,12,71,4,3,21,7,18,23,28,86,24,12,136,6,25,15,539,22,18,49,7,8,15325,4,17,111,11,32,3,447,6,11,11,48,69,2,58,16,9,3,15,1461,24,2,50,16,70,5,20,8,45,3,0,31,4,54,17,4,7,96,3,8,55,1,54,16,14,2,6,8,4,6,32,4,83,0,6,1,12,2,5,6,9,2,55,5,61,71,82,6,2,14,45,110,102,9
"73_Turn the Lights Off_noise_-10dB_sample2.wav",177,15,4,224,1,3,5,11,4,14,3,2,126,11,44,16,3,134,18,26,33,514,22,9,49,8,15,13465,6,1332,18,13,7,6,429,17,11,7,15,66,7,48,11,3,12,11,39,13,15,13,9,77,10,53,11,1,8,2,3,7,3,2,7,17,17,16,8,47,13,54,22,88,3,12,62,11,12,9,12,11,2,2,3,17,2,9,9,20,51,3,16,62,69,11,21,3,13,41,5,31,6
"100_059. Nilla Wafer Top Hat Time  Song - Rhett & Link_noise_-10dB_sample1.wav",211,42,18,2678,0,5,4,307,4,13,1,3,22,22,263,751,4,206,24,635,2,528,22,87,46,38,365,19890,5,51,1122,33,775,11,484,768,241,4,55,129,129,62,2,4,225,8,31,2,22,588,2,183,2,2188,7,6,2,0,2,3,8,44,588,6,772,596,66,55,386,1056,1094,2737,22,64,2012,716,9,165,37,2,856,63,48,221,7,109,5,149,15339,6,1,112,359,1,528,2,13,511,382,22,1094
"25_035. Alan Walker - Sing Me To Sleep_noise_-10dB_sample1.wav",172,5,5,139,6,29,4,16,6,11,15,4,22,10,52,47,5,136,12,31,4,488,26,7,44,9,26,12188,4,19,34,11,84,5,337,35,18,1,12,64,8,55,8,2,13,20,11,32,3,62,9,24,0,25,13,4,18,7,1,8,3,5,22,4,42,30,18,46,27,52,25,239,33,8,153,61,12,28,3,4,24,3,10,32,6,9,8,5,143,21,8,52,127,0,20,64,11,904,12,19,55
"32_086. Olly Murs - Grow Up (Official Video)_noise_-10dB_sample1.wav",173,120,6,79,11,15,55,20,10,17,10,12,24,14,57,16,14,146,11,26,6,536,23,9,50,11,10,13099,14,7,5,11,2,4,361,8,30,9,8,66,7,57,104,11,5,27,54,58,3,16,13,16,12,6,20,4,28,13,16,17,6,16,5,9,11,39,9,51,4,65,4,13,6,11,8,5,29,48,2,2244,3,8,28,36,14,14,7,7,4,56,14,66,74,16,36,54,27,42,5,40,8
"43_098. Nightcore~ The Wolf_noise_-10dB_sample2.wav",170,14,5,56,1,8,88,8,6,15,5,32,28,14,44,10,4,158,33,22,3,523,22,8,49,12,0,17150,4,5,2,26,5,2,360,4,11,7,45,66,2,105,6,2,4,12,3,20,3,49,2,9,6,5,23,4,18,10,2,15,3,14,17,9,19,30,6,55,11,44,3,17,2,49,12,3,86,13,4,22,8,2,7,14,9,4,11,6,1,24,11,59,76,3,9,1580,12,37,7,22,8
"52_007. Katy Perry - Dark Horse ft. Juicy J_noise_-10dB_sample2.wav",181,13,2,22,3,3,2,5,3,13,3,8,22,12,41,7,8,135,6,25,1,508,22,1,48,6,0,17435,2,3,3,11,4,6,359,7,11,1,4,68,1,55,11,2,4,3,7,18,7,7,11,11,2,5,9,1,2,1,4,2,2,0,4,8,2,4,10,53,2,49,7,22,3,7,2,7,4,3,1,4,0,4,3,15,3,4,6,8,1,2,2,58,66,0,4,3,11,32,2,426,4
"15_060. My OCD (Song)_noise_-10dB_sample1.wav",185,2,18,40,7,8,2,145,12,15,4,6,1378,15,334,7,4,158,11,28,11,488,22,7,44,64,7,22814,12,3,6,18,27,7,433,185,12,1,80,85,12,59,37,5,8,12,16,1,5,195,31,15,0,38,17,0,73,14,21,6,3,4,17,16,23,14,11,49,2,51,11,133,49,19,12,4,13,3,4,3,2,20,4,13,3,12,7,29,6,3,4,61,66,11,75,1,13,33,72,25,25
"52_007. Katy Perry - Dark Horse ft. Juicy J_noise_-10dB_sample1.wav",180,7,2,22,4,2,1,4,4,14,4,4,22,13,42,12,9,152,6,28,8,528,22,0,48,4,1,22720,2,1,2,11,2,3,484,3,12,3,6,68,2,60,1,0,7,8,10,61,2,71,77,2,0,6,4,1,6,3,1,4,5,2,4,2,4,8,7,55,1,52,2,15,2,6,28,2,3,5,4,21,1,2,7,12,21,3,4,6,1,4,12,61,78,0,3,2,13,41,3,419,4
"42_046. Meghan Trainor - NO_noise_-10dB_sample1.wav",170,11,11,24,6,2,1,4,4,16,4,32,22,11,44,7,2,140,6,25,1,528,22,9,48,10,4,13024,634,9,12,13,8,4,424,22,11,5,4,71,4,49,8,15,62,8,9,8,11,28,1,37,15,24,7,3,4,9,3,4,3,4,3,10,5,6,8,55,17,44,5,50,2,18,7,5,7,10,4,22,0,2,2,29,5,4,16,26,7,4,11,55,68,5,26,2,12,50,3,22,7
"54_016. Taylor Swift - Blank Space_noise_-10dB_sample1.wav",180,14,4,11,2,8,12,9,5,16,4,5,25,10,56,6,11,142,10,28,4,494,23,1,40,8,5,8734,6,4,6,14,8,5,251,10,11,2,9,61,4,87,10,4,2,11,14,9,7,5,18,2,5,8,5,2,4,508,4,4,5,8,4,4,1,11,14,39,3,49,7,19,5,6,6,2,7,15,2,4,1,1,1,16,4,5,13,5,2,9,2,57,58,1,11,1,11,45,6,27,15
"101_070. Eminence - Knock Me Out (feat. Anna Cyzon) [Monstercat Official Music Video]_noise_-10dB_sample2.wav",193,23,3,26,14,4,7,2,7,13,2,20,43,13,46,6,8,140,9,28,4,528,26,20,48,7,2,22238,9,2,13,15,664,11,484,5,11,3,10,66,3,76,6,11,14,8,29,35,3,23,3,9,4,40,9,5,3,8,1,2,17,2,4,7,36,5,10,57,36,48,5,17,3,9,4,5,3,1,5,147,3,2,4,13,1,4,18,19,2,9,21,69,71,8,11,3,11,44,12,24,4
"88_033. Fifth Harmony - Worth It (Official Video) ft. Kid Ink_noise_-10dB_sample2.wav",184,11,2,233,20,4,11,0,4,13,329,3,24,13,89,1,8,138,6,22,3,483,22,2,44,4,3,19354,3,2,2,11,1,6,475,4,11,0,8,76,3,46,14,1,1,5,29,7,2,4,3,3,3,1,3,4,1,9,1,6,1,2,4,5,2,8,7,55,1,44,2,15,2,6,7,2,6,1,2,6,0,1,1,11,6,6,1,4,1,11,1,67,76,3,16,12,12,35,3,25,7
"94_Banana Man_noise_-10dB_sample1.wav",188,17,63,655,176,429,1,26,34,15,4,3,26,107,123,33,4,152,21,71,2,483,82,22,48,764,16,16271,6,5,2,24,126,563,472,24,93,0,25,69,12,63,5,8,97,6,93,1,9,83,42,21,4,302,230,2,21,103,20,12,5,13,8,119,3,96,16,55,12,49,77,546,2,15,101,11,3,9,4,1,3,9,3,32,11,4,291,47,4,7,4,68,75,14,117,22,15,31,10,22,27
"36_072. Jessie J - Price Tag ft. B.o.B_noise_-10dB_sample1.wav",188,46,3,44,20,23,12,8,4,14,17,2,22,11,88,8,9,141,6,23,6,523,41,5,46,10,0,19484,7,3,6,12,15,5,438,6,12,0,8,66,3,55,54,3,7,11,3,107,2,21,12,2,4,17,38,4,6,26,2,10,3,2,7,6,12,88,7,51,31,52,3,37,4,6,7,10,42,27,2,5,22,6,4,13,6,11,2,15,5,18,3,63,70,4,747,3,15,36,8,31,2
"0_096. Nightcore - Mad World_noise_-10dB_sample1.wav",173,4,7,7,5,2,34,27,4,31,0,3,22,41,40,6,1,132,8,22,15903,480,1011,6,44,17,8,11893,15,9,6,12,6,65,212,4,11,1,24,54,16,41,5,3,12,7,208,15,3,55,8,0,1,6,35,2,7,13,1,4,2,17,2,4,4,6,6,35,5,186,6,35,7,12,4,4,112,6,6,3,135,32,20,15,1,12,4,17,7,2,4,55,66,4,4,9,11,33,23,23,6
"92_025. Fall Out Boy - Immortals (From Big Hero 6)_noise_-10dB_sample2.wav",178,7,16,660,94,216,2,35,63,15,8,16,384,77,134,18,4,148,24,27,4,523,84,42,44,44,14,15583,32,15,8,24,92,356,419,31,47,52,36,70,3,57,13,12,528,8,20,585,14,73,10,413,12,175,143,2,4,173,7,8,5,66,6,37,484,78,13,52,95,54,45,196,6,60,30,39,20,59,6,714,4,13,3,127,12,4,192,93,14,8,39,63,66,2,124,15,12,43,17,102,17
"64_097. Nightcore - Running With the Wolves [Lyrics]_noise_-10dB_sample2.wav",172,3,17,11,2,11,8,4,3,16,4,6,24,11,40,12,8,142,18,25,6,513,23,3,46,10,7,13075,8,8,5,20,5,4,456,6,14,1,6,66,8,78,2,4,9,12,32,2,2,8,3,4,0,7,6,20,2,2,2,10,2,3,10,3,17,5,6,48,4,49,4,123,5,6,2,7,533,4,7,2,3,4,10,12,4,9,4,7,2,3,2,58,71,0,4,2,13,34,8,25,6
"95_053. Avicii - Hey Brother_noise_-10dB_sample2.wav",180,29,5,210,5,5,13,4,3,13,4,3,26,12,313,49,8,150,15,264,4,433,22,3,769,10,27,16552,8,4,7,12,3,6,572,7,16,1,41,71,7,72,17,1,1,11,7,7,3,280,217,21,1,5,12,4,59,42,20,8,15,5,3,4,16,13,16,55,1,54,41,202,191,7,28,2,4,9,4,7,1,2,6,88,19,30,1,8,2,6,8,63,75,2,6,3,13,33,28,25,11
"82_A Lady_noise_-10dB_sample2.wav",172,13,10,605,1,2,1,44,7,13,2,5,230,11,147,40,11,152,17,34,18,473,22,3,75,15,36,12975,11,80,45,26,24,4,445,77,20,8,5184,71,37,46,6,12,103,8,586,43,7,55,12,69,15,104,19,7,10,3,11,2,4,16,23,26,132,38,9,53,55,103,142,176,11,8,31,65,9,28,5,3,8,6,19,47,2,8,108,46,55,4,4,63,66,0,21,2,12,55,7,24,37
"48_027. MAGIC! - Rude (Official Video)_noise_-10dB_sample1.wav",171,19,4,5,1,3,3,4,2,16,2,3,24,14,44,5,4,137,3,25,0,534,22,1,44,5,4,12924,4,4,6,11,11,4,458,5,11,660,5,66,6,64,9,6,5,8,12,1,1,6,5,10,2,7,8,1,4,1,2,3,9,0,18,9,2,13,6,50,2,48,2,11,1,3,6,3,26,3,4,2,2,1,3,19,5,4,7,4,2,3,4,63,68,1,2,3,12,46,2,22,4
"19_054. Owl City - When Can I See You Again (From Wreck it Ralph)_noise_-10dB_sample2.wav",175,7,60,209,57,39,4,40,28,14,2,2,22,11,44,24,4,136,24,25,4,528,159,23,46,66,58,12588,5,70,15,125,63,143,360,105,61,12,14,66,45,51,23,4,98,4,8,1,25,156,9,95,2,64,29,0,145,106,3,24,5,3,22,63,45,80,10,53,17,47,1281,306,2,101,27,52,4,19,7,1,0,23,2,30,11,33,77,18,4,6,6,62,70,10,124,8,11,56,16,24,40
"41_The Bidding_noise_-10dB_sample2.wav",180,3,2,11,2,1,3,2,4,15,4,3,23,12,48,9,7,138,9,27,2,529,22,3,50,7,2,15107,4,4,6,11,4,7,458,5,12,1,10,66,2,67,3,2,5,8,6,1,3,4,2,5,0,4,11,4,1,1,4,4,2,3,4,8,5,5,11,55,1,44,3,23,2,9,4,3,4,2,3,2,1,3,1,11,1,7,3,10,3,4,4,58,68,0,6,6,482,54,3,25,8
"20_Never Meant to Know_noise_-10dB_sample1.wav",178,10,3,69,4,6,69,18,14,14,5,23,23,54,40,28,14,150,9,28,6,483,22,50,42,8,8,13747,20,12,29,39,46,6,384,27,12,15,17,65,6,63,23,28,73,8,12,110,2,34,3,60,34,1513,15,0,3,9,2,3,8,3,6,29,32,33,16,51,26,50,44,48,2,5,22,19,43,45,4,60,4,2,0,33,16,3,47,27,40,6,110,67,62,0,16,2,12,34,13,25,7
"73_Turn the Lights Off_noise_-10dB_sample1.wav",170,13,4,210,1,4,2,10,10,13,2,6,83,11,39,32,8,134,9,24,8,464,22,13,56,6,28,11689,7,752,36,12,9,4,364,29,11,8,7,64,12,54,9,3,20,6,31,6,4,20,3,39,11,45,5,2,6,1,3,2,3,0,8,11,28,30,8,50,10,44,44,50,1,9,24,16,3,16,3,13,1,4,2,16,2,6,16,44,44,7,6,62,68,1,16,3,12,32,9,24,5
"87_079. twenty one pilots Heathens (from Suicide Squad The Album) [OFFICIAL VIDEO]_noise_-10dB_sample2.wav",175,27,98,325,231,298,8,76,74,21,5,38,39,50,116,84,10,144,30,455,3,478,245,144,63,584,39,22814,14,18,62,126,201,224,442,150,92,1,15,68,24,57,86,10,104,7,4,17,10,122,18,75,2,152,175,3,27,198,4,121,13,30,7,43,73,166,26,44,114,74,147,522,4,147,164,3338,8,32,18,3,3,16,5,20,66,19,107,58,214,4,7,93,69,15,195,30,19,115,37,22,30
"26_017. David Guetta - Titanium ft. Sia (Official Video)_noise_-10dB_sample1.wav",193,30,2,42,4,16,5,0,5,15,4,4,22,13,44,18,7,132,2,43,6,528,73,0,59,5,2,13154,6,9,2,16,12,5,484,3,12,2,11,66,17,56,25,1,4,20,26,37,12,43,89,9,1,35,14,6,16,7,19,1981,14,5,4,3,2,87,6,57,3,44,3,20,9,7,20,4,6,32,4,5,1,1,3,46,7,3,3,3,5,3,5,56,71,7,51,7,51,47,16,25,42
"67_090. Josh Groban - You Raise Me Up (Official Music Video) [HD Remaster]_noise_-10dB_sample1.wav",193,1168,3,176,5,8,11,2,4,13,4,48,23,15,110,1,51,136,18,25,4,458,22,9,48,8,1,16194,4,3,11,11,13,3,484,7,13,6,12,66,2,62,77,1,3,24,46,181,3,8,15,36,17,64,111,6,20,7,16,6,21,3,2,3,11,44,13,55,5,44,3,18,3,36,2,3,16,0,4,39,0,4,25,17,18,4,1,9,0,9,10,61,69,9,63,25,12,32,14,22,7
"26_017. David Guetta - Titanium ft. Sia (Official Video)_noise_-10dB_sample2.wav",178,211,8,120,78,77,2,6,42,13,4,4,26,23,56,18,3,148,9,92,0,517,63,13,44,45,12,22814,4,21,6,14,61,77,424,6,20,12,18,67,3,46,8,1,55,8,101,7,10,104,12,5,5,42,90,1,17,62,4,1756,5,2,3,10,4,35,5,49,3,44,13,139,21,21,66,21,8,51,2,39,0,12,5,48,53,6,40,47,2,2,2,58,66,1,61,76,87,35,44,28,14
"38_082. Smoke and Mirrors_noise_-10dB_sample2.wav",178,15,73,12,7,8,6,176,4,15,3,11,30,11,43,12,4,138,3,28,5,526,25,2,46,51,4,21243,8,1,3,19,24,7,484,53,12,1,14,69,5,75,2,2,21,4,28,3,7,573,8,8,4,6,8,2,24,15,12,5,4,4,2,19,1,63,16,55,4,49,6,58,57,12,8,5,3,9,2,2,3,3,13,32,2,11,22,26,11,7,1,72,68,0,110,27,12,42,35,25,5
"62_061. LEFT SCREEN ONLY Spot the Differences_noise_-10dB_sample2.wav",169,44,2,9,1,0,8,6,2,13,2,2,22,11,33,12,8,138,9,22,147,397,22,3,44,12,11,15028,1,4,5,11,2,6,398,3,12,4,11,64,88,47,4,2,0,12,2,1,11,9,11,2,0,77,16,4,2,0,11,4,4,43,5,6,88,11,12,44,3,54,8,42,2,55,7,3,7,3,5,3,5114,11,10,24,0,8,1,12,3,6,1,61,76,2,8,88,12,22,5,26,8
"96_089. American Boy by Estelle and Kanye West_noise_-10dB_sample1.wav",175,2,7,49,11,4,3,30,19,12,23,2,22,11,66,10,5,148,6,53,4,418,22,13,50,11,2,12730,3,55,17,23,14,3,349,264,11,0,44,66,6,50,10,21,9,4,33,6,4,24,3,3,6,11,6,1,2,16,6,12,5,10,15,8,45,90,7,55,9,44,30,55,5,42,27,19,9,5,3,4,4,7,2,17,1,7,28,20,31,4,3,55,66,2,32,0,11,28,1405,25,6
"37_063. Bastille - Pompeii (Official Music Video)_noise_-10dB_sample2.wav",190,4,54,624,100,40,23,31,58,15,4,7,24,18,82,32,19,140,11,25,6,527,87,1156,48,56,6,17502,11,49,20,38,30,218,427,13,19,1,12,71,11,50,33,6,19,8,38,14,15,35,3,39,23,289,16,3,3,16,9,31,6,5,4,14,10,72,9,53,20,49,25,196,5,126,19,18,24,7,17,84,2,41,3,39,21,4,142,110,5,5,12,71,75,7,12,4,21,40,24,25,23
"50_006. Wiz Khalifa - See You Again ft. Charlie Puth [Official Video] Furious 7 Soundtrack_noise_-10dB_sample1.wav",167,57,5,157,17,34,18,14,20,16,3,27,24,18,178,48,9,155,15,25,18,440,30,6,76,20,59,12485,8,3,2,11,29,33,355,11,32,0,18,66,6,65,14,0,25,17,12,28,4,23,24,6,6,20,1760,3,56,53,8,41,15,9,34,5,8,39,7,54,4,44,8,174,11,11,20,18,6,9,4,11,4,8,7,14,11,6,20,18,6,10,8,58,66,0,184,82,13,31,5,29,10
"7_092. Harry Potter Medley on Marimba_noise_-10dB_sample1.wav",211,1183,18,71452,29,60,6,425,6,43,2,71,60,192,281,263,58,213,74,343,1,500,22,55,46,23,221,23019,6,75,548,11,2223,8,327,229,51,1,341,174,187,49,777,33,275,160,349,1074,34,1375,816,1263,33,155,267,9,115,0,122,73,69,7,858,57,1674,274,91,196,1494,184,456,7722,66,96,567,169,8,99,53,55,1683,20,248,405,225,40,27,400,1468,6,34,61,165,0,105,220,13,248,60,234,19605
"47_020. Warriors (ft. Imagine Dragons)  Worlds 2014 - League of Legends_noise_-10dB_sample2.wav",185,3,1,21,3,12,4,20,4,15,8,4,28,13,123,6,8,140,4,38,15,536,24,11,46,6,8,22515,11,7,16,14,32,4,472,238,17,8,5,76,9,51,6,11,57,7,18,2,2,10,3,8,3,33,7,4,1,6,9,4,9,5,8,22,37,28,7,55,12,3104,24,68,5,5,19,10,119,11,4,5,1,11,8,15,0,12,12,8,18,3,4,58,73,1,68,2,12,45,19,25,4
"22_094. Harry Potter Puppet Pals - The Mysterious Ticking Noise (Video With Lyrics)_noise_-10dB_sample2.wav",165,2,11,17,11,1,1,6,5,13,4,3,60,10,32,10,3,120,14,21,1,236,11,12,32,11,15,8486,3,11,7,11,196,15,208,30,47,10,9,56,5,44,7,17,4,9,8,5,4,14,2,4,1,34,11,1,8,2,2,4,2,42,5,10,344,43,8,29,5,40,8,20,19,8,4,11,6,16,2,11,1,400,3,52,1,8,62,5,5,8,2,50,40,2,3,3,12,26,97,19,12
"60_057. Get Off The Phone Song_noise_-10dB_sample2.wav",177,6,53,90,14,10,2,46,67,13,15,4,82,15,42,12,2,145,11,23,8,537,36,21,48,27,18,12543,18,23,5,20,15,5,387,6,15,15,114,64,5,56,16,448,13,4,7,10,5,4,9,4,21,84,8,1,3,8,2,12,1,1,3,37,50,17,10,46,22,52,11,33,13,18,6,13,34,9,7,14,3,1,6,12,2,3,57,13,3,6,4,60,66,2,5,4,11,47,28,145,10
"95_053. Avicii - Hey Brother_noise_-10dB_sample1.wav",175,8,4,22,2,4,42,12,23,12,6,7,26,58,35,44,17,138,8,28,4,398,22,4,770,8,34,17416,4,11,2,11,4,3,606,9,11,0,12,71,3,57,22,3,2,8,23,9,6,39,115,49,4,2,27,3,8,3,17,12,33,1,5,4,24,25,12,47,2,49,8,23,73,11,7,8,2,33,2,7,0,5,4,17,8,17,1,7,5,2,2,58,66,0,1,2,13,28,14,22,5
"53_102. What_noise_-10dB_sample2.wav",180,26,528,193,23,24,4,6,41,18,4,5,23,20,39,11,14,528,16,26,2,467,22,9,43,20,41,17960,8,7,6,30,5,6,367,42,28,1,14,64,10,42,15,3,76,8,7,3,12,24,6,9,3,250,18,1,4,38,6,13,8,2275,25,29,44,31,11,54,12,44,19,108,3,54,51,15,11,15,2,1,2,3,9,132,8,28,4,46,3,6,0,59,69,9,14,1,14,34,20,23,8
"97_075. Lindsey Stirling - Prism (Official Video)_noise_-10dB_sample2.wav",181,3,2,136,1,1,2,847,6,13,6,6,33,29,46,12,8,142,6,28,9,529,22,0,46,23,12,22814,3,2,7,18,20,1,466,13,12,0,19,67,23,58,6,2,5,2,19,2,11,65,6,13,6,6,6,2,2,10,0,2,2,1,8,5,18,24,4,58,34,54,6,46,1,7,6,21,3,6,13,2,28,2,0,21,1,9,38,20,16,6,4,63,82,0,7,2,13,50,8,25,46
"84_001. Anna Kendrick - Cups_noise_-10dB_sample2.wav",176,0,5,13,0,0,0,0,3,13,1,2,24,11,43,6,4,139,10,22,4,483,22,0,44,7,0,16595,4,2,5,11,1,5,398,4,11,0,7,66,3,56,3,0,0,8,1,1,3,4,2,0,7,6,9,0,1,0,0,4,0,0,4,3,0,5,14,51,3,49,3,17,0,9,2,4,3,0,2,11,0,0,0,11,0,4,0,8,0,3,1,55,66,0,2,0,12,52,4,22,4
"66_Cruel_Summer_noise_-10dB_sample2.wav",169,3,12,15,3,4,2,29,9,15,3,3,25,11,42,11,6,133,12,22,4,509,35,31,44,17,11,12730,10,4,6,32,39,5,396,22,11,1,11,66,4,51,4,2,26,15,4,1,588,64,4,5,5,5,6,1,14,18,6,5,2,6,8,9,3,28,14,51,6,50,17,45,21,8,6,14,6,6,3,1,8,7,11,44,6,7,17,10,30,8,2,58,66,5,68,2,12,26,11,28,4
"78_026. Katy Perry - Firework (Official Music Video)_noise_-10dB_sample2.wav",163,995,2,528,8,29,67,0,2,55,13,30,22,11,33,5,10,136,5,24,1,444,22,3,48,6,4,12927,6,20,3,11,8,4,276,6,12,2,14,66,5,56,372,34,24,84,191,1026,4,20,437,295,34,135,164,9,34,1,29,18,63,2,15,9,11,21,10,106,6,44,5,23,44,11,2,4,6,10,53,24,12,8,117,11,46,4,1,8,1,5,27,60,66,0,2,17,12,28,9,25,4
"69_066. Jessie J - Bang Bang ft. Ariana Grande, Nicki Minaj_noise_-10dB_sample2.wav",167,15,2,25,5,0,15,4,4,15,2,3,31,14,38,6,17,150,13,25,4,484,25,1,46,9,1,18106,4,3,2,16,12,6,463,4,11,1,19,66,4,58,20,2,2,8,5,4,4,8,9,3,3,5,5,547,12,11,12,4,6,1,14,2,0,3,8,48,2,45,3,18,2,5,8,8,5,5,4,5,3,3,1,13,2,4,4,2,3,4,2,61,68,0,9,4,12,36,5,24,4
"19_054. Owl City - When Can I See You Again (From Wreck it Ralph)_noise_-10dB_sample1.wav",164,5,17,238,23,2,4,9,33,11,2,2,23,11,649,43,4,144,23,264,4,497,22,1,57,7,67,21628,4,115,4,65,2,4,367,4,11,0,62,76,9,53,4,12,6,22,10,0,4,236,247,114,7,73,15,3,114,0,21,4,14,1,20,5,15,20,25,53,56,86,886,453,11,15,20,3,12,2,4,0,0,9,1,21,5,24,12,65,4,8,2,59,66,0,9,1,12,52,9,22,26
"91_Greener_noise_-10dB_sample1.wav",166,1,3,41,4,1,1,4,6,13,4,2,22,17,43,6,1,144,6,26,5,491,22,4,46,7,5,22814,16,2,3,12,6,3,474,6,11,0,42,66,2,73,3,6,0,14,4,5,5,45,10,2,9,4,9,2,6,6,3,2,3,11,2,4,315,2,15,57,2,49,5,20,2,15,1,5,2,2,3,131,2,20,1,12,3,3,3,37,14,4,2,58,66,1,4,2,13,31,12,24,7
"23_048. Pharrell Williams - Happy (Official Music Video)_noise_-10dB_sample1.wav",174,13,1,62,5,12,5,17,1,15,13,4,23,13,44,28,8,136,3,23,7,528,22,1,44,14,2,21663,4,4,8,12,2,5,484,6,11,1,10,71,3,44,3,1,0,17,17,2,6,24,1,2,3,22,13,1,15,4,8,11,1,2,8,3,1,14,12,57,2,64,6,13,4,6,5,6,4,2,4,9,0,2,4,13,6,10,4,10,2,3,640,63,86,0,18,18,11,56,6,25,9
"37_063. Bastille - Pompeii (Official Music Video)_noise_-10dB_sample1.wav",167,4,9,99,14,10,2,22,8,13,3,3,22,9,42,62,4,157,9,28,5,526,22,700,44,10,80,9196,4,9,68,16,28,9,248,60,11,5,10,60,9,83,12,12,19,18,6,2,2,19,2,48,2,44,14,1,1,2,2,8,2,3,12,16,36,40,89,41,7,65,99,99,0,30,35,28,6,13,2,12,1,11,1,16,4,12,55,11,92,6,4,52,66,0,29,1,12,36,6,28,12
"3_100. Owl City & Carly Rae Jepsen - Good Time (Official Video)_noise_-10dB_sample2.wav",177,42,3,14,1,10,22,2,5,34,6,4,23,37,44,13,8,148,20,25,4,528,23,1,102,8,1,22961,4,1,2,13,1,5,479,7,11,6,10,71,6,83,479,1,4,31,25,26,2,39,13,30,4,11,15,2,6,1,14,7,32,3,2,5,2,27,6,55,1,54,4,15,0,6,1,3,3,33,2,3,1,3,8,13,8,5,4,5,1,2,3,58,68,0,12,5,13,44,18,25,5
"91_Greener_noise_-10dB_sample2.wav",158,5,8,21,3,3,1,5,5,13,6,3,22,11,33,6,1,137,6,22,2,486,22,9,44,10,7,12877,8,5,8,12,39,6,387,10,11,2,14,66,5,53,9,1,3,9,8,1,5,19,113,5,4,5,16,1,10,4,2,4,2,1,9,5,646,6,9,50,3,45,4,21,5,22,4,4,4,3,2,1,1,13,2,12,5,6,3,11,3,3,4,55,71,1,5,1,12,24,8,22,12
"35_036. Fall Out Boy - Centuries (Official Video)_noise_-10dB_sample2.wav",174,3,19,121,5,7,14,3,7,14,4,4,22,11,44,20,8,148,12,137,6,536,23,2,138,23,41,12582,9,4,2,11,220,10,384,4644,12,4,19,71,35,51,6,8,18,6,6,1,10,41,2,2,6,9,5,1,2,1,6,4,30,78,100,17,521,392,7,47,18,189,326,538,2,10,17,3,2,112,4,3,1,20,3,14,12,40,39,6,3,6,4,60,66,1,57,3,12,40,70,28,35
"87_079. twenty one pilots Heathens (from Suicide Squad The Album) [OFFICIAL VIDEO]_noise_-10dB_sample1.wav",177,8,12,222,8,3,1,53,10,19,2,8,22,11,45,34,8,140,11,130,1,422,69,11,47,72,44,18036,4,20,61,17,75,4,456,99,36,1,9,70,82,54,9,4,154,4,11,1,8,33,3,9,1,40,6,0,7,8,1,3,1,88,62,76,279,43,23,54,12,133,114,304,3,30,94,3136,6,143,6,6,72,16,10,19,7,10,18,69,142,8,1,71,76,3,121,4,13,62,19,28,36
"8_081. The Beach Boys - I Get Around_noise_-10dB_sample2.wav",171,4,6,11,6,3,4,17,3,14,3,5,28,11,40,18,6,134,3,25,14,504,22,2,47,15,18,22814,2,2,4,11,8,5,477,11,11,2,14,71,5,872,11,6,3,23,4,5,3,10,2,7,4,2,10,0,4,7,6,2,21,5,4,15,10,7,4,55,24,54,1,15,28,9,3,2,18,3,3,8,2,2,7,15,9,3,3,5,3,10,7,64,71,5,10,4,12,34,35,24,5
"21_085. Janji ft. Johnning - Heroes Tonight 1 HOUR_noise_-10dB_sample2.wav",161,22,3,18,4,20,11,4,3,13,2,3,22,33,36,4,12,124,11,22,3,383,22,1,52,6,1,12684,4,2,5,12,6,8,351,2,12,4,9,66,5,40,8,1,4,6,11,10,3,10,6,18,6,8,5,4,1,7,4,10,4,6,3,3,3,8,11,34,2,49,2,12,2,5,7,3,25,11,2,3,2,4,2,15,3,4,12,5,2,6,3,60,72,1,3,4,12,50,4,24,5
"53_102. What_noise_-10dB_sample1.wav",153,16,2,14,7,2,3,1,3,11,7,2,22,12,33,4,4,141,12,22,3,377,22,1,46,8,0,11037,3,4,4,16,1,4,216,53,11,0,1,48,3,41,7,0,19,7,8,1,3,11,1,2,0,4,5,0,4,0,0,6,5,689,3,6,2,4,8,37,0,44,5,718,0,7,7,3,195,3,4,0,3,1,0,11,2,4,0,4,12,13,3,55,66,1,2,10,11,20,1,22,4
"45_005. OneRepublic - Counting Stars_noise_-10dB_sample1.wav",171,8,38,12,2,1,8,14,7,15,8,13,24,13,38,4,8,140,35,25,6,466,22,17,44,10,4,20199,15,3,6,14,7,5,475,4,12,4,8,71,6,59,3,4,5,11,6,3,3,8,1,6,14,6,5,2,4,3,1,4,1,20,4,7,2,6,6,55,494,49,3,17,3,4,6,4,7,1,3,4,2,4,4,16,5,2,12,8,3,6,2,59,77,0,13,2,11,31,6,38,6
"90_064. Eurythmics, Annie Lennox, Dave Stewart - Sweet Dreams (Are Made Of This) (Official Video)_noise_-10dB_sample1.wav",172,8,2,29,2,3,10,4,5,15,4,4,26,11,42,7,23,138,9,25,5,513,22,1,44,6,4,12583,6,2,4,11,2,3,429,7,12,1,8,73,5,54,5,1,1,5,2,3,4,6,9,2,0,6,4,1,7,3,1,11,9,3,4,2,3,4,12,53,3,47,4,27,16,11,3,3,9,19,1,4,2,9,3,13,2,4,3,6,1,196,2,59,75,0,9,4,12,34,3,27,4
"74_029. David Guetta - Hey Mama (Official Video) ft Nicki Minaj, Bebe Rexha & Afrojack_noise_-10dB_sample2.wav",165,4,2,11,6,1,2,4,5,14,4,4,24,12,43,10,8,138,12,25,8,513,22,4,44,6,2,12486,6,3,4,11,5,3,398,9,12,0,8,66,5,52,3,1,1,9,5,1,2,3,3,10,3,9,3,2,3,8,2,4,3,0,5,7,12,3,4,52,3,47,2,13,0,3,2,6,2,3,1,2,3,4,2,15,1,4,1,6,1,4,4,64,158,1,4,3,12,40,3,24,11
"24_047. Girls Talk Boys (from the Ghostbusters Original Motion Picture Soundtrack)_noise_-10dB_sample2.wav",169,58,12,1343,5,28,12,178,3,13,9,33,23,13,314,611,19,194,23,254,3,528,22,81,44,33,350,13411,39,22,661,32,211,23,363,595,75,2,56,76,110,52,46,12,219,8,4,28,19,268,21,210,0,194,12,1,41,8,7,16,5,15,16,5,359,432,46,53,69,222,995,1768,11,66,463,261,2,160,2,6,11,10,2,175,22,37,3,58,924,3,4,754,123,3,336,30,12,192,72,22,19
"104_024. twenty one pilots Stressed Out [OFFICIAL VIDEO]_noise_-10dB_sample1.wav",172,14,6,133,8,4,16,21,5,14,2,41,23,13,81,31,8,152,18,25,4,536,30,19,44,12,113,12235,4,13,56,11,30,5,344,25,20,1,9,66,11,36,4,3,17,8,7,9,4,61,9,43,1,79,8,3,25,7,2,13,1,5,27,6,63,74,1022,46,70,102,40,164,8,33,25,22,1,14,6,4,31,12,1,45,3,8,11,8,37,14,1,64,72,2,89,14,13,45,13,22,81
"27_022. Major Lazer & DJ Snake - Lean On (feat. MØ) [Official Music Video]_noise_-10dB_sample1.wav",164,54,4,31,4,5,8,14,7,1229,2,6,26,11,42,2,7,136,9,22,4,518,22,0,44,10,5,10448,4,4,4,14,4,3,315,21,11,1,14,68,5,46,11,6,15,13,43,92,6,39,6,25,2,12,10,4,7,12,7,2,8,0,4,2,2,15,15,40,3,44,3,17,4,11,2,7,12,2,7,1,8,0,4,11,9,4,4,7,0,2,4,57,69,0,10,15,12,40,8,22,4
"89_091. Faster Car - Anders Lystell feat. Kaliber [EPIDEMIC SOUND] (Lyrics)_noise_-10dB_sample2.wav",163,5,6,33,33,1,2,153,8,12,11,14,158,12,55,8,4,124,6,25,9,536,25,30,56,30,4,13284,18,47,20,15,21,15,430,5,11,15,7,71,6,47,9,17,10,5,6,14,4,76,3,55,1917,132,17,3,2,6,3,5,3,15,5,8,6,4,8,50,38,49,4,19,1,6,3,15,3,150,4,55,1,5,4,68,0,9,75,43,6,2,5,57,68,3,3,49,14,37,7,139,6
"46_032. Katy Perry - Wide Awake (Official Video)_noise_-10dB_sample1.wav",162,3,6,517,10,866,1,11,41,14,0,5,22,13,42,10,3,137,28,35,0,508,26,8,44,10,5,11141,2,3,12,25,20,64,305,4,14,6,5,66,3,49,29,5,17,12,4,12,2,17,2,5,4,19,52,0,9,13,2,6,8,9,12,36,2,44,8,50,3,44,24,56,6,8,18,24,6,1,2,3,1,5,2,11,9,7,94,21,16,2,2,63,74,14,18,4,11,22,3,22,6
"60_057. Get Off The Phone Song_noise_-10dB_sample1.wav",169,163,6,115,9,11,65,6,10,12,4,7,22,12,43,3,3,140,10,29,4,504,26,5,44,8,4,11735,8,3,14,13,20,18,434,5,11,3,7,66,3,73,1,1130,4,34,42,25,5,4,6,5,7,59,11,1,3,4,2,6,12,8,5,14,44,8,15,52,6,45,5,32,13,14,5,6,10,8,2,21,3,5,0,13,4,19,21,12,2,8,10,65,66,59,7,9,11,45,16,25,8
"10_012. Calvin Harris - I Need Your Love (Official Video) ft. Ellie Goulding_noise_-10dB_sample1.wav",169,24,3,26,7,8,31,4,4,13,4,7,45,11,44,4,5,156,11,24,2,532,22,7,46,8,10,12634,8,10,4,11,9,3,415,5,11,1,6,66,2,83,9,14,4,686,26,13,3,4,4,12,12,5,11,3,13,1,7,9,12,6,4,7,5,4,8,55,6,44,3,17,5,4,1,2,4,7,2,33,0,1,3,17,1,14,8,4,2,4,8,68,71,5,4,20,12,38,7,75,4
"21_085. Janji ft. Johnning - Heroes Tonight 1 HOUR_noise_-10dB_sample1.wav",156,84,3,77,13,11,8,7,4,29,3,3,22,105,38,8,13,138,13,22,11,485,22,10,66,12,6,11289,4,12,9,13,50,5,280,26,29,1,14,57,2,48,13,3,10,15,41,20,3,5,38,50,7,18,50,1,6,8,18,6,15,11,5,6,8,82,14,50,7,54,5,124,5,7,28,59,7,44,2,2,5,6,17,15,12,8,11,8,2,8,1,56,68,0,7,6,66,34,18,24,11
"77_065. Nightcore - Ghostbusters_noise_-10dB_sample1.wav",169,8,2,45,3,0,3,3,3,15,4,3,26,12,87,10,4,154,6,44,32,565,22,1,46,7,1,13118,5,6,4,11,4,3,477,4,11,1,10,71,5,56,3,1,1,4,10,3,3,44,35,2,0,6,9,1,16,0,9,4,2,2,9,5,1,16,9,55,2,49,3,52,5,9,3,4,5,4,2,3,2,4,1,15,3,6,0,10,1,4,3,63,68,0,9,2,11,51,4,22,10
"84_001. Anna Kendrick - Cups_noise_-10dB_sample1.wav",158,1,4,6,0,0,1,3,3,13,4,3,22,10,34,6,3,125,18,22,3,393,21,1,44,7,1,14338,3,3,7,11,0,2,306,6,12,0,6,64,4,40,11,0,0,8,2,4,2,5,2,4,1,12,5,0,3,0,0,1,1,0,3,4,2,3,6,42,1,49,3,16,2,5,1,2,7,0,2,1,0,0,0,12,1,4,2,5,1,4,4,60,71,0,4,2,13,32,3,22,5
"70_You and Me_noise_-10dB_sample2.wav",174,34,99,479,58,110,4,38,60,13,3,4,30,30,173,135,22,145,18,97,1,528,65,32,44,60,214,22517,6,47,153,39,88,120,489,108,29,9,38,76,30,76,5,3,134,7,84,3,8,52,18,50,1,757,79,8,11,90,5,16,7,13,5,76,96,107,123,56,85,198,548,395,16,30,2025,74,3,45,5,6,7,16,7,134,30,44,58,60,194,4,4,135,84,11,89,30,12,69,18,22,27
"61_045. The Black Eyed Peas - I Gotta Feeling (Official Music Video)_noise_-10dB_sample2.wav",173,3,4,13,0,3,1,4,9,13,4,4,22,17,43,14,8,140,6,27,1,513,22,3,48,9,4,22814,4,5,8,11,5,8,484,6,11,1,12,66,7,68,3,0,4,18,8,5,3,10,5,36,7,8,8,1,8,1,1,4,1,1,3,7,40,8,6,55,8,54,4,79,2,8,25,2,5,16,1,8,0,2,3,15,1,589,4,2,1,2,4,59,76,4,2,2,12,38,5,22,10
"33_076. Galantis - Firebird (Official Audio)_noise_-10dB_sample1.wav",170,100,5,10,11,3,6,4,18,15,2,10,24,18,47,11,5,144,12,26,4,528,23,5,47,7,2,12973,5,3,4,12,8,2,456,4,11,1,20,68,4,49,68,3,4,29,37,21,2,22,3,36,8,24,12,14,7,9,4,15,829,3,4,9,15,10,18,53,3,59,3,13,4,48,4,5,3,3,4,5,2,2,1,12,5,16,31,12,1,8,3,72,73,11,15,4,12,49,4,38,3
"59_014. Avicii - Hey Brother (Lyric)_noise_-10dB_sample1.wav",176,13,2,4,2,1,1,8,10,13,5,2,24,12,52,6,4,139,6,23,6,544,22,2,1099,6,144,13463,6,2,4,11,4,2,1076,4,11,1,26,80,2,47,4,1,1,15,31,2,2,35,24,5,1,5,40,7,2,2,2,3,3,2,4,5,2,3,9,52,3,45,36,26,2,10,9,2,18,28,2,2,1,1,4,13,3,4,1,6,8,7,4,61,66,2,3,2,13,47,4,28,59
"81_013. Passenger  Let Her Go (Official Video)_noise_-10dB_sample2.wav",173,3,5,12,0,1,1,4,5,13,4,2,23,12,34,6,12,143,5,22,3,478,22,5,60,4,4,22800,2,2,4,11,3,4,484,4,12,0,8,67,2,51,3,2,1,4,5,1,2,4,6,18,0,33,5,1,8,1,0,4,1,2,690,2,1,1,6,55,1,48,3,17,3,6,2,2,9,0,2,1,2,5,4,13,6,4,6,3,4,4,2,59,68,0,2,3,12,31,3,24,7
"20_Never Meant to Know_noise_-10dB_sample2.wav",170,136,4,10,2,2,10,26,3,11,3,10,25,11,35,7,118,139,24,24,6,428,22,3,46,8,3,13175,6,4,7,15,3,12,423,4,11,2,11,66,3,102,14,11,9,9,266,2,6,9,2,141,9,852,14,2,13,1,0,2,2,10,3,9,22,4,8,55,2,49,21,23,3,9,15,3,3,3,4,7,8,2,1,20,1,20,9,12,4,4,24,58,68,4,5,2,12,31,32,70,9
"50_006. Wiz Khalifa - See You Again ft. Charlie Puth [Official Video] Furious 7 Soundtrack_noise_-10dB_sample2.wav",164,1,2,13,2,3,1,17,3,13,0,2,22,11,44,10,4,150,6,23,4,531,22,1,48,10,4,15016,8,8,7,14,3,4,355,6,11,0,8,64,7,70,5,0,11,9,4,1,6,42,19,8,1,18,498,0,0,3,9,6,2,2,4,6,5,12,20,48,5,46,6,28,0,10,3,6,3,1,15,1,0,10,3,15,33,9,1,8,2,2,1,55,68,0,10,4,11,40,2,22,6
"76_073. Lindsey Stirling - Crystallize (Dubstep Violin Original Song)_noise_-10dB_sample2.wav",168,554,7,748,49,291,58,35,4,38,37,177,24,236,840,8,157,132,12,28,16,485,153,8,420,35,16,20329,120,25,9,20,24,2,431,6,89,9,6,66,15,51,501,12,12,115,23,188,8,63,59,70,5,14,84,22,128,181,27,47,36,50,47,18,8,3257,8,47,2,48,101,58,77,231,25,5,123,105,3,40,2,15,7,12,72,13,8,5,80,34,23,59,68,1,801,157,12,34,14,150,32
"49_050. Carly Rae Jepsen - I Really Like You_noise_-10dB_sample1.wav",178,15,6,66,6,3,39,8,14,12,4,4,22,12,156,18,4,151,18,83,5,528,22,3,52,8,1,15186,11,6,6,12,3,7,484,6,12,0,35,73,5,66,9,3,3,14,20,4,3,66,66,2,8,4,11,8,53,8,14,8,5,3,11,9,3,9,6,55,5,54,4,92,11,6,5,6,8,4,4,6,0,4,2,15,293,6,7,14,1,7,4,71,81,4,8,4,14,44,4,43,9
"94_Banana Man_noise_-10dB_sample2.wav",166,4,3,45,2,2,1,8,4,15,3,3,26,11,104,6,14,152,9,22,3,471,25,1,44,450,20,15210,4,71,6,13,2,16,410,9,11,0,21,68,5,59,3,0,2,9,15,3,3,11,7,18,3,3,6,1,3,1,2,3,1,4,4,5,4,39,7,53,13,46,68,42,3,8,2,3,3,3,4,2,20,4,2,15,1,5,2,9,2,10,4,62,71,2,6,1,13,28,9,22,6
"8_081. The Beach Boys - I Get Around_noise_-10dB_sample1.wav",172,10,6,132,2,2,1,19,4,17,3,4,24,12,44,27,4,138,2,27,11,523,26,4,46,22,11,14966,5,26,15,15,41,14,484,46,12,3,20,66,18,780,31,1,0,4,62,2,2,52,2,74,1,6,6,8,1,0,3,5,2,0,11,4,7,3,6,54,9,54,30,139,0,4,7,6,3,4,4,2,2,0,0,13,2,2,28,8,3,6,4,74,76,1,2,3,12,43,11,25,4
"14_099. Sheppard Geronimo - [International Version] (Official music Video)_noise_-10dB_sample1.wav",165,13,3,132,1,3,6,23,6,17,7,7,24,11,42,17,21,162,15,40,4,523,22,12,52,9,1476,12778,4,11,3,12,9,15,443,20,11,1,26,66,13,58,9,3,5,14,6,10,3,30,14,15,2,16,28,4,5,1,6,8,4,3,13,5,32,59,21,48,11,49,7,95,18,9,20,27,13,8,7,20,27,8,5,36,4,23,4,6,53,7,6,57,76,4,8,2,14,45,29,23,14
"17_084. Thomas Rhett - Crash and Burn_noise_-10dB_sample1.wav",165,2,2,17,1,0,2,0,4,13,4,4,22,11,44,12,33,138,18,28,4,523,22,0,44,11,2,22814,2,2,3,11,1,4,369,4,13,3,8,66,2,89,2,1,8,4,14,1,3,4,3,2,0,0,8,0,1,0,7,4,3,0,4,5,2,5,6,55,2,49,3,13,17,4,2,2,3,4,0,4,0,6,0,13,1,4,4,8,2,8,2,61,69,0,2,2,12,42,6,24,4
"49_050. Carly Rae Jepsen - I Really Like You_noise_-10dB_sample2.wav",167,16,6,88,37,37,1,4,43,15,2,4,28,18,50,6,7,132,33,22,4,502,36,16,52,23,15,21088,5,6,10,13,42,38,432,10,14,1,29,67,6,47,9,1,42,20,4,2,5,46,9,2,3,20,36,1,6,47,9,14,4,6,4,7,2,31,9,51,8,44,36,52,66,11,20,22,7,14,2,2,3,4,12,85,378,4,85,27,8,4,8,67,67,13,114,11,14,28,6,28,13
"35_036. Fall Out Boy - Centuries (Official Video)_noise_-10dB_sample1.wav",165,21,2,22,1,1,2,1,2,15,2,16,84,11,38,6,8,142,3,25,3,441,22,3,46,11,5,22862,3,5,8,18,2,6,296,142,12,2,17,66,2,48,4,1,13,14,17,2,3,32,12,1,10,12,8,2,5,1,4,4,5,56,5,1,6,12,9,41,6,44,3,218,4,4,4,3,78,8,4,2,1,2,3,11,1,6,3,6,3,8,5,68,66,0,3,4,11,24,1,23,8
"44_Sacred Beast_noise_-10dB_sample1.wav",169,13,41,11,8,2,2,21,3,13,4,3,41,11,33,28,4,144,12,22,2,448,22,14,70,14,4,16814,2,8,3,11,14,9,445,165,14,2,6,66,5,58,7,9,5,24,4,1,3,9,15,3,1,3,5,3,4,38,13,7,1,9,4,3,88,27,5,49,4,44,43,35,66,18,194,2,1,1926,2,24,3,2,6,140,18,45,3,18,1,4,4,61,74,15,12,2,12,37,75,22,7
"39_051. Galantis - No Money (Official Video)_noise_-10dB_sample2.wav",171,15,65,26,5,13,4,214,9,12,2,2,58,14,48,16,4,127,15,26,8,534,31,8,52,126,6,13076,6,20,9,29,212,5,484,90,11,2,6,66,11,44,5,8,9,8,2,3,3,45,4,37,4,6,6,5,32,4,3,2,1,19,6,1274,196,29,8,52,3,52,7,92,150,37,6,8,12,3,2,2,3,3,12,34,1,3,31,54,4,4,6,59,66,1,133,5,11,44,100,22,8
"105_101. Yann Tiersen - Comptine d`un autre ete - l`apres-midi_noise_-10dB_sample2.wav",192,19,96,1860,786,979,2,124,110,20,4,4,30,366,316,172,7,148,25,209,6,490,160,66,44,627,83,20359,11,145,33,150,167,1842,484,255,277,31,94,71,54,56,33,18,214,4,15,4,19,295,40,324,5,703,380,2,79,175,18,26,11,4,101,363,54,430,28,58,74,118,189,8888,24,133,368,264,3,35,18,2,1,31,47,45,50,40,822,110,210,4,2,59,92,19,197,50,12,121,96,22,84
"16_038. P!nk - Just Give Me A Reason ft. Nate Ruess_noise_-10dB_sample1.wav",169,2,3,24,2,3,3,8,4,13,5,1,22,12,81,2,4,127,15,86,1,449,22,1,46,31,3,22352,2,4,10,11,4,7,286,5,13,0,13,66,3,64,9,1,1,14,5,7,4,73,8,2,2,7,10,2,23,1,5,7,2,2,8,1,4,6,11,55,5,44,32,51,8,477,5,3,5,4,4,2,3,7,1,15,1,9,10,12,1,2,2,55,66,0,3,2,11,31,1,25,10
"41_The Bidding_noise_-10dB_sample1.wav",182,9,2,6,1,2,2,8,11,17,2,4,24,14,48,26,8,157,6,23,15,551,22,5,44,12,1,22098,7,2,2,11,7,2,477,8,12,0,8,66,6,55,4,2,4,4,8,0,4,14,5,4,3,6,2,2,2,0,1,3,1,1,4,5,4,5,5,55,3,62,1,13,4,7,1,2,25,4,3,8,0,1,1,13,1,4,4,8,2,8,5,74,83,0,5,2,453,51,3,25,4
"93_015. Lukas Graham - 7 Years [Official Music Video]_noise_-10dB_sample1.wav",174,434,30,132,9,26,38,0,2,13,5,4,31,12,68,6,8,132,10,22,3,400,22,1,48,9,14,22814,4,3,6,11,6,4,409,4,15,4,10,71,2,54,33,5,2,35,64,119,4,71,775,13,23,7,21,5,7,14,7,9,18,8,6,4,1,14,10,55,1,44,8,19,3,9,9,4,3,7,2,5,5,7,20,29,19,8,4,4,2,5,5,57,77,0,12,3,11,22,13,28,52
"5_002. Avicii - Wake Me Up (Official Video)_noise_-10dB_sample2.wav",178,3,310,9,3,0,1,4,3,13,4,8,22,11,45,24,8,158,12,26,6,528,22,4,51,6,1,21197,4,2,4,11,6,3,490,4,12,0,8,66,6,72,2,1,0,4,2,3,1,4,1,12,7,6,4,0,1,2,0,2,0,3,2,4,6,4,8,55,5,54,14,19,2,6,8,2,3,2,1,2,2,3,8,13,1,16,6,4,2,4,4,63,68,0,6,2,13,53,4,24,4
"18_044. tony igy-stop in my mind_noise_-10dB_sample1.wav",166,2,46,277,84,60,4,62,14,15,6,7,27,73,58,23,8,138,18,24,4,495,40,26,45,47,31,21532,8,13,8,1969,32,277,282,11,38,2,38,66,6,40,56,7,101,12,9,13,13,294,5,19,6,431,50,9,51,44,3,6,17,27,3,29,4,127,18,38,10,44,57,251,5,13,29,25,23,17,32,7,2,26,8,20,6,29,52,56,3,3,11,57,66,11,123,4,13,34,20,98,25
"27_022. Major Lazer & DJ Snake - Lean On (feat. MØ) [Official Music Video]_noise_-10dB_sample2.wav",164,3,10,45,8,4,2,2,3,1329,4,4,22,16,42,14,4,142,12,28,20,523,22,2,44,6,2,13269,4,3,4,14,6,12,484,13,12,1,8,67,3,63,9,2,4,4,4,5,3,15,6,4,2,6,4,4,6,12,2,3,5,1,5,7,2,20,6,55,2,54,6,30,7,6,4,31,2,3,10,2,3,2,3,13,6,2,15,8,1,4,4,64,82,0,27,10,13,38,2,26,4
"28_074. American Authors - Best Day Of My Life_noise_-10dB_sample1.wav",167,2,28,44,42,0,0,12,10,13,20,2,92,11,65,6,16,886,12,27,0,530,22,66,44,6,8,13223,13,30,7,34,28,3,459,11,47,0,4,71,4,59,10,9,64,11,7,29,5,255,5,8,16,13,7,3,3,13,0,30,1,5,6,10,99,30,14,53,16,47,6,26,2,11,3,71,4,5,2,19,7,7,4,16,2,8,317,25,8,4,29,61,71,11,20,2,11,48,25,27,22
"2_023. Rachel Platten - Fight Song (Official Video)_noise_-10dB_sample1.wav",175,118,10,429,21,47,114,89,24,20,44,2,189,12,77,3799,38,150,8,119,2,528,27,37,58,14,216,21940,8,56,252,12,157,19,472,268,65,8,319,67,38,52,182,10,78,21,100,44,3,307,130,108,7,65,10,3,75,54,40,102,52,25,17,4,130,185,17,55,26,118,327,948,467,25,170,120,9,86,1,194,5,32,12,55,251,88,98,12,593,20,4,59,76,3,123,1,11,72,564,22,112
"4_003. Lorde - Royals (US Version)_noise_-10dB_sample2.wav",163,36,11,170,16,3,4,8,5,13,2,4,46,9,155,14,8,132,605,236,4,443,18,18,48,14,7,12632,6,12,4,13,238,8,325,76,16,0,22,66,4,47,6,16,37,3,4,2,6,141,80,4,1,28,12,2,56,11,9,2,5,20,4,13,360,38,12,47,2,57,34,222,27,30,6,15,11,2,4,2,7,25,1,85,2,5,24,4,11,5,4,53,66,1,114,2,11,43,90,25,14
"4_003. Lorde - Royals (US Version)_noise_-10dB_sample1.wav",168,2,2,35,10,2,2,0,7,13,2,2,26,11,41,10,4,140,688,55,1,463,22,5,48,6,1,13024,2,16,4,11,52,8,388,5,11,0,6,66,2,61,0,0,15,6,2,4,5,22,19,2,0,3,7,1,14,7,5,4,1,5,6,2,5,21,16,52,8,53,7,89,4,9,1,16,3,1,0,0,0,10,0,12,2,6,2,8,4,3,1,58,68,1,2,0,11,45,3,22,7
"5_002. Avicii - Wake Me Up (Official Video)_noise_-10dB_sample1.wav",175,20,1778,23,6,1,2,25,4,16,3,4,24,11,35,6,5,440,15,24,3,502,22,8,44,18,4,14505,6,17,11,11,19,7,452,31,12,4,12,71,6,53,1,1,3,7,2,2,5,19,2,17,2,9,5,0,1,3,2,3,1,40,4,7,2,3,8,54,11,48,36,168,19,11,51,4,3,6,8,2,3,9,15,12,1,30,15,7,5,7,2,60,66,0,18,2,15,33,27,28,15
"88_033. Fifth Harmony - Worth It (Official Video) ft. Kid Ink_noise_-10dB_sample1.wav",178,25,2,21,1,2,13,4,4,13,468,3,23,13,45,6,4,137,11,23,2,530,22,1,52,6,1,14833,4,2,4,11,4,2,484,4,11,0,7,71,5,56,6,7,44,9,12,4,1,3,1,20,10,4,6,1,2,1,2,2,11,3,1,3,1,2,4,54,2,49,1,397,1,3,3,1,6,8,2,3,6,0,1,17,1,1,0,3,2,6,2,63,70,9,4,2,12,54,2,22,7
"57_Numb_noise_-10dB_sample1.wav",193,88,263,4803,1248,2556,4,310,161,33,2,29,200,1052,515,76,4,155,57,106,4,499,510,91,44,1028,63,12779,18,191,44,97,307,4779,438,322,404,26,123,66,102,49,13,7,643,8,13,99,12,619,57,345,13,1659,960,0,21,950,30,48,14,11,56,421,12,669,65,54,62,44,411,3035,16,62,334,62,3,17,7,108,1,79,16,68,68,5,8624,556,6,8,42,65,67,13,650,62,11,48,130,32,137
"6_043. Wintergatan - Marble Machine (music instrument using 2000 marbles)_noise_-10dB_sample2.wav",186,60,10,209,84,44,22,54,24,13,6,9,40,19,2684,12,8,142,11,30,8,533,48,58,62,83,22,22814,9,10,14,17,142,191,484,69,50,2,97,71,15,72,47,19,39,15,78,5,9,55,36,6,9,313,52,1,38,53,47,28,6,11,5,40,132,65,23,55,5,54,25,181,70,177,66,38,18,16,2,13,2,11,8,88,27,4,108,29,13,35,5,59,69,14,71,14,11,157,85,24,9
"3_100. Owl City & Carly Rae Jepsen - Good Time (Official Video)_noise_-10dB_sample1.wav",166,1098,2,1173,76,669,115,4,6,97,83,545,22,33,2686,14,293,150,10,23,19,387,22,1,725,6,3,23082,274,4,6,11,29,6,441,5,132,0,6,66,2,47,2520,1,0,51,30,1048,5,18,74,89,9,22,185,26,647,388,52,79,37,73,79,19,4,1656,10,41,9,44,6,19,41,989,7,16,191,132,2,70,4,30,7,13,242,14,0,6,2,53,30,61,70,8,2043,201,13,41,13,223,54
"97_075. Lindsey Stirling - Prism (Official Video)_noise_-10dB_sample1.wav",179,7,66,132,66,40,3,2049,4,15,4,8,195,25,253,18,8,152,15,58,3,518,29,6,76,374,17,22587,8,10,4,15,207,132,470,514,31,0,82,230,17,61,9,13,16,17,12,9,55,96,95,11,7,106,50,0,285,27,99,8,3,3,6,42,6,164,13,58,3,54,22,439,438,19,54,12,17,28,2,1,4,12,34,54,2,12,111,26,25,6,3,58,70,0,470,10,12,57,364,23,14
"23_048. Pharrell Williams - Happy (Official Music Video)_noise_-10dB_sample2.wav",163,33,3,22,11,5,3,13,2,16,4,9,22,11,33,6,22,136,2,24,9,400,22,2,45,6,2,22814,2,3,4,11,1,6,282,6,11,2,15,67,2,63,13,0,1,7,68,3,6,2,11,17,4,78,7,1,4,3,2,3,8,1,2,3,6,6,18,33,5,44,10,44,0,5,10,5,3,8,4,6,0,2,2,11,3,5,5,6,3,4,786,58,66,2,27,11,12,25,3,22,12
"55_009. Taylor Swift - Shake It Off_noise_-10dB_sample2.wav",170,3,27,198,66,26,1,38,5,14,4,10,24,26,80,14,8,136,19,38,5,537,90,9,46,69,23,16023,6,6,5,63,10,125,448,9,26,2,48,779,6,56,21,4,56,6,25,2,18,194,8,2,5,39,26,1,70,39,4,11,14,1,4,13,3,98,10,55,4,49,31,75,2,8,18,41,8,7,12,1,0,3,0,19,3,8,56,24,1,4,3,68,81,3,89,2,13,51,3,27,12
"57_Numb_noise_-10dB_sample2.wav",178,21,50,2656,674,877,4,26,191,72,4,4,22,422,374,133,8,142,51,68,80,536,406,137,46,125,40,18466,8,31,15,88,223,1617,371,17,107,7,305,70,16,58,9,7,389,8,8,4,6,402,36,34,17,401,524,1,167,355,17,20,9,3,10,112,10,566,46,50,19,44,154,1095,14,40,197,40,15,5,19,3,2,149,10,63,43,6,4937,205,31,5,4,63,74,20,524,40,12,47,212,30,47
"86_019. Naughty Boy - La la la ft. Sam Smith (Official Video)_noise_-10dB_sample2.wav",174,14,2,19,0,1,1,11,4,13,2,3,24,13,44,22,8,140,12,22,2,528,22,9,44,6,18,12879,22,8,17,11,78,14,436,18,14,3,8,74,3,44,19,4,35,4,20,7,3,3,3,68,5,99,4,1,2,1,0,3,1,4,7,3,144,11,6,50,10,47,16,166,2,17,7,14,3,1,4,2,1,15,7,32,0,4,22,674,12,3,2,58,75,0,4,0,13,42,28,26,2
"16_038. P!nk - Just Give Me A Reason ft. Nate Ruess_noise_-10dB_sample2.wav",174,3,5,16,10,1,1,4,6,16,2,2,22,12,44,9,5,178,22,23,1,530,23,1,44,14,2,12632,4,4,1,12,3,5,361,8,11,0,9,71,14,84,4,3,1,2,20,2,3,10,5,8,12,4,6,2,1,2,5,4,2,2,5,5,1,6,7,52,5,49,4,14,8,534,2,3,6,4,2,2,4,7,2,16,2,4,3,4,11,11,2,58,69,0,4,4,12,44,2,22,3
"54_016. Taylor Swift - Blank Space_noise_-10dB_sample2.wav",172,116,6,607,21,52,32,11,5,12,16,97,22,14,934,18,24,144,17,23,35,420,51,2,99,24,7,15829,39,8,6,15,17,26,307,11,76,1,12,66,1,53,131,2,29,10,7,71,7,37,24,3,8,6,32,17,112,1217,9,37,3,9,6,39,3,314,9,53,2,44,16,47,11,225,26,14,117,38,4,12,0,9,3,17,65,8,6,11,4,47,9,60,70,9,253,44,14,23,15,87,15
"80_077. Emeli Sandé - Hurts_noise_-10dB_sample2.wav",181,23,63,1569,300,1002,5,134,241,29,7,11,32,237,383,177,8,150,81,48,6,544,376,58,44,194,63,13028,18,9,39,44,328,1056,440,30,200,3,90,71,11,65,4,6,1798,7,16,11,10,193,69,51,5,367,614,0,36,439,24,39,16,49,38,177,34,410,44,53,30,49,130,645,33,128,182,112,7,84,13,6,21,75,1,57,170,10,551,331,127,10,14,75,104,22,610,75,12,52,49,25,108
"63_087. Anaconda - Nicki Minaj  The Fitness Marshall  Dance Workout_noise_-10dB_sample1.wav",177,6,2,22,4,8,2,5,3,13,2,3,23,11,36,4,8,132,11,28,2,397,22,0,52,5,7,15563,4,3,8,12,5,4,407,13,11,0,26,74,5,57,6,3,2,7,3,3,3,29,2,4,1,7,5,2,8,0,3,3,2,1,3,4,1,4,7,44,4,49,5,60,3,5,14,2,5,3,319,2,4,2,3,13,2,4,3,3,16,5,1,57,76,0,4,3,12,25,4,26,11
"102_018. Shawn Mendes - Stitches (Official Music Video)_noise_-10dB_sample2.wav",169,3,2,11,3,1,3,3,6,16,4,936,24,11,41,4,8,153,5,22,5,503,22,1,44,11,8,14629,6,3,4,11,7,4,347,4,11,1,2,64,2,46,4,1,1,4,4,1,1,5,3,7,2,3,3,3,24,1,2,2,1,4,2,5,4,4,3,41,3,45,3,13,8,6,3,2,6,2,4,3,3,2,0,13,1,5,3,12,2,10,2,61,76,8,5,32,13,30,3,25,4
"15_060. My OCD (Song)_noise_-10dB_sample2.wav",169,1,1,22,1,0,1,2,3,15,1,2,22,11,44,6,4,144,6,24,2,528,22,0,46,8,0,21459,3,2,4,11,4,4,421,6,11,1,8,74,2,62,7,0,0,8,2,1,4,12,2,0,0,0,8,1,1,0,2,4,1,0,4,2,0,4,8,58,1,49,4,21,2,9,2,4,2,0,4,2,1,1,0,15,0,4,0,8,0,4,2,63,66,0,2,3,11,49,2,25,4
"24_047. Girls Talk Boys (from the Ghostbusters Original Motion Picture Soundtrack)_noise_-10dB_sample1.wav",183,4,15,66,36,66,1,4,49,20,2,6,23,18,67,15,8,138,12,23,4,448,100,20,44,63,25,22814,10,2,2,15,51,70,408,86,27,5,17,66,3,56,4,4,68,4,6,3,10,31,13,2,5,33,48,0,11,94,2,8,13,29,7,15,239,51,9,55,20,44,14,131,2,55,33,47,3,5,2,1,1,11,2,26,27,4,40,35,4,4,2,1234,66,28,70,23,13,29,4,22,17
"1_028. Capital Cities - Safe And Sound_noise_-10dB_sample1.wav",187,4,11,9,8,1,3,4,3,13,2,2,23,11,44,18,8,144,9,24,16,550,22,3,46,8,3,12363,4,5,4,11,74,3,386,17,338,1,14,66,2,49,6,4,7,4,4,5,2,4,3,3,0,10,4,2,3,2,9,2,2,10,2,5,68,9,4,50,19,45,7,32,5,6,8,6,3,5,2,9,1,4,8,24,0,8,6,5,5,6,2,65,68,5,4,4,13,46,4,27,9
"51_088. Steven Universe - We Are The Crystal Gems_noise_-10dB_sample1.wav",199,10,5,34,3,2,3,15,4,13,4,2,23,12,48,20,4,145,3,25,15,533,22,3,48,17,11,18684,5,8,7,12,17,3,477,8,12,1,6,71,18,56,7,2,4,6,4,8,26,14,8,19,0,13,3,2,8,2,1,5,7,2,5,4,6,15,10,55,15,54,13,64,888,9,14,14,8,3,3,3,16,15,6,12,4,3,4,9,50,4,4,59,75,0,2,2,13,49,8,25,10
"93_015. Lukas Graham - 7 Years [Official Music Video]_noise_-10dB_sample2.wav",175,20,2,13,4,2,10,7,4,17,2,6,22,12,44,20,15,152,12,30,5,528,22,1,47,6,47,15564,3,4,5,11,0,4,327,13,11,3,8,64,6,42,8,3,1,12,16,11,6,6,679,4,3,7,34,2,16,3,3,5,4,1,4,2,1,8,12,50,2,56,6,22,15,7,4,2,4,1,4,8,1,6,3,13,0,5,2,4,2,6,4,61,66,0,6,6,13,52,2,23,19
"99_080. Melanie Martinez - Carousel (Official Music Video)_noise_-10dB_sample1.wav",187,1,12,12,12,4,4,3,21,13,2,2,22,11,44,1,4,152,12,24,5,529,22,4,44,32,1,15127,3,2,4,12,3,4,385,3,12,8,7,71,4,56,4,2,3,1,3,2,3,7,3,4,0,15,9,2,2,18,1,8,0,9,7,3,2,5,9,489,4,49,7,12,2,6,3,2,1,5,1,2,0,0,1,12,2,4,5,20,2,4,1,68,68,0,10,3,11,42,2,24,7
"101_070. Eminence - Knock Me Out (feat. Anna Cyzon) [Monstercat Official Music Video]_noise_-10dB_sample1.wav",217,131,6,23,39,17,7,5,32,13,2,6,456,11,120,19,4,141,26,260,4,529,48,111,48,46,37,22628,4,50,11,11,3368,4,477,449,214,0,33,66,2,68,7,72,91,4,22,1,54,11,6,16,1,9,50,3,0,4,1,12,5,221,4,60,4240,255,9,57,4,49,3,148,164,114,7,37,3,11,3,9,1,96,2,578,2,2,84,45,26,6,2,59,75,9,9,3,12,40,682,24,20
"68_055. Madness - Our House (Official 4K Video)_noise_-10dB_sample1.wav",174,3,2,154,6,5,2,26,3,13,15,1,22,11,44,21,4,144,6,32,1,518,22,11,46,8,7,12582,2,17,7,11,22,3,458,53,27,1,12,66,3,54,7,2,8,4,13,4,14,52,3,26,0,7,6,1,2,2,1,4,3,11,4,6,96,21,8,45,16,47,16,100,3,8,55,16,11,12,2,3,2,11,1169,14,3,13,5,14,56,2,1,55,68,11,24,0,11,47,26,22,19
"74_029. David Guetta - Hey Mama (Official Video) ft Nicki Minaj, Bebe Rexha & Afrojack_noise_-10dB_sample1.wav",171,2,0,91,1,1,3,4,2,17,2,2,22,11,40,6,7,113,5,22,3,387,22,2,46,6,4,21019,6,4,4,11,42,2,278,9,11,0,4,64,3,35,6,0,4,6,6,2,5,4,2,4,2,6,9,0,1,0,0,3,1,10,4,4,88,7,6,40,6,44,8,112,0,6,5,7,6,15,2,2,0,16,0,14,0,6,4,6,22,8,2,66,228,0,3,0,12,31,3,28,44
"58_039. OMFG - Hello_noise_-10dB_sample1.wav",169,176,6,17,1,3,16,4,4,13,8,3,27,12,33,6,1,129,6,22,4,466,22,2,44,9,1,12176,6,3,16,11,8,5,373,6,11,23,11,69,1,42,3,1,1,18,128,1,4,2,1,20,0,15,13,21,1,0,0,2,7,0,4,5,4,3,6,51,2,49,4,18,1,6,11,3,5,0,0,69,1,2,3,12,1,4,1,4,0,13,8,55,66,194,1,2,11,28,40,25,8
"76_073. Lindsey Stirling - Crystallize (Dubstep Violin Original Song)_noise_-10dB_sample1.wav",191,42,95,3791,692,1508,5,93,210,26,3,6,22,403,405,84,4,136,86,116,4,415,358,75,44,228,81,13073,12,31,83,117,336,2736,478,306,343,15,104,109,86,47,26,15,551,6,31,1,72,531,63,21,2,772,723,3,112,545,44,37,20,42,39,362,66,5759,84,53,34,116,187,1264,12,166,320,106,10,77,13,8,171,77,4,365,143,107,916,258,287,10,6,60,174,33,817,147,17,173,51,24,101
"0_096. Nightcore - Mad World_noise_-10dB_sample2.wav",175,8,12,9,1,7,2,4,5,15,6,2,22,12,40,3,11,130,6,24,3692,498,22,7,44,6,6,12436,8,3,3,13,19,19,401,6,13,2,11,66,4,43,6,3,2,4,7,13,3,30,14,1,3,6,4,6,2,0,0,4,2,3,12,5,4,3,7,52,2,44,3,16,11,16,5,8,14,4,9,3,10,8,1,11,1,4,3,14,5,4,6,65,66,1,4,3,11,31,10,31,25
"45_005. OneRepublic - Counting Stars_noise_-10dB_sample2.wav",171,7,9,77,2,5,3,10,4,13,2,14,24,11,44,18,4,152,6,25,4,519,22,17,50,6,24,16511,7,48,57,37,20,32,323,108,11,1,18,66,5,57,7,7,92,7,5,121,4,48,5,108,14,433,8,0,2,1,2,4,1,3,10,10,20,25,11,46,977,106,41,77,3,12,16,8,15,47,3,69,15,12,11,28,3,26,45,32,22,6,2,57,71,0,8,4,12,51,16,28,6
"11_062. Pipe Guy - HouseTranceTechno Live_noise_-10dB_sample1.wav",164,56,5,66,3,13,12,4,11,12,10,7,22,13,171,5,7,130,5,21,7,400,26,5,42,6,8,7762,6,7,5,11,4,6,166,5,20,4,12,49,2,36,28,2,7,7,4,21,3,6,8,5,3,14,26,6,7,27,1,4,4,14,4,6,14,71,16,30,8,44,5,16,6,11,4,13,39,12,1,17,3,15,3,12,15,16,6,16,1,66,5,52,62,0,77,5,12,21,2,23,7
"39_051. Galantis - No Money (Official Video)_noise_-10dB_sample1.wav",178,15,1,22,10,7,7,7,2,15,4,10,22,13,154,12,8,144,6,25,42,483,43,1,53,11,3,21673,6,2,4,11,4,11,484,15,11,3,8,71,7,58,20,2,9,4,20,71,3,4,16,4,2,6,6,6,10,31,0,9,2,1,13,863,11,63,4,55,2,54,4,102,1,10,2,2,59,3,2,12,2,3,4,19,32,3,5,4,2,49,1,58,71,0,47,3,11,32,2,30,17
"75_078. Kungs vs Cookin on 3 Burners - This Girl (Official Music Video)_noise_-10dB_sample1.wav",186,22,2,17,1,16,2266,4,4,13,22,34,22,11,180,10,11,138,12,22,9,528,24,12,44,7,5,21218,3,5,6,11,1,15,484,6,12,1,61,71,4,66,70,11,1,12,3,35,1,11,3,12,4,13,7,5,3,10,3,4,4,12,6,5,0,12,5,57,1,49,3,13,10,9,3,6,83,206,4,8,2,8,1,19,28,8,2,7,3,42,4,60,76,3,11,5,13,44,2,34,27
"68_055. Madness - Our House (Official 4K Video)_noise_-10dB_sample2.wav",175,4,6,11,2,3,2,4,2,18,1,2,22,11,44,10,1,132,11,22,1,530,22,4,44,11,19,13318,2,5,6,11,4,3,401,5,11,2,6,66,3,73,0,2,1,12,16,0,5,44,6,0,4,0,9,2,1,1,2,5,1,13,8,6,7,3,26,51,4,44,19,16,4,11,9,5,2,6,0,5,4,7,581,11,12,11,3,6,1,3,1,55,66,1,1,1,11,47,10,23,6
"22_094. Harry Potter Puppet Pals - The Mysterious Ticking Noise (Video With Lyrics)_noise_-10dB_sample1.wav",212,8,51,569,48,88,5,4,66,18,2,4,22,74,73,15,12,159,25,27,8,527,98,27,49,58,23,12877,3,5,6,36,50,195,436,6,18,1,36,66,4,86,9,1,65,11,33,2,4,63,13,5,4,80,61,1,15,54,1,8,3,3,6,41,6,57,5,54,9,54,11,262,2,15,30,15,13,11,2,4,5,1148,2,13,16,6,83,131,15,8,4,58,72,1,62,17,11,39,43,22,10
"70_You and Me_noise_-10dB_sample1.wav",190,9,47,560,74,9,1,0,33,18,1,6,27,11,44,36,12,138,16,25,2,442,32,4,46,16,137,20074,5,13,4,36,13,149,460,5,11,0,21,67,3,69,4,2,19,5,33,3,4,6,1,4,2,373,37,2,2,3,10,42,1,1,12,63,8,76,10,55,55,49,60,194,12,18,1555,35,3,12,6,1,0,2,1,87,1,12,75,24,12,2,2,63,71,17,16,63,12,28,11,25,10
"92_025. Fall Out Boy - Immortals (From Big Hero 6)_noise_-10dB_sample1.wav",170,9,25,960,105,69,0,42,29,19,4,3,22,11,82,26,8,132,18,29,2,482,31,32,46,89,4,22485,4,6,6,16,31,240,485,44,18,0,8,66,2,65,3,3,32,12,3,4,12,35,7,2,3,73,40,1,32,32,20,4,2,2,19,12,3,99,10,55,3,45,26,219,33,18,15,12,6,0,2,3,1,30,4,30,19,7,77,115,11,5,2,66,74,1,40,6,13,27,23,23,13
"29_010. Katy Perry - Part Of Me (Official)_noise_-10dB_sample1.wav",165,1,8,6,25,0,1,4,3,12,2,4,22,11,42,3,4,149,12,25,7,495,22,2,46,6,1,15529,3,2,4,11,4,2,468,5,11,1,8,66,6,58,3,0,0,4,2,2,5,8,1,2,0,3,10,0,2,0,1,4,0,3,2,4,44,7,9,55,2,44,12,23,1,8,2,3,2,0,0,2,1,2,4,12,0,2,2,3,0,6,1,59,77,0,2,2,12,37,3,22,4
"29_010. Katy Perry - Part Of Me (Official)_noise_-10dB_sample2.wav",159,12,4,12,68,3,0,3,3,15,2,5,22,14,43,4,7,138,10,23,6,522,22,1,48,6,1,10843,5,2,4,11,0,5,409,4,12,3,6,64,2,45,3,0,2,4,43,4,2,15,2,4,9,5,3,1,4,0,0,3,2,0,4,5,2,3,4,48,2,50,4,15,2,6,1,2,8,1,4,1,0,4,0,15,1,5,0,10,0,7,4,58,62,2,2,2,13,35,3,28,4
"14_099. Sheppard Geronimo - [International Version] (Official music Video)_noise_-10dB_sample2.wav",181,13,123,1720,46,77,18,40,14,13,4,6,51,33,79,61,22,146,16,43,6,527,38,74,44,55,6506,22814,4,18,48,56,39,289,477,12,35,2,42,80,66,63,7,5,103,19,13,18,5,84,27,7,8,1601,68,13,18,44,6,52,22,48,36,256,78,63,371,55,297,682,280,2053,98,13,114,47,8,30,18,27,112,25,4,615,8,24,66,54,194,24,2,65,87,2,105,5,12,123,28,25,66
"62_061. LEFT SCREEN ONLY Spot the Differences_noise_-10dB_sample1.wav",165,105,2,6,40,3,3,4,6,14,42,6,24,11,46,6,44,146,12,24,9,528,22,1,56,6,22,13024,6,3,4,11,11,4,484,116,13,33,4,71,2,52,6,30,2,47,39,5,3,151,7,19,3,33,36,5,11,1,3,3,11,2,162,2,2,45,6,53,3,248,3,766,143,22,44,2,30,33,2,2,626,10,5,12,5,7,0,6,45,5,22,79,68,0,2,6,12,47,2,28,4
"13_030. Maroon 5 - Animals_noise_-10dB_sample2.wav",164,18,10,19,1,0,3,12,6,13,4,4,22,12,44,16,8,140,9,24,2,528,22,3,46,5,5,15434,4,8,9,12,13,2,410,7,11,2,9,66,288,57,4,1,4,4,24,4,3,11,2,5,1,27,6,0,4,0,1,2,1,7,6,4,3,5,5,53,4,48,11,71,0,8,21,4,3,8,2,3,0,0,0,15,0,3,1,2,11,4,8,59,75,0,3,2,52,31,16,25,4
"13_030. Maroon 5 - Animals_noise_-10dB_sample1.wav",152,8,22,27,5,3,13,59,6,23,1,3,22,11,40,13,8,150,9,28,4,514,23,7,49,8,8,18850,2,17,7,20,34,15,321,36,11,3,21,67,662,41,11,4,9,12,32,2,5,17,12,26,2,3,13,0,5,5,4,5,2,6,10,10,5,18,9,45,3,44,17,65,86,9,53,15,3,30,4,1,2,6,14,89,15,12,41,16,26,8,4,59,76,5,22,0,11,33,44,22,10
"58_039. OMFG - Hello_noise_-10dB_sample2.wav",168,4,1,3,0,1,6,0,2,12,2,2,25,11,38,5,8,136,0,25,4,463,22,1,44,5,4,22814,2,2,3,11,0,0,484,5,11,2,2,71,1,44,2,3,0,0,2,0,5,32,2,2,0,3,8,0,0,0,0,0,1,0,4,5,9,2,10,55,1,49,7,21,0,7,5,5,2,10,1,3,0,0,1,11,5,2,2,9,1,2,2,57,71,137,2,2,11,28,3,22,1
"83_004. Katy Perry - Roar_noise_-10dB_sample1.wav",166,12,3,39,11,5,1,4,5,21,4,5,22,11,47,6,8,148,12,24,9,536,22,2,44,12,0,15719,6,2,3,11,4,1,468,24,11,1,4,71,4,42,3,2,2,8,4,3,1,11,6,8,1,3,6,15,209,2,2,4,5,1,14,3,0,10,4,55,2,49,1,154,42,5,14,3,14,2,4,23,0,1,8,15,5,4,1,6,6,6,4,63,66,0,4,13,14,53,3,28,2
"55_009. Taylor Swift - Shake It Off_noise_-10dB_sample1.wav",154,10,3,51,2,5,2,10,4,12,7,1,22,13,130,20,3,136,18,46,1,499,22,4,48,8,16,13090,2,3,6,11,7,4,353,8,11,2,16,503,2,59,26,0,1,6,5,2,3,53,27,2,1,1,12,4,21,7,4,8,2,4,3,2,3,5,11,49,3,44,10,55,32,11,8,3,11,3,2,9,0,2,6,11,19,21,1,9,1,3,2,63,68,0,13,2,11,59,18,22,23
"85_011. Martin Garrix - Animals (Official Video)_noise_-10dB_sample1.wav",172,13,5,96,2,11,11,14,8,14,4,4,23,3863,67,8,8,140,9,53,6,503,22,7,50,7,2,23058,13,6,6,12,10,6,482,8,14,2,49,67,2,73,3,3,3,3,17,7,4,57,30,13,10,13,14,10,28,1,7,2,13,4,6,6,6,4,11,56,3,47,10,95,9,12,4,5,6,3,4,6,7,31,1,12,8,3,6,11,7,5,13,63,74,12,5,17,11,32,15,25,8
"44_Sacred Beast_noise_-10dB_sample2.wav",180,60,6,209,9,36,19,14,7,58,6,11,28,170,116,12,9,136,6,25,22,529,22,10,309,21,8,13067,16,72,9,11,11,4,484,13,40,4,27,66,4,50,62,17,275,47,132,473,4,165,98,290,23,429,98,6,18,2,21,8,60,14,2,17,12,74,16,55,58,122,17,48,179,14,20,14,32,11451,2,135,12,7,16,119,33,8,5,34,20,30,25,66,74,25,14,81,13,44,11,22,3
"2_023. Rachel Platten - Fight Song (Official Video)_noise_-10dB_sample2.wav",168,22,8,145,106,66,24,3,38,13,2,3,79,18,159,1325,4,134,34,46,1,494,33,18,44,38,4,16535,6,4,8,15,245,67,310,110,33,1,93,63,2,47,10,15,49,6,16,1,7,25,35,22,1,38,48,2,16,55,47,23,6,13,16,19,616,64,22,43,3,44,19,156,36,24,38,20,3,8,1,7,8,42,1,57,26,14,64,36,1,2,1,58,68,1,55,20,15,41,86,24,77
"48_027. MAGIC! - Rude (Official Video)_noise_-10dB_sample2.wav",170,51,2,52,1,2,6,7,8,15,4,2,24,11,40,11,12,142,9,26,4,509,22,4,44,6,1,10668,6,3,8,11,3,3,332,5,12,630,11,62,4,40,6,2,5,8,90,4,2,7,2,5,4,11,4,4,2,0,5,4,3,1,3,4,10,3,5,46,2,52,2,13,2,4,6,2,4,2,3,23,2,8,5,12,4,4,7,5,1,14,8,59,69,29,8,2,13,33,11,32,4
"77_065. Nightcore - Ghostbusters_noise_-10dB_sample2.wav",171,7,10,8,3,4,1,75,4,13,2,3,23,13,44,3,3,138,8,24,7,495,22,3,44,7,5,12677,6,4,6,11,6,2,411,13,12,5,7,64,4,58,9,6,5,4,4,1,2,5,1,9,4,6,4,0,3,3,0,4,1,0,4,5,4,5,5,54,1,59,2,30,6,8,3,6,6,2,2,4,1,7,1,12,1,2,15,4,2,8,6,67,66,1,18,2,22,29,13,25,6
"90_064. Eurythmics, Annie Lennox, Dave Stewart - Sweet Dreams (Are Made Of This) (Official Video)_noise_-10dB_sample2.wav",186,2,1,6,0,1,1,8,4,13,4,5,23,13,45,6,8,140,3,27,3,534,23,0,46,8,3,22862,4,3,6,12,1,10,484,8,11,1,6,76,2,50,10,2,1,12,5,3,2,18,3,7,1,2,6,2,2,0,1,3,7,1,6,1,1,3,4,55,2,52,2,22,0,7,3,1,3,4,2,1,0,1,0,13,2,6,3,6,2,153,4,58,71,0,6,4,11,48,3,22,6
"28_074. American Authors - Best Day Of My Life_noise_-10dB_sample2.wav",176,26,29,48,1,2,3,24,6,15,4,2,22,11,38,9,4,1842,15,25,3,528,24,2,44,7,5,12235,18,6,10,11,8,13,386,6,12,1,8,74,4,58,20,5,14,6,4,1,3,8,3,15,14,5,12,7,4,2,1,11,2,15,5,17,21,17,6,50,28,44,29,122,5,3,3,3,14,1,2,13,1,29,6,15,3,28,4,6,2,11,4,71,66,0,4,9,12,40,3,22,6
"31_058. Rub Some Bacon on It_noise_-10dB_sample2.wav",180,26,26,880,374,529,3,41,187,13,2,17,22,202,192,30,5,153,51,44,6,478,197,54,45,291,73,14970,3,60,18,28,300,2010,469,73,146,15,40,66,47,84,3,8,344,8,13,2,8,71,63,76,1,271,321,0,26,324,20,41,17,7,13,166,7,186,32,55,9,54,168,1031,6,79,248,79,5,50,11,4,1,52,16,34,79,64,435,213,4,2,4,61,66,0,349,79,12,56,18,22,50
"11_062. Pipe Guy - HouseTranceTechno Live_noise_-10dB_sample2.wav",170,21,11,31,5,1,1,12,6,13,2,3,28,14,37,7,4,138,9,25,7,483,39,4,48,8,7,12924,10,2,4,14,1,3,484,6,11,2,8,66,4,55,6,2,3,7,9,2,26,2,7,8,1,38,8,1,4,10,2,8,3,3,6,9,9,59,12,55,4,49,6,32,3,6,9,2,6,3,2,1,12,10,3,18,2,6,4,8,6,8,2,61,66,0,7,2,47,34,7,26,14
"61_045. The Black Eyed Peas - I Gotta Feeling (Official Music Video)_noise_-10dB_sample1.wav",181,48,17,19,4,1,14,4,9,18,7,3,23,15,46,32,8,144,3,28,2,528,29,15,44,7,16,13248,5,24,3,12,16,3,477,12,11,1,54,66,22,82,6,3,2,34,6,8,4,11,63,2,4,11,5,1,4,4,13,9,40,2,5,5,44,10,11,55,3,48,9,22,91,12,9,4,3,9,2,57,1,9,3,19,6,1052,3,9,5,4,2,64,66,0,5,2,13,49,37,29,5
"78_026. Katy Perry - Firework (Official Music Video)_noise_-10dB_sample1.wav",177,10,3,10,3,1,4,5,5,15,6,3,24,12,43,24,7,153,11,23,6,521,22,3,44,8,1,13024,6,4,3,13,2,2,470,2,11,3,4,69,6,42,3,1,4,7,12,350,2,4,6,5,6,60,2,2,2,3,2,4,4,2,4,3,1,9,2,53,3,59,5,15,0,6,1,2,8,1,2,4,0,6,4,15,6,2,5,3,1,4,2,66,66,0,4,16,12,37,4,32,2
"82_A Lady_noise_-10dB_sample1.wav",195,191,9,406,7,8,81,36,8,13,5,6,24,39,120,24,8,140,12,46,10,493,34,20,48,11,21,13370,6,62,27,22,11,4,484,65,18,5,4402,86,13,61,102,6,92,35,374,332,19,53,88,114,43,95,31,11,14,6,33,5,27,7,19,24,99,23,10,53,40,168,78,216,32,6,77,48,25,35,57,21,22,24,31,65,8,20,91,32,81,17,11,57,75,2,22,48,12,52,9,22,36
"67_090. Josh Groban - You Raise Me Up (Official Music Video) [HD Remaster]_noise_-10dB_sample2.wav",250,1601,5,9,9,4,23,8,7,13,12,4,22,20,35,9,10,145,7,26,10,485,22,3,50,7,4,18928,3,12,4,13,2,4,485,13,11,2,6,71,3,64,19,3,3,9,11,7,3,23,13,18,8,88,13,4,0,2,10,4,7,3,4,4,4,26,8,55,5,44,7,133,23,6,6,2,4,15,2,15,3,6,4,11,5,4,3,7,7,4,3,59,68,2,18,3,11,35,13,25,4
"83_004. Katy Perry - Roar_noise_-10dB_sample2.wav",172,57,2,88,1,5,4,4,2,14,2,4,23,12,46,12,4,142,6,25,5,528,22,1,52,4,1,19170,4,4,4,11,23,2,492,4,11,0,14,66,2,61,28,4,2,8,14,117,3,9,29,28,4,10,15,5,586,0,6,6,10,1,3,8,2,4,6,55,13,54,3,19,3,3,2,1,2,2,5,3,1,3,9,12,8,2,2,5,1,3,10,66,75,0,13,44,12,38,2,25,5
"85_011. Martin Garrix - Animals (Official Video)_noise_-10dB_sample2.wav",173,4,2,19,1,7,2,9,4,12,2,6,23,663,48,2,3,139,12,25,11,536,22,1,48,10,4,16794,8,3,4,12,5,7,484,6,12,1,11,71,4,54,4,2,20,4,42,4,2,16,10,10,0,6,17,2,7,3,1,4,1,19,14,17,5,4,4,55,4,48,4,40,0,5,6,5,2,3,1,2,1,10,1,15,11,4,3,8,1,2,2,59,68,2,2,4,14,50,2,25,2
"99_080. Melanie Martinez - Carousel (Official Music Video)_noise_-10dB_sample2.wav",168,3,2,22,15,20,2,4,8,14,4,6,22,15,46,10,8,144,6,29,12,528,22,8,44,54,3,13539,5,3,4,16,10,18,484,13,11,2,11,71,4,50,6,1,7,8,11,8,3,10,2,2,0,7,26,1,3,11,1,4,4,70,7,4,4,11,6,1666,4,49,5,18,0,8,2,50,3,20,3,1,0,1,1,13,1,6,2,7,0,4,5,58,66,0,8,3,12,53,6,24,6
"17_084. Thomas Rhett - Crash and Burn_noise_-10dB_sample2.wav",212,2,3,5,0,7,4,7,2,15,6,27,24,11,44,23,194,140,11,25,6,528,22,9,55,4,0,13024,4,3,6,11,4,2,474,3,12,0,4,73,2,51,9,2,1,4,2,2,4,4,2,4,2,6,5,1,3,8,0,2,1,4,4,6,1,4,6,53,1,49,3,17,0,6,2,4,3,1,4,4,0,1,3,13,1,4,4,4,5,4,3,61,66,0,5,6,14,46,2,24,4
"103_037. Calvin Harris, Rihanna - This Is What You Came For (Official Video) ft. Rihanna_noise_-10dB_sample2.wav",255,22,11,462,128,226,7,27,38,12,9,2,119,50,149,17,1,136,9,22,1,438,66,15,72,72,23,21843,9,6,4,24,55,385,290,11,30,0,52,72,5,51,36,2,73,11,17,5,6,92,57,2,8,165,149,2,8,102,9,11,5,18,19,37,95,95,19,41,4,44,33,350,9,47,57,20,35,3,2,6,3,12,6,13,20,8,199,36,12,4,4,55,68,4,73,20,13,22,35,25,1655
